Ruleset,Games Historical,% Receiving Team Won Historical,% Kicking Team Won Historical,% Tie Historical,Receiving Team Advantage Historical,Season Modeled,Games Modeled,% Receiving Team Won Modeled,% Kicking Team Won Modeled,% Tie Modeled,Receiving Team Advantage Modeled
Pre 2012,191,0.5549738219895288,0.43455497382198954,0.010471204188481676,0.12041884816753928,2011,10000,0.5264,0.4282,0.0454,0.0981999999999999
2012-2015,73,0.5068493150684932,0.4383561643835616,0.0547945205479452,0.06849315068493156,2013,10000,0.4776,0.4644,0.058,0.0132
2016,14,0.42857142857142855,0.42857142857142855,0.14285714285714285,0.0,2016,10000,0.4798,0.4637,0.0565,0.0161
2017-2023,108,0.5370370370370371,0.3888888888888889,0.07407407407407407,0.1481481481481482,2021,10000,0.479,0.3837,0.1373,0.0953
2024,16,0.75,0.1875,0.0625,0.5625,2024,10000,0.527,0.3723,0.1007,0.1547
2025,17,0.5294117647058824,0.4117647058823529,0.058823529411764705,0.11764705882352944,2025,10000,0.4691,0.3938,0.1371,0.0753
