season,Go For It on Extra Points,Go For It on FG attempts,games,% Receiving Team Won,% Kicking Team Won,% Tie,Receiving Team Advantage
2025,False,False,100000,0.46649,0.39538,0.13813,0.07111
2025,True,False,100000,0.47347,0.42271,0.10382,0.05076000000000003
2025,False,True,100000,0.48209,0.40314,0.11477,0.07895000000000002
