season,games,Receiving Team,Kicking Team,TIE,Receiving Team Advantage
2011,10000,0.5264,0.4282,0.0454,0.09819999999999995
2013,10000,0.4776,0.4644,0.058,0.013200000000000045
2016,10000,0.4798,0.4637,0.0565,0.016100000000000003
2021,10000,0.479,0.3837,0.1373,0.0953
2024,10000,0.527,0.3723,0.1007,0.1547
2025,10000,0.4691,0.3938,0.1371,0.07530000000000003
