season,games,Receiving Team,Kicking Team,TIE,Receiving Team Advantage
2011,10000,0.5328,0.4172,0.05,0.11560000000000004
2013,10000,0.4834,0.4576,0.059,0.02579999999999999
2016,10000,0.4838,0.4549,0.0613,0.02889999999999998
2021,10000,0.4798,0.3925,0.1277,0.08729999999999999
2024,10000,0.5344,0.3672,0.0984,0.16719999999999996
2025,10000,0.4702,0.3938,0.136,0.07640000000000002
