extra_point_percentage,two_point_percentage
0.9683649364744941,0.48041325871717605
