extra_point_percentage,two_point_percentage
0.9646466632584844,0.479565442317641
