extra_point_percentage,two_point_percentage
0.9440630363551256,0.47619047619047616
