play_id,game_id,old_game_id,home_team,away_team,season_type,week,posteam,posteam_type,defteam,side_of_field,yardline_100,game_date,quarter_seconds_remaining,half_seconds_remaining,game_seconds_remaining,game_half,quarter_end,drive,sp,qtr,down,goal_to_go,time,yrdln,ydstogo,ydsnet,desc,play_type,yards_gained,shotgun,no_huddle,qb_dropback,qb_kneel,qb_spike,qb_scramble,pass_length,pass_location,air_yards,yards_after_catch,run_location,run_gap,field_goal_result,kick_distance,extra_point_result,two_point_conv_result,home_timeouts_remaining,away_timeouts_remaining,timeout,timeout_team,td_team,td_player_name,td_player_id,posteam_timeouts_remaining,defteam_timeouts_remaining,total_home_score,total_away_score,posteam_score,defteam_score,score_differential,posteam_score_post,defteam_score_post,score_differential_post,no_score_prob,opp_fg_prob,opp_safety_prob,opp_td_prob,fg_prob,safety_prob,td_prob,extra_point_prob,two_point_conversion_prob,ep,epa,total_home_epa,total_away_epa,total_home_rush_epa,total_away_rush_epa,total_home_pass_epa,total_away_pass_epa,air_epa,yac_epa,comp_air_epa,comp_yac_epa,total_home_comp_air_epa,total_away_comp_air_epa,total_home_comp_yac_epa,total_away_comp_yac_epa,total_home_raw_air_epa,total_away_raw_air_epa,total_home_raw_yac_epa,total_away_raw_yac_epa,wp,def_wp,home_wp,away_wp,wpa,vegas_wpa,vegas_home_wpa,home_wp_post,away_wp_post,vegas_wp,vegas_home_wp,total_home_rush_wpa,total_away_rush_wpa,total_home_pass_wpa,total_away_pass_wpa,air_wpa,yac_wpa,comp_air_wpa,comp_yac_wpa,total_home_comp_air_wpa,total_away_comp_air_wpa,total_home_comp_yac_wpa,total_away_comp_yac_wpa,total_home_raw_air_wpa,total_away_raw_air_wpa,total_home_raw_yac_wpa,total_away_raw_yac_wpa,punt_blocked,first_down_rush,first_down_pass,first_down_penalty,third_down_converted,third_down_failed,fourth_down_converted,fourth_down_failed,incomplete_pass,touchback,interception,punt_inside_twenty,punt_in_endzone,punt_out_of_bounds,punt_downed,punt_fair_catch,kickoff_inside_twenty,kickoff_in_endzone,kickoff_out_of_bounds,kickoff_downed,kickoff_fair_catch,fumble_forced,fumble_not_forced,fumble_out_of_bounds,solo_tackle,safety,penalty,tackled_for_loss,fumble_lost,own_kickoff_recovery,own_kickoff_recovery_td,qb_hit,rush_attempt,pass_attempt,sack,touchdown,pass_touchdown,rush_touchdown,return_touchdown,extra_point_attempt,two_point_attempt,field_goal_attempt,kickoff_attempt,punt_attempt,fumble,complete_pass,assist_tackle,lateral_reception,lateral_rush,lateral_return,lateral_recovery,passer_player_id,passer_player_name,passing_yards,receiver_player_id,receiver_player_name,receiving_yards,rusher_player_id,rusher_player_name,rushing_yards,lateral_receiver_player_id,lateral_receiver_player_name,lateral_receiving_yards,lateral_rusher_player_id,lateral_rusher_player_name,lateral_rushing_yards,lateral_sack_player_id,lateral_sack_player_name,interception_player_id,interception_player_name,lateral_interception_player_id,lateral_interception_player_name,punt_returner_player_id,punt_returner_player_name,lateral_punt_returner_player_id,lateral_punt_returner_player_name,kickoff_returner_player_name,kickoff_returner_player_id,lateral_kickoff_returner_player_id,lateral_kickoff_returner_player_name,punter_player_id,punter_player_name,kicker_player_name,kicker_player_id,own_kickoff_recovery_player_id,own_kickoff_recovery_player_name,blocked_player_id,blocked_player_name,tackle_for_loss_1_player_id,tackle_for_loss_1_player_name,tackle_for_loss_2_player_id,tackle_for_loss_2_player_name,qb_hit_1_player_id,qb_hit_1_player_name,qb_hit_2_player_id,qb_hit_2_player_name,forced_fumble_player_1_team,forced_fumble_player_1_player_id,forced_fumble_player_1_player_name,forced_fumble_player_2_team,forced_fumble_player_2_player_id,forced_fumble_player_2_player_name,solo_tackle_1_team,solo_tackle_2_team,solo_tackle_1_player_id,solo_tackle_2_player_id,solo_tackle_1_player_name,solo_tackle_2_player_name,assist_tackle_1_player_id,assist_tackle_1_player_name,assist_tackle_1_team,assist_tackle_2_player_id,assist_tackle_2_player_name,assist_tackle_2_team,assist_tackle_3_player_id,assist_tackle_3_player_name,assist_tackle_3_team,assist_tackle_4_player_id,assist_tackle_4_player_name,assist_tackle_4_team,tackle_with_assist,tackle_with_assist_1_player_id,tackle_with_assist_1_player_name,tackle_with_assist_1_team,tackle_with_assist_2_player_id,tackle_with_assist_2_player_name,tackle_with_assist_2_team,pass_defense_1_player_id,pass_defense_1_player_name,pass_defense_2_player_id,pass_defense_2_player_name,fumbled_1_team,fumbled_1_player_id,fumbled_1_player_name,fumbled_2_player_id,fumbled_2_player_name,fumbled_2_team,fumble_recovery_1_team,fumble_recovery_1_yards,fumble_recovery_1_player_id,fumble_recovery_1_player_name,fumble_recovery_2_team,fumble_recovery_2_yards,fumble_recovery_2_player_id,fumble_recovery_2_player_name,sack_player_id,sack_player_name,half_sack_1_player_id,half_sack_1_player_name,half_sack_2_player_id,half_sack_2_player_name,return_team,return_yards,penalty_team,penalty_player_id,penalty_player_name,penalty_yards,replay_or_challenge,replay_or_challenge_result,penalty_type,defensive_two_point_attempt,defensive_two_point_conv,defensive_extra_point_attempt,defensive_extra_point_conv,safety_player_name,safety_player_id,season,cp,cpoe,series,series_success,series_result,order_sequence,start_time,time_of_day,stadium,weather,nfl_api_id,play_clock,play_deleted,play_type_nfl,special_teams_play,st_play_type,end_clock_time,end_yard_line,fixed_drive,fixed_drive_result,drive_real_start_time,drive_play_count,drive_time_of_possession,drive_first_downs,drive_inside20,drive_ended_with_score,drive_quarter_start,drive_quarter_end,drive_yards_penalized,drive_start_transition,drive_end_transition,drive_game_clock_start,drive_game_clock_end,drive_start_yard_line,drive_end_yard_line,drive_play_id_started,drive_play_id_ended,away_score,home_score,location,result,total,spread_line,total_line,div_game,roof,surface,temp,wind,home_coach,away_coach,stadium_id,game_stadium,aborted_play,success,passer,passer_jersey_number,rusher,rusher_jersey_number,receiver,receiver_jersey_number,pass,rush,first_down,special,play,passer_id,rusher_id,receiver_id,name,jersey_number,id,fantasy_player_name,fantasy_player_id,fantasy,fantasy_id,out_of_bounds,home_opening_kickoff,qb_epa,xyac_epa,xyac_mean_yardage,xyac_median_yardage,xyac_success,xyac_fd,xpass,pass_oe,nflverse_game_id,possession_team,offense_formation,offense_personnel,defenders_in_box,defense_personnel,number_of_pass_rushers,players_on_play,offense_players,defense_players,n_offense,n_defense,ngs_air_yards,time_to_throw,was_pressure,route,defense_man_zone_type,defense_coverage_type,offense_names,defense_names,offense_positions,defense_positions,offense_numbers,defense_numbers,play_duration
1.0,2021_08_NYG_KC,2021110100,KC,NYG,REG,8,,,,,,2021-11-01,900.0,1800.0,3600.0,Half1,0.0,,0.0,1.0,,0,15:00,NYG 35,0.0,,GAME,,,0.0,0.0,,0.0,0.0,0.0,,,,,,,,,,,3.0,3.0,,,,,,,,0.0,0.0,,,,,,,0.0,0.0,0.0,0.0,0.0,0.0,0.0,0.0,0.0,1.4740977,0.0,0.0,0.0,0.0,0.0,0.0,0.0,,,,,0.0,0.0,0.0,0.0,0.0,0.0,0.0,0.0,0.5462618,0.4537382,0.5462618,0.4537382,0.0,0.0,0.0,,,0.79769236,0.79769236,0.0,0.0,0.0,0.0,,,,,0.0,0.0,0.0,0.0,0.0,0.0,0.0,0.0,,,,,,,,,,0.0,,,,,,,,,,,,,,,,,,,,,,,,,,,,,,,,,,,,,,,,,,,,,,,,,,,,,,,,,,,,,,,,,,,,,,,,,,,,,,,,,,,,,,,,,,,,,,,,,,,,,,,,,,,,,,,,,,,,,,,,,,,,,,,,,,,,,,,,,,,,,,,,,,,,0.0,,,,,,,,,2021,,,1.0,1.0,First down,1.0,"11/1/21, 20:15:34",,GEHA Field at Arrowhead Stadium,"Temp: 39° F, Humidity: 86%, Wind: Northeast 3 mph",c59968af-b37c-11eb-ba8a-ecb6fe06b3b0,0,0.0,GAME_START,0.0,,,,1.0,Turnover,,,,,,,,,,,,,,,,,,17,20,Home,3,37,10.5,53.0,0,outdoors,grass ,39.0,4.0,Andy Reid,Joe Judge,KAN00,GEHA Field at Arrowhead Stadium,0.0,0.0,,,,,,,0.0,0.0,,0.0,0.0,,,,,,,,,,,0.0,1.0,0.0,,,,,,,,2021_08_NYG_KC,,,,,,,,,,0.0,0.0,,,,,,,,,,,,,0.0
40.0,2021_08_NYG_KC,2021110100,KC,NYG,REG,8,KC,home,NYG,NYG,35.0,2021-11-01,900.0,1800.0,3600.0,Half1,0.0,1.0,0.0,1.0,,0,15:00,NYG 35,0.0,70.0,"5-G.Gano kicks 65 yards from NYG 35 to end zone, Touchback.",kickoff,0.0,0.0,0.0,0.0,0.0,0.0,0.0,,,,,,,,65.0,,,3.0,3.0,0.0,,,,,3.0,3.0,0.0,0.0,0.0,0.0,0.0,0.0,0.0,0.0,0.0046605235,0.14403701,0.0020718346,0.2260513,0.21260108,0.0038279337,0.40675035,0.0,0.0,1.4740977,0.0,0.0,0.0,0.0,0.0,0.0,0.0,,,0.0,0.0,0.0,0.0,0.0,0.0,0.0,0.0,0.0,0.0,0.5462618,0.4537382,0.5462618,0.4537382,0.0,0.0,0.0,0.5462618,0.4537382,0.79769236,0.79769236,0.0,0.0,0.0,0.0,,,0.0,0.0,0.0,0.0,0.0,0.0,0.0,0.0,0.0,0.0,0.0,0.0,0.0,0.0,0.0,0.0,0.0,0.0,0.0,1.0,0.0,0.0,0.0,0.0,0.0,0.0,0.0,0.0,0.0,0.0,0.0,0.0,0.0,0.0,0.0,0.0,0.0,0.0,0.0,0.0,0.0,0.0,0.0,0.0,0.0,0.0,0.0,0.0,0.0,0.0,0.0,0.0,1.0,0.0,0.0,0.0,0.0,0.0,0.0,0.0,0.0,,,,,,,,,,,,,,,,,,,,,,,,,,,,,,,,G.Gano,00-0026858,,,,,,,,,,,,,,,,,,,,,,,,,,,,,,,,,,,,,0.0,,,,,,,,,,,,,,,,,,,,,,,,,,,,,,,KC,0.0,,,,,0.0,,,0.0,0.0,0.0,0.0,,,2021,,,1.0,1.0,First down,40.0,"11/1/21, 20:15:34",2021-11-02T00:15:34Z,GEHA Field at Arrowhead Stadium,"Temp: 39° F, Humidity: 86%, Wind: Northeast 3 mph",c59968af-b37c-11eb-ba8a-ecb6fe06b3b0,0,0.0,KICK_OFF,1.0,,,,1.0,Turnover,2021-11-02T00:15:34Z,13.0,6:43,5.0,1.0,0.0,1.0,1.0,0.0,KICKOFF,INTERCEPTION,15:00,08:17,KC 25,NYG 5,40.0,393.0,17,20,Home,3,37,10.5,53.0,0,outdoors,grass ,39.0,4.0,Andy Reid,Joe Judge,KAN00,GEHA Field at Arrowhead Stadium,0.0,0.0,,,,,,,0.0,0.0,0.0,1.0,0.0,,,,,,,,,,,0.0,1.0,0.0,,,,,,,,2021_08_NYG_KC,NYG,,,,,,48003;48259;46916;49476;52518;46407;43880;46312;41325;42511;52591;47891;46772;45369;46169;46521;53625;46522;42460;52573;35102;41502,00-0035304;00-0034736;00-0036394;00-0032813;00-0034435;00-0036400;00-0034974;00-0034588;00-0036569;00-0036254;00-0026858,00-0035157;00-0035715;00-0034145;00-0031376;00-0031595;00-0033481;00-0034781;00-0034296;00-0034297;00-0032062;00-0030665,11.0,11.0,,,,,,,,,,,,,0.0
55.0,2021_08_NYG_KC,2021110100,KC,NYG,REG,8,KC,home,NYG,KC,75.0,2021-11-01,900.0,1800.0,3600.0,Half1,0.0,1.0,0.0,1.0,1.0,0,15:00,KC 25,10.0,70.0,(15:00) (Shotgun) 15-P.Mahomes pass short left to 10-T.Hill pushed ob at KC 35 for 10 yards (23-L.Ryan).,pass,10.0,1.0,0.0,1.0,0.0,0.0,0.0,short,left,0.0,10.0,,,,,,,3.0,3.0,0.0,,,,,3.0,3.0,0.0,0.0,0.0,0.0,0.0,0.0,0.0,0.0,0.0046605235,0.14403701,0.0020718346,0.2260513,0.21260108,0.0038279337,0.40675035,0.0,0.0,1.4740977,0.5999394,0.5999394,-0.5999394,0.0,0.0,0.5999394,-0.5999394,-0.6763471,1.2762865,-0.6763471,1.2762865,-0.6763471,0.6763471,1.2762865,-1.2762865,-0.6763471,0.6763471,1.2762865,-1.2762865,0.5462618,0.4537382,0.5462618,0.4537382,0.020128429,-0.021812677,-0.021812677,0.5663902,0.43360978,0.79769236,0.79769236,0.0,0.0,0.020128429,-0.020128429,0.0,0.020128429,0.0,0.020128429,0.0,0.0,0.020128429,-0.020128429,0.0,0.0,0.020128429,-0.020128429,0.0,0.0,1.0,0.0,0.0,0.0,0.0,0.0,0.0,0.0,0.0,0.0,0.0,0.0,0.0,0.0,0.0,0.0,0.0,0.0,0.0,0.0,0.0,0.0,1.0,0.0,0.0,0.0,0.0,0.0,0.0,0.0,0.0,1.0,0.0,0.0,0.0,0.0,0.0,0.0,0.0,0.0,0.0,0.0,0.0,1.0,0.0,0.0,0.0,0.0,0.0,00-0033873,P.Mahomes,10.0,00-0033040,T.Hill,10.0,,,,,,,,,,,,,,,,,,,,,,,,,,,,,,,,,,,,,,,,,,,,,,NYG,,00-0030411,,L.Ryan,,,,,,,,,,,,,,0.0,,,,,,,,,,,,,,,,,,,,,,,,,,,,,,,,0.0,,,,,0.0,,,0.0,0.0,0.0,0.0,,,2021,0.75115865,24.884134,1.0,1.0,First down,55.0,"11/1/21, 20:15:34",2021-11-02T00:16:07Z,GEHA Field at Arrowhead Stadium,"Temp: 39° F, Humidity: 86%, Wind: Northeast 3 mph",c59968af-b37c-11eb-ba8a-ecb6fe06b3b0,0,0.0,PASS,0.0,,,,1.0,Turnover,2021-11-02T00:15:34Z,13.0,6:43,5.0,1.0,0.0,1.0,1.0,0.0,KICKOFF,INTERCEPTION,15:00,08:17,KC 25,NYG 5,40.0,393.0,17,20,Home,3,37,10.5,53.0,0,outdoors,grass ,39.0,4.0,Andy Reid,Joe Judge,KAN00,GEHA Field at Arrowhead Stadium,0.0,1.0,P.Mahomes,15.0,,,T.Hill,10.0,1.0,0.0,1.0,0.0,1.0,00-0033873,,00-0033040,P.Mahomes,15.0,00-0033873,T.Hill,00-0033040,T.Hill,00-0033040,1.0,1.0,0.5999394,0.84701085,7.0897136,6.0,0.5227694,0.22863284,0.5459379,45.40621,2021_08_NYG_KC,KC,PISTOL,"1 RB, 1 TE, 3 WR",6.0,"2 DL, 4 LB, 5 DB",3.0,43330;43332;52518;43367;53479;46152;40011;42349;53645;53492;44822;43415;52663;43351;53655;52504;52444;46526;43454;44830;47839;40031,00-0032391;00-0034752;00-0030506;00-0036623;00-0033873;00-0032775;00-0036660;00-0036367;00-0034301;00-0033040;00-0035140,00-0033058;00-0032763;00-0036394;00-0036552;00-0031933;00-0036845;00-0036167;00-0032890;00-0036388;00-0033878;00-0030411,11.0,11.0,-0.53,1.035,False,SCREEN,ZONE_COVERAGE,COVER_4,,,,,,,26.0
79.0,2021_08_NYG_KC,2021110100,KC,NYG,REG,8,KC,home,NYG,KC,65.0,2021-11-01,874.0,1774.0,3574.0,Half1,0.0,1.0,0.0,1.0,1.0,0,14:34,KC 35,10.0,70.0,"(14:34) (Shotgun) 15-P.Mahomes pass short right to 87-T.Kelce to KC 38 for 3 yards (30-D.Holmes, 95-Q.Roche).",pass,3.0,1.0,0.0,1.0,0.0,0.0,0.0,short,right,-3.0,6.0,,,,,,,3.0,3.0,0.0,,,,,3.0,3.0,0.0,0.0,0.0,0.0,0.0,0.0,0.0,0.0,0.004682487,0.123479165,0.0017373168,0.19250806,0.23113719,0.0046192943,0.4418365,0.0,0.0,2.074037,-0.20271644,0.39722297,-0.39722297,0.0,0.0,0.39722297,-0.39722297,-0.97277397,0.7700575,-0.97277397,0.7700575,-1.649121,1.649121,2.046344,-2.046344,-1.649121,1.649121,2.046344,-2.046344,0.5663902,0.43360978,0.5663902,0.43360978,-0.0071780086,0.02992642,0.02992642,0.5592122,0.4407878,0.7758797,0.7758797,0.0,0.0,0.01295042,-0.01295042,0.0,-0.0071780086,0.0,-0.0071780086,0.0,0.0,0.01295042,-0.01295042,0.0,0.0,0.01295042,-0.01295042,0.0,0.0,0.0,0.0,0.0,0.0,0.0,0.0,0.0,0.0,0.0,0.0,0.0,0.0,0.0,0.0,0.0,0.0,0.0,0.0,0.0,0.0,0.0,0.0,0.0,0.0,0.0,0.0,0.0,0.0,0.0,0.0,0.0,1.0,0.0,0.0,0.0,0.0,0.0,0.0,0.0,0.0,0.0,0.0,0.0,1.0,1.0,0.0,0.0,0.0,0.0,00-0033873,P.Mahomes,3.0,00-0030506,T.Kelce,3.0,,,,,,,,,,,,,,,,,,,,,,,,,,,,,,,,,,,,,,,,,,,,,,,,,,,,00-0036845,Q.Roche,NYG,,,,,,,,,,1.0,00-0036394,D.Holmes,NYG,,,,,,,,,,,,,,,,,,,,,,,,,,,,,0.0,,,,,0.0,,,0.0,0.0,0.0,0.0,,,2021,0.8794318,12.056822,2.0,1.0,First down,79.0,"11/1/21, 20:15:34",2021-11-02T00:16:42Z,GEHA Field at Arrowhead Stadium,"Temp: 39° F, Humidity: 86%, Wind: Northeast 3 mph",c59968af-b37c-11eb-ba8a-ecb6fe06b3b0,0,0.0,PASS,0.0,,,,1.0,Turnover,2021-11-02T00:15:34Z,13.0,6:43,5.0,1.0,0.0,1.0,1.0,0.0,KICKOFF,INTERCEPTION,15:00,08:17,KC 25,NYG 5,40.0,393.0,17,20,Home,3,37,10.5,53.0,0,outdoors,grass ,39.0,4.0,Andy Reid,Joe Judge,KAN00,GEHA Field at Arrowhead Stadium,0.0,0.0,P.Mahomes,15.0,,,T.Kelce,87.0,1.0,0.0,0.0,0.0,1.0,00-0033873,,00-0030506,P.Mahomes,15.0,00-0033873,T.Kelce,00-0030506,T.Kelce,00-0030506,0.0,1.0,-0.20271644,1.1997483,9.934264,8.0,0.55728453,0.25383246,0.45382676,54.617325,2021_08_NYG_KC,KC,SHOTGUN,"1 RB, 1 TE, 3 WR",6.0,"2 DL, 4 LB, 5 DB",3.0,43330;43332;52518;43367;53479;46152;40011;53645;42349;53492;44822;43351;52663;53655;52504;52444;46526;43454;44830;39646;47839;40031,00-0032391;00-0034752;00-0030506;00-0036623;00-0033873;00-0036660;00-0036367;00-0034301;00-0033040;00-0029664;00-0035140,00-0033058;00-0032763;00-0036394;00-0036552;00-0036845;00-0031933;00-0032890;00-0036167;00-0036388;00-0033878;00-0030411,11.0,11.0,-3.87,2.803,False,CROSS,ZONE_COVERAGE,COVER_4,,,,,,,36.0
109.0,2021_08_NYG_KC,2021110100,KC,NYG,REG,8,KC,home,NYG,KC,62.0,2021-11-01,838.0,1738.0,3538.0,Half1,0.0,1.0,0.0,1.0,2.0,0,13:58,KC 38,7.0,70.0,(13:58) (Shotgun) 15-P.Mahomes pass short left to 10-T.Hill pushed ob at KC 47 for 9 yards (22-A.Jackson).,pass,9.0,1.0,0.0,1.0,0.0,0.0,0.0,short,left,-1.0,10.0,,,,,,,3.0,3.0,0.0,,,,,3.0,3.0,0.0,0.0,0.0,0.0,0.0,0.0,0.0,0.0,0.0051465775,0.12505807,0.001785294,0.20621404,0.2289535,0.0046389108,0.42820364,0.0,0.0,1.8713207,1.0877583,1.4849813,-1.4849813,0.0,0.0,1.4849813,-1.4849813,-0.9601868,2.047945,-0.9601868,2.047945,-2.6093078,2.6093078,4.0942893,-4.0942893,-2.6093078,2.6093078,4.0942893,-4.0942893,0.5592122,0.4407878,0.5592122,0.4407878,0.020764232,-0.0063738823,-0.0063738823,0.57997644,0.42002356,0.8058061,0.8058061,0.0,0.0,0.033714652,-0.033714652,0.0,0.020764232,0.0,0.020764232,0.0,0.0,0.033714652,-0.033714652,0.0,0.0,0.033714652,-0.033714652,0.0,0.0,1.0,0.0,0.0,0.0,0.0,0.0,0.0,0.0,0.0,0.0,0.0,0.0,0.0,0.0,0.0,0.0,0.0,0.0,0.0,0.0,0.0,0.0,1.0,0.0,0.0,0.0,0.0,0.0,0.0,0.0,0.0,1.0,0.0,0.0,0.0,0.0,0.0,0.0,0.0,0.0,0.0,0.0,0.0,1.0,0.0,0.0,0.0,0.0,0.0,00-0033873,P.Mahomes,9.0,00-0033040,T.Hill,9.0,,,,,,,,,,,,,,,,,,,,,,,,,,,,,,,,,,,,,,,,,,,,,,NYG,,00-0033878,,A.Jackson,,,,,,,,,,,,,,0.0,,,,,,,,,,,,,,,,,,,,,,,,,,,,,,,,0.0,,,,,0.0,,,0.0,0.0,0.0,0.0,,,2021,0.86586666,13.413334,2.0,1.0,First down,109.0,"11/1/21, 20:15:34",2021-11-02T00:17:15Z,GEHA Field at Arrowhead Stadium,"Temp: 39° F, Humidity: 86%, Wind: Northeast 3 mph",c59968af-b37c-11eb-ba8a-ecb6fe06b3b0,0,0.0,PASS,0.0,,,,1.0,Turnover,2021-11-02T00:15:34Z,13.0,6:43,5.0,1.0,0.0,1.0,1.0,0.0,KICKOFF,INTERCEPTION,15:00,08:17,KC 25,NYG 5,40.0,393.0,17,20,Home,3,37,10.5,53.0,0,outdoors,grass ,39.0,4.0,Andy Reid,Joe Judge,KAN00,GEHA Field at Arrowhead Stadium,0.0,1.0,P.Mahomes,15.0,,,T.Hill,10.0,1.0,0.0,1.0,0.0,1.0,00-0033873,,00-0033040,P.Mahomes,15.0,00-0033873,T.Hill,00-0033040,T.Hill,00-0033040,1.0,1.0,1.0877583,1.2247161,7.418341,6.0,0.5516014,0.37191892,0.6760503,32.39497,2021_08_NYG_KC,KC,SHOTGUN,"1 RB, 1 TE, 3 WR",6.0,"2 DL, 4 LB, 5 DB",3.0,43330;43332;52518;43367;53479;46152;40011;53645;42349;53492;44822;43351;43415;53655;52663;52504;46522;52444;46526;43454;44830;40031,00-0032391;00-0034752;00-0030506;00-0036623;00-0033873;00-0032775;00-0036660;00-0036367;00-0034297;00-0034301;00-0033040,00-0033058;00-0032763;00-0036394;00-0036552;00-0036845;00-0031933;00-0032890;00-0036167;00-0036388;00-0033878;00-0030411,11.0,11.0,-1.69,1.902,False,CROSS,ZONE_COVERAGE,COVER_3,,,,,,,28.0
138.0,2021_08_NYG_KC,2021110100,KC,NYG,REG,8,KC,home,NYG,KC,53.0,2021-11-01,810.0,1710.0,3510.0,Half1,0.0,1.0,0.0,1.0,1.0,0,13:30,KC 47,10.0,70.0,(13:30) (Shotgun) 31-Da.Williams left guard to KC 49 for 2 yards (97-D.Lawrence; 99-L.Williams).,run,2.0,1.0,0.0,0.0,0.0,0.0,0.0,,,,,left,guard,,,,,3.0,3.0,0.0,,,,,3.0,3.0,0.0,0.0,0.0,0.0,0.0,0.0,0.0,0.0,0.0048308335,0.094053105,0.0014134599,0.14041571,0.26617008,0.004670491,0.4884463,0.0,0.0,2.959079,-0.4511443,1.033837,-1.033837,-0.4511443,0.4511443,1.4849813,-1.4849813,,,0.0,0.0,-2.6093078,2.6093078,4.0942893,-4.0942893,-2.6093078,2.6093078,4.0942893,-4.0942893,0.57997644,0.42002356,0.57997644,0.42002356,-0.0134449005,-0.0031061172,-0.0031061172,0.56653154,0.43346846,0.7994322,0.7994322,-0.0134449005,0.0134449005,0.033714652,-0.033714652,,,0.0,0.0,0.0,0.0,0.033714652,-0.033714652,0.0,0.0,0.033714652,-0.033714652,0.0,0.0,0.0,0.0,0.0,0.0,0.0,0.0,0.0,0.0,0.0,0.0,0.0,0.0,0.0,0.0,0.0,0.0,0.0,0.0,0.0,0.0,0.0,0.0,0.0,0.0,0.0,0.0,0.0,0.0,0.0,0.0,1.0,0.0,0.0,0.0,0.0,0.0,0.0,0.0,0.0,0.0,0.0,0.0,0.0,0.0,1.0,0.0,0.0,0.0,0.0,,,,,,,00-0034301,Da.Williams,2.0,,,,,,,,,,,,,,,,,,,,,,,,,,,,,,,,,,,,,,,,,,,,,,,,,00-0035683,D.Lawrence,NYG,00-0031933,L.Williams,NYG,,,,,,,0.0,,,,,,,,,,,,,,,,,,,,,,,,,,,,,,,,0.0,,,,,0.0,,,0.0,0.0,0.0,0.0,,,2021,,,3.0,1.0,First down,138.0,"11/1/21, 20:15:34",2021-11-02T00:17:49Z,GEHA Field at Arrowhead Stadium,"Temp: 39° F, Humidity: 86%, Wind: Northeast 3 mph",c59968af-b37c-11eb-ba8a-ecb6fe06b3b0,0,0.0,RUSH,0.0,,,,1.0,Turnover,2021-11-02T00:15:34Z,13.0,6:43,5.0,1.0,0.0,1.0,1.0,0.0,KICKOFF,INTERCEPTION,15:00,08:17,KC 25,NYG 5,40.0,393.0,17,20,Home,3,37,10.5,53.0,0,outdoors,grass ,39.0,4.0,Andy Reid,Joe Judge,KAN00,GEHA Field at Arrowhead Stadium,0.0,0.0,,,Da.Williams,31.0,,,0.0,1.0,0.0,0.0,1.0,,00-0034301,,Da.Williams,31.0,00-0034301,Da.Williams,00-0034301,Da.Williams,00-0034301,0.0,1.0,-0.4511443,,,,,,0.48884007,-48.884007,2021_08_NYG_KC,KC,SHOTGUN,"1 RB, 1 TE, 3 WR",6.0,"2 DL, 4 LB, 5 DB",,43330;52518;43367;53479;46152;40011;42349;53645;53492;44822;43415;43351;53655;52663;47800;52504;52444;46526;43454;44830;47839;40031,00-0032391;00-0034752;00-0030506;00-0036623;00-0033873;00-0032775;00-0036660;00-0036367;00-0034301;00-0033040;00-0035140,00-0033058;00-0036394;00-0036552;00-0031933;00-0036845;00-0032890;00-0036167;00-0035683;00-0036388;00-0033878;00-0030411,11.0,11.0,,,,,,,,,,,,,37.0
159.0,2021_08_NYG_KC,2021110100,KC,NYG,REG,8,KC,home,NYG,KC,51.0,2021-11-01,773.0,1673.0,3473.0,Half1,0.0,1.0,0.0,1.0,2.0,0,12:53,KC 49,8.0,70.0,(12:53) (Shotgun) 15-P.Mahomes pass short middle to 13-B.Pringle to NYG 39 for 12 yards (20-J.Love; 33-A.Robinson).,pass,12.0,1.0,0.0,1.0,0.0,0.0,0.0,short,middle,8.0,4.0,,,,,,,3.0,3.0,0.0,,,,,3.0,3.0,0.0,0.0,0.0,0.0,0.0,0.0,0.0,0.0,0.005197162,0.105691895,0.0013193284,0.16373786,0.26708564,0.0052439114,0.4517242,0.0,0.0,2.5079348,1.233853,2.26769,-2.26769,-0.4511443,0.4511443,2.7188342,-2.7188342,0.90812916,0.32572377,0.90812916,0.32572377,-1.7011787,1.7011787,4.420013,-4.420013,-1.7011787,1.7011787,4.420013,-4.420013,0.56653154,0.43346846,0.56653154,0.43346846,0.04871273,0.045681894,0.045681894,0.61524427,0.38475573,0.7963261,0.7963261,-0.0134449005,0.0134449005,0.08242738,-0.08242738,0.0,0.04871273,0.0,0.04871273,0.0,0.0,0.08242738,-0.08242738,0.0,0.0,0.08242738,-0.08242738,0.0,0.0,1.0,0.0,0.0,0.0,0.0,0.0,0.0,0.0,0.0,0.0,0.0,0.0,0.0,0.0,0.0,0.0,0.0,0.0,0.0,0.0,0.0,0.0,0.0,0.0,0.0,0.0,0.0,0.0,0.0,0.0,0.0,1.0,0.0,0.0,0.0,0.0,0.0,0.0,0.0,0.0,0.0,0.0,0.0,1.0,1.0,0.0,0.0,0.0,0.0,00-0033873,P.Mahomes,12.0,00-0034297,B.Pringle,12.0,,,,,,,,,,,,,,,,,,,,,,,,,,,,,,,,,,,,,,,,,,,,,,,,,,,,00-0034974,J.Love,NYG,00-0036899,A.Robinson,NYG,,,,,,,0.0,,,,,,,,,,,,,,,,,,,,,,,,,,,,,,,,0.0,,,,,0.0,,,0.0,0.0,0.0,0.0,,,2021,0.7101895,28.981049,3.0,1.0,First down,159.0,"11/1/21, 20:15:34",2021-11-02T00:18:26Z,GEHA Field at Arrowhead Stadium,"Temp: 39° F, Humidity: 86%, Wind: Northeast 3 mph",c59968af-b37c-11eb-ba8a-ecb6fe06b3b0,0,0.0,PASS,0.0,,,,1.0,Turnover,2021-11-02T00:15:34Z,13.0,6:43,5.0,1.0,0.0,1.0,1.0,0.0,KICKOFF,INTERCEPTION,15:00,08:17,KC 25,NYG 5,40.0,393.0,17,20,Home,3,37,10.5,53.0,0,outdoors,grass ,39.0,4.0,Andy Reid,Joe Judge,KAN00,GEHA Field at Arrowhead Stadium,0.0,1.0,P.Mahomes,15.0,,,B.Pringle,13.0,1.0,0.0,1.0,0.0,1.0,00-0033873,,00-0034297,P.Mahomes,15.0,00-0033873,B.Pringle,00-0034297,B.Pringle,00-0034297,0.0,1.0,1.233853,0.36348122,4.5716853,3.0,0.99742585,0.9831365,0.72716695,27.283304,2021_08_NYG_KC,KC,EMPTY,"1 RB, 1 TE, 3 WR",4.0,"2 DL, 3 LB, 6 DB",4.0,53479;43367;46152;40011;53645;42349;47891;53492;44822;43415;53655;43351;52663;52504;47800;46522;52444;53500;44830;46526;47839;40031,00-0032391;00-0034752;00-0030506;00-0036623;00-0033873;00-0032775;00-0036660;00-0036367;00-0034297;00-0034301;00-0035140,00-0036552;00-0036845;00-0031933;00-0034974;00-0032890;00-0036167;00-0035683;00-0036388;00-0036899;00-0033878;00-0030411,11.0,11.0,6.79,1.534,False,SLANT,ZONE_COVERAGE,COVER_4,,,,,,,39.0
183.0,2021_08_NYG_KC,2021110100,KC,NYG,REG,8,KC,home,NYG,NYG,39.0,2021-11-01,734.0,1634.0,3434.0,Half1,0.0,1.0,0.0,1.0,1.0,0,12:14,NYG 39,10.0,70.0,(12:14) 15-P.Mahomes pass short left to 31-Da.Williams pushed ob at NYG 32 for 7 yards (24-J.Bradberry).,pass,7.0,0.0,0.0,1.0,0.0,0.0,0.0,short,left,1.0,6.0,,,,,,,3.0,3.0,0.0,,,,,3.0,3.0,0.0,0.0,0.0,0.0,0.0,0.0,0.0,0.0,0.0046984856,0.061738066,0.0009866159,0.09748176,0.30363837,0.003952912,0.5275038,0.0,0.0,3.7417877,0.32793355,2.5956235,-2.5956235,-0.4511443,0.4511443,3.0467677,-3.0467677,-0.5505393,0.87847286,-0.5505393,0.87847286,-2.251718,2.251718,5.2984858,-5.2984858,-2.251718,2.251718,5.2984858,-5.2984858,0.61524427,0.38475573,0.61524427,0.38475573,0.018887281,-0.0159415,-0.0159415,0.63413155,0.36586845,0.842008,0.842008,-0.0134449005,0.0134449005,0.101314664,-0.101314664,0.0,0.018887281,0.0,0.018887281,0.0,0.0,0.101314664,-0.101314664,0.0,0.0,0.101314664,-0.101314664,0.0,0.0,0.0,0.0,0.0,0.0,0.0,0.0,0.0,0.0,0.0,0.0,0.0,0.0,0.0,0.0,0.0,0.0,0.0,0.0,0.0,0.0,0.0,0.0,1.0,0.0,0.0,0.0,0.0,0.0,0.0,0.0,0.0,1.0,0.0,0.0,0.0,0.0,0.0,0.0,0.0,0.0,0.0,0.0,0.0,1.0,0.0,0.0,0.0,0.0,0.0,00-0033873,P.Mahomes,7.0,00-0034301,Da.Williams,7.0,,,,,,,,,,,,,,,,,,,,,,,,,,,,,,,,,,,,,,,,,,,,,,NYG,,00-0032890,,J.Bradberry,,,,,,,,,,,,,,0.0,,,,,,,,,,,,,,,,,,,,,,,,,,,,,,,,0.0,,,,,0.0,,,0.0,0.0,0.0,0.0,,,2021,0.81815517,18.184483,4.0,1.0,First down,183.0,"11/1/21, 20:15:34",2021-11-02T00:19:05Z,GEHA Field at Arrowhead Stadium,"Temp: 39° F, Humidity: 86%, Wind: Northeast 3 mph",c59968af-b37c-11eb-ba8a-ecb6fe06b3b0,0,0.0,PASS,0.0,,,,1.0,Turnover,2021-11-02T00:15:34Z,13.0,6:43,5.0,1.0,0.0,1.0,1.0,0.0,KICKOFF,INTERCEPTION,15:00,08:17,KC 25,NYG 5,40.0,393.0,17,20,Home,3,37,10.5,53.0,0,outdoors,grass ,39.0,4.0,Andy Reid,Joe Judge,KAN00,GEHA Field at Arrowhead Stadium,0.0,1.0,P.Mahomes,15.0,,,Da.Williams,31.0,1.0,0.0,0.0,0.0,1.0,00-0033873,,00-0034301,P.Mahomes,15.0,00-0033873,Da.Williams,00-0034301,Da.Williams,00-0034301,1.0,1.0,0.32793355,0.75338334,6.2365565,5.0,0.52394044,0.24500895,0.4941504,50.58496,2021_08_NYG_KC,KC,SINGLEBACK,"1 RB, 3 TE, 1 WR",6.0,"2 DL, 4 LB, 5 DB",4.0,43330;43332;52518;43367;53479;46152;40011;53645;53492;44822;43351;53591;53655;52663;47800;52504;46522;52444;42460;46526;44830;40031,00-0032391;00-0034752;00-0030506;00-0036623;00-0033873;00-0036637;00-0036660;00-0036367;00-0034297;00-0032062;00-0034301,00-0033058;00-0032763;00-0036394;00-0036552;00-0036845;00-0032890;00-0036167;00-0035683;00-0036388;00-0033878;00-0030411,11.0,11.0,-0.16,3.437,False,FLAT,ZONE_COVERAGE,COVER_2,,,,,,,32.0
212.0,2021_08_NYG_KC,2021110100,KC,NYG,REG,8,KC,home,NYG,NYG,32.0,2021-11-01,702.0,1602.0,3402.0,Half1,0.0,1.0,0.0,1.0,2.0,0,11:42,NYG 32,3.0,70.0,(11:42) (Shotgun) 15-P.Mahomes pass short right to 10-T.Hill pushed ob at NYG 32 for no gain (22-A.Jackson).,pass,0.0,1.0,0.0,1.0,0.0,0.0,0.0,short,right,-3.0,3.0,,,,,,,3.0,3.0,0.0,,,,,3.0,3.0,0.0,0.0,0.0,0.0,0.0,0.0,0.0,0.0,0.004081248,0.050010934,0.00066602434,0.075955756,0.33109972,0.0015654223,0.5366209,0.0,0.0,4.069721,-0.6857408,1.9098827,-1.9098827,-0.4511443,0.4511443,2.361027,-2.361027,-1.336771,0.65103024,-1.336771,0.65103024,-3.588489,3.588489,5.949516,-5.949516,-3.588489,3.588489,5.949516,-5.949516,0.63413155,0.36586845,0.63413155,0.36586845,-0.026389182,-0.008737385,-0.008737385,0.60774237,0.39225763,0.8260665,0.8260665,-0.0134449005,0.0134449005,0.07492548,-0.07492548,0.0,-0.026389182,0.0,-0.026389182,0.0,0.0,0.07492548,-0.07492548,0.0,0.0,0.07492548,-0.07492548,0.0,0.0,0.0,0.0,0.0,0.0,0.0,0.0,0.0,0.0,0.0,0.0,0.0,0.0,0.0,0.0,0.0,0.0,0.0,0.0,0.0,0.0,0.0,0.0,1.0,0.0,0.0,0.0,0.0,0.0,0.0,0.0,0.0,1.0,0.0,0.0,0.0,0.0,0.0,0.0,0.0,0.0,0.0,0.0,0.0,1.0,0.0,0.0,0.0,0.0,0.0,00-0033873,P.Mahomes,0.0,00-0033040,T.Hill,0.0,,,,,,,,,,,,,,,,,,,,,,,,,,,,,,,,,,,,,,,,,,,,,,NYG,,00-0033878,,A.Jackson,,,,,,,,,,,,,,0.0,,,,,,,,,,,,,,,,,,,,,,,,,,,,,,,,0.0,,,,,0.0,,,0.0,0.0,0.0,0.0,,,2021,0.87252784,12.747216,4.0,1.0,First down,212.0,"11/1/21, 20:15:34",2021-11-02T00:19:42Z,GEHA Field at Arrowhead Stadium,"Temp: 39° F, Humidity: 86%, Wind: Northeast 3 mph",c59968af-b37c-11eb-ba8a-ecb6fe06b3b0,0,0.0,PASS,0.0,,,,1.0,Turnover,2021-11-02T00:15:34Z,13.0,6:43,5.0,1.0,0.0,1.0,1.0,0.0,KICKOFF,INTERCEPTION,15:00,08:17,KC 25,NYG 5,40.0,393.0,17,20,Home,3,37,10.5,53.0,0,outdoors,grass ,39.0,4.0,Andy Reid,Joe Judge,KAN00,GEHA Field at Arrowhead Stadium,0.0,0.0,P.Mahomes,15.0,,,T.Hill,10.0,1.0,0.0,0.0,0.0,1.0,00-0033873,,00-0033040,P.Mahomes,15.0,00-0033873,T.Hill,00-0033040,T.Hill,00-0033040,1.0,1.0,-0.6857408,1.4520847,8.630896,7.0,0.611002,0.611002,0.3890078,61.09922,2021_08_NYG_KC,KC,EMPTY,"1 RB, 1 TE, 3 WR",6.0,"2 DL, 4 LB, 5 DB",2.0,43330;43332;52518;43367;53479;46152;53645;41325;53492;44822;53591;53655;52663;43351;47800;52504;46522;52444;43454;44830;47839;40031,00-0032391;00-0034752;00-0031376;00-0036623;00-0033873;00-0036637;00-0036660;00-0036367;00-0034297;00-0033040;00-0035140,00-0033058;00-0032763;00-0036394;00-0036552;00-0036845;00-0036167;00-0032890;00-0035683;00-0036388;00-0033878;00-0030411,11.0,11.0,-3.13,1.201,False,SCREEN,ZONE_COVERAGE,COVER_4,,,,,,,28.0
241.0,2021_08_NYG_KC,2021110100,KC,NYG,REG,8,KC,home,NYG,NYG,32.0,2021-11-01,674.0,1574.0,3374.0,Half1,0.0,1.0,0.0,1.0,3.0,0,11:14,NYG 32,3.0,70.0,(11:14) (Shotgun) 15-P.Mahomes pass short left to 17-M.Hardman to NYG 17 for 15 yards (29-X.McKinney; 22-A.Jackson).,pass,15.0,1.0,0.0,1.0,0.0,0.0,0.0,short,left,6.0,9.0,,,,,,,3.0,3.0,0.0,,,,,3.0,3.0,0.0,0.0,0.0,0.0,0.0,0.0,0.0,0.0,0.004898638,0.062317573,0.0007308788,0.102238595,0.37804174,0.0016935586,0.45007896,0.0,0.0,3.3839805,1.684206,3.5940886,-3.5940886,-0.4511443,0.4511443,4.045233,-4.045233,1.1605417,0.52366436,1.1605417,0.52366436,-2.4279473,2.4279473,6.4731803,-6.4731803,-2.4279473,2.4279473,6.4731803,-6.4731803,0.60774237,0.39225763,0.60774237,0.39225763,0.05199033,0.025818408,0.025818408,0.6597327,0.3402673,0.8173291,0.8173291,-0.0134449005,0.0134449005,0.12691581,-0.12691581,0.0,0.05199033,0.0,0.05199033,0.0,0.0,0.12691581,-0.12691581,0.0,0.0,0.12691581,-0.12691581,0.0,0.0,1.0,0.0,1.0,0.0,0.0,0.0,0.0,0.0,0.0,0.0,0.0,0.0,0.0,0.0,0.0,0.0,0.0,0.0,0.0,0.0,0.0,0.0,0.0,0.0,0.0,0.0,0.0,0.0,0.0,0.0,0.0,1.0,0.0,0.0,0.0,0.0,0.0,0.0,0.0,0.0,0.0,0.0,0.0,1.0,1.0,0.0,0.0,0.0,0.0,00-0033873,P.Mahomes,15.0,00-0035140,M.Hardman,15.0,,,,,,,,,,,,,,,,,,,,,,,,,,,,,,,,,,,,,,,,,,,,,,,,,,,,00-0036388,X.McKinney,NYG,00-0033878,A.Jackson,NYG,,,,,,,0.0,,,,,,,,,,,,,,,,,,,,,,,,,,,,,,,,0.0,,,,,0.0,,,0.0,0.0,0.0,0.0,,,2021,0.68833727,31.166273,4.0,1.0,First down,241.0,"11/1/21, 20:15:34",2021-11-02T00:20:19Z,GEHA Field at Arrowhead Stadium,"Temp: 39° F, Humidity: 86%, Wind: Northeast 3 mph",c59968af-b37c-11eb-ba8a-ecb6fe06b3b0,0,0.0,PASS,0.0,,,,1.0,Turnover,2021-11-02T00:15:34Z,13.0,6:43,5.0,1.0,0.0,1.0,1.0,0.0,KICKOFF,INTERCEPTION,15:00,08:17,KC 25,NYG 5,40.0,393.0,17,20,Home,3,37,10.5,53.0,0,outdoors,grass ,39.0,4.0,Andy Reid,Joe Judge,KAN00,GEHA Field at Arrowhead Stadium,0.0,1.0,P.Mahomes,15.0,,,M.Hardman,17.0,1.0,0.0,1.0,0.0,1.0,00-0033873,,00-0035140,P.Mahomes,15.0,00-0033873,M.Hardman,00-0035140,M.Hardman,00-0035140,0.0,1.0,1.684206,0.24744926,3.6529295,1.0,0.9991732,0.9991732,0.8456855,15.431452,2021_08_NYG_KC,KC,SHOTGUN,"1 RB, 1 TE, 3 WR",6.0,"2 DL, 4 LB, 5 DB",4.0,43330;43332;52518;43367;53479;46152;40011;41325;53645;53492;44822;43351;52663;53655;47800;52504;52444;43454;44830;39646;47839;40031,00-0032391;00-0034752;00-0030506;00-0031376;00-0036623;00-0033873;00-0036660;00-0036367;00-0033040;00-0029664;00-0035140,00-0033058;00-0032763;00-0036394;00-0036552;00-0036845;00-0032890;00-0036167;00-0035683;00-0036388;00-0033878;00-0030411,11.0,11.0,5.35,1.669,False,HITCH,ZONE_COVERAGE,COVER_2,,,,,,,42.0
265.0,2021_08_NYG_KC,2021110100,KC,NYG,REG,8,KC,home,NYG,NYG,17.0,2021-11-01,632.0,1532.0,3332.0,Half1,0.0,1.0,0.0,1.0,1.0,0,10:32,NYG 17,10.0,70.0,(10:32) (Shotgun) 15-P.Mahomes scrambles left end to NYG 12 for 5 yards (24-J.Bradberry).,run,5.0,1.0,0.0,1.0,0.0,0.0,1.0,,,,,left,end,,,,,3.0,3.0,0.0,,,,,3.0,3.0,0.0,0.0,0.0,0.0,0.0,0.0,0.0,0.0,0.00262684,0.022950174,0.00044934684,0.031114161,0.3101295,0.0007527369,0.63197726,0.0,0.0,5.0681863,0.028087327,3.622176,-3.622176,-0.423057,0.423057,4.045233,-4.045233,,,0.0,0.0,-2.4279473,2.4279473,6.4731803,-6.4731803,-2.4279473,2.4279473,6.4731803,-6.4731803,0.6597327,0.3402673,0.6597327,0.3402673,0.0029880404,0.011190712,0.011190712,0.66272074,0.33727926,0.8431475,0.8431475,-0.01045686,0.01045686,0.12691581,-0.12691581,,,0.0,0.0,0.0,0.0,0.12691581,-0.12691581,0.0,0.0,0.12691581,-0.12691581,0.0,0.0,0.0,0.0,0.0,0.0,0.0,0.0,0.0,0.0,0.0,0.0,0.0,0.0,0.0,0.0,0.0,0.0,0.0,0.0,0.0,0.0,0.0,0.0,1.0,0.0,0.0,0.0,0.0,0.0,0.0,0.0,1.0,0.0,0.0,0.0,0.0,0.0,0.0,0.0,0.0,0.0,0.0,0.0,0.0,0.0,0.0,0.0,0.0,0.0,0.0,,,,,,,00-0033873,P.Mahomes,5.0,,,,,,,,,,,,,,,,,,,,,,,,,,,,,,,,,,,,,,,,,,,NYG,,00-0032890,,J.Bradberry,,,,,,,,,,,,,,0.0,,,,,,,,,,,,,,,,,,,,,,,,,,,,,,,,0.0,,,,,0.0,,,0.0,0.0,0.0,0.0,,,2021,,,5.0,1.0,First down,265.0,"11/1/21, 20:15:34",2021-11-02T00:21:01Z,GEHA Field at Arrowhead Stadium,"Temp: 39° F, Humidity: 86%, Wind: Northeast 3 mph",c59968af-b37c-11eb-ba8a-ecb6fe06b3b0,0,0.0,RUSH,0.0,,,,1.0,Turnover,2021-11-02T00:15:34Z,13.0,6:43,5.0,1.0,0.0,1.0,1.0,0.0,KICKOFF,INTERCEPTION,15:00,08:17,KC 25,NYG 5,40.0,393.0,17,20,Home,3,37,10.5,53.0,0,outdoors,grass ,39.0,4.0,Andy Reid,Joe Judge,KAN00,GEHA Field at Arrowhead Stadium,0.0,1.0,P.Mahomes,15.0,,15.0,,,1.0,0.0,0.0,0.0,1.0,00-0033873,,,P.Mahomes,15.0,00-0033873,P.Mahomes,00-0033873,P.Mahomes,00-0033873,0.0,1.0,0.028087327,,,,,,0.42442822,57.55718,2021_08_NYG_KC,KC,SHOTGUN,"1 RB, 1 TE, 3 WR",5.0,"2 DL, 4 LB, 5 DB",4.0,43330;52518;43367;53479;46152;40011;42349;53645;53492;44822;43415;43351;53655;52663;52504;47800;46522;52444;43454;44830;46526;40031,00-0032391;00-0034752;00-0030506;00-0036623;00-0033873;00-0032775;00-0036660;00-0036367;00-0034297;00-0033040;00-0034301,00-0033058;00-0036394;00-0036552;00-0031933;00-0036845;00-0032890;00-0036167;00-0035683;00-0036388;00-0033878;00-0030411,11.0,11.0,,,,,,,,,,,,,43.0
286.0,2021_08_NYG_KC,2021110100,KC,NYG,REG,8,KC,home,NYG,NYG,12.0,2021-11-01,589.0,1489.0,3289.0,Half1,0.0,1.0,0.0,1.0,2.0,0,09:49,NYG 12,5.0,70.0,(9:49) (Shotgun) 15-P.Mahomes pass short middle to 10-T.Hill pushed ob at NYG 7 for 5 yards (48-T.Crowder).,pass,5.0,1.0,0.0,1.0,0.0,0.0,0.0,short,middle,-3.0,8.0,,,,,,,3.0,3.0,0.0,,,,,3.0,3.0,0.0,0.0,0.0,0.0,0.0,0.0,0.0,0.0,0.0018031072,0.0149256345,0.00042469124,0.028298484,0.33455116,0.00072852295,0.6192684,0.0,0.0,5.096274,0.5603552,4.1825314,-4.1825314,-0.423057,0.423057,4.605588,-4.605588,-1.2065368,1.766892,-1.2065368,1.766892,-3.634484,3.634484,8.240072,-8.240072,-3.634484,3.634484,8.240072,-8.240072,0.66272074,0.33727926,0.66272074,0.33727926,0.021497428,0.021224141,0.021224141,0.68421817,0.31578183,0.8543382,0.8543382,-0.01045686,0.01045686,0.14841324,-0.14841324,0.0,0.021497428,0.0,0.021497428,0.0,0.0,0.14841324,-0.14841324,0.0,0.0,0.14841324,-0.14841324,0.0,0.0,1.0,0.0,0.0,0.0,0.0,0.0,0.0,0.0,0.0,0.0,0.0,0.0,0.0,0.0,0.0,0.0,0.0,0.0,0.0,0.0,0.0,0.0,1.0,0.0,0.0,0.0,0.0,0.0,0.0,0.0,0.0,1.0,0.0,0.0,0.0,0.0,0.0,0.0,0.0,0.0,0.0,0.0,0.0,1.0,0.0,0.0,0.0,0.0,0.0,00-0033873,P.Mahomes,5.0,00-0033040,T.Hill,5.0,,,,,,,,,,,,,,,,,,,,,,,,,,,,,,,,,,,,,,,,,,,,,,NYG,,00-0036167,,T.Crowder,,,,,,,,,,,,,,0.0,,,,,,,,,,,,,,,,,,,,,,,,,,,,,,,,0.0,,,,,0.0,,,0.0,0.0,0.0,0.0,,,2021,0.8308983,16.910172,5.0,1.0,First down,286.0,"11/1/21, 20:15:34",2021-11-02T00:21:44Z,GEHA Field at Arrowhead Stadium,"Temp: 39° F, Humidity: 86%, Wind: Northeast 3 mph",c59968af-b37c-11eb-ba8a-ecb6fe06b3b0,0,0.0,PASS,0.0,,,,1.0,Turnover,2021-11-02T00:15:34Z,13.0,6:43,5.0,1.0,0.0,1.0,1.0,0.0,KICKOFF,INTERCEPTION,15:00,08:17,KC 25,NYG 5,40.0,393.0,17,20,Home,3,37,10.5,53.0,0,outdoors,grass ,39.0,4.0,Andy Reid,Joe Judge,KAN00,GEHA Field at Arrowhead Stadium,0.0,1.0,P.Mahomes,15.0,,,T.Hill,10.0,1.0,0.0,1.0,0.0,1.0,00-0033873,,00-0033040,P.Mahomes,15.0,00-0033873,T.Hill,00-0033040,T.Hill,00-0033040,1.0,1.0,0.5603552,1.415974,7.3099346,7.0,0.54980797,0.45681778,0.51303774,48.696224,2021_08_NYG_KC,KC,SHOTGUN,"1 RB, 1 TE, 3 WR",6.0,"3 DL, 3 LB, 5 DB",3.0,43330;43332;52518;43367;53479;46152;40011;42349;53492;44822;43351;43415;53655;52663;47800;52504;46522;52444;43454;44830;46526;40031,00-0032391;00-0034752;00-0030506;00-0036623;00-0033873;00-0032775;00-0036660;00-0036367;00-0034297;00-0033040;00-0034301,00-0033058;00-0032763;00-0036394;00-0036552;00-0031933;00-0032890;00-0036167;00-0035683;00-0036388;00-0033878;00-0030411,11.0,11.0,-3.12,0.868,False,CROSS,ZONE_COVERAGE,COVER_2,,,,,,,40.0
315.0,2021_08_NYG_KC,2021110100,KC,NYG,REG,8,KC,home,NYG,NYG,7.0,2021-11-01,549.0,1449.0,3249.0,Half1,0.0,1.0,0.0,1.0,1.0,1,09:09,NYG 7,7.0,70.0,(9:09) (Shotgun) 31-Da.Williams up the middle to NYG 5 for 2 yards (97-D.Lawrence; 55-R.Ragland).,run,2.0,1.0,0.0,0.0,0.0,0.0,0.0,,,,,middle,,,,,,3.0,3.0,0.0,,,,,3.0,3.0,0.0,0.0,0.0,0.0,0.0,0.0,0.0,0.0,0.0016894492,0.012676182,0.0003596366,0.017961755,0.23671746,0.0006424399,0.7299531,0.0,0.0,5.656629,-0.13363346,4.0488977,-4.0488977,-0.55669045,0.55669045,4.605588,-4.605588,,,0.0,0.0,-3.634484,3.634484,8.240072,-8.240072,-3.634484,3.634484,8.240072,-8.240072,0.68421817,0.31578183,0.68421817,0.31578183,-0.012064815,-0.011349261,-0.011349261,0.67215335,0.32784665,0.87556237,0.87556237,-0.022521675,0.022521675,0.14841324,-0.14841324,,,0.0,0.0,0.0,0.0,0.14841324,-0.14841324,0.0,0.0,0.14841324,-0.14841324,0.0,0.0,0.0,0.0,0.0,0.0,0.0,0.0,0.0,0.0,0.0,0.0,0.0,0.0,0.0,0.0,0.0,0.0,0.0,0.0,0.0,0.0,0.0,0.0,0.0,0.0,0.0,0.0,0.0,0.0,0.0,0.0,1.0,0.0,0.0,0.0,0.0,0.0,0.0,0.0,0.0,0.0,0.0,0.0,0.0,0.0,1.0,0.0,0.0,0.0,0.0,,,,,,,00-0034301,Da.Williams,2.0,,,,,,,,,,,,,,,,,,,,,,,,,,,,,,,,,,,,,,,,,,,,,,,,,00-0035683,D.Lawrence,NYG,00-0033058,R.Ragland,NYG,,,,,,,0.0,,,,,,,,,,,,,,,,,,,,,,,,,,,,,,,,0.0,,,,,0.0,,,0.0,0.0,0.0,0.0,,,2021,,,6.0,0.0,Turnover,315.0,"11/1/21, 20:15:34",2021-11-02T00:22:29Z,GEHA Field at Arrowhead Stadium,"Temp: 39° F, Humidity: 86%, Wind: Northeast 3 mph",c59968af-b37c-11eb-ba8a-ecb6fe06b3b0,0,0.0,RUSH,0.0,,,,1.0,Turnover,2021-11-02T00:15:34Z,13.0,6:43,5.0,1.0,0.0,1.0,1.0,0.0,KICKOFF,INTERCEPTION,15:00,08:17,KC 25,NYG 5,40.0,393.0,17,20,Home,3,37,10.5,53.0,0,outdoors,grass ,39.0,4.0,Andy Reid,Joe Judge,KAN00,GEHA Field at Arrowhead Stadium,0.0,0.0,,,Da.Williams,31.0,,,0.0,1.0,0.0,0.0,1.0,,00-0034301,,Da.Williams,31.0,00-0034301,Da.Williams,00-0034301,Da.Williams,00-0034301,0.0,1.0,-0.13363346,,,,,,0.40939018,-40.93902,2021_08_NYG_KC,KC,SHOTGUN,"1 RB, 1 TE, 3 WR",6.0,"3 DL, 3 LB, 5 DB",,43330;43332;52518;43367;53479;46152;40011;42349;53492;44822;43351;43415;52663;53655;47800;52504;46522;52444;46526;43454;44830;40031,00-0032391;00-0034752;00-0030506;00-0036623;00-0033873;00-0032775;00-0036660;00-0036367;00-0034297;00-0034301;00-0033040,00-0033058;00-0032763;00-0036394;00-0036552;00-0031933;00-0032890;00-0036167;00-0035683;00-0036388;00-0033878;00-0030411,11.0,11.0,,,,,,,,,,,,,37.0
336.0,2021_08_NYG_KC,2021110100,KC,NYG,REG,8,KC,home,NYG,NYG,5.0,2021-11-01,512.0,1412.0,3212.0,Half1,0.0,1.0,0.0,1.0,2.0,1,08:32,NYG 5,5.0,70.0,(8:32) (Shotgun) Direct snap to 87-T.Kelce. 15-P.Mahomes pass incomplete short right to 10-T.Hill.,pass,0.0,1.0,0.0,1.0,0.0,0.0,0.0,short,right,5.0,,,,,,,,3.0,3.0,0.0,,,,,3.0,3.0,0.0,0.0,0.0,0.0,0.0,0.0,0.0,0.0,0.0018937252,0.012722149,0.00037042826,0.01943721,0.26433823,0.000743853,0.7004944,0.0,0.0,5.5229955,-0.9451124,3.1037853,-3.1037853,-0.55669045,0.55669045,3.6604757,-3.6604757,1.4770045,-2.422117,0.0,0.0,-3.634484,3.634484,8.240072,-8.240072,-2.1574795,2.1574795,5.817955,-5.817955,0.67215335,0.32784665,0.67215335,0.32784665,-0.013965189,-0.013776064,-0.013776064,0.65818816,0.34181184,0.8642131,0.8642131,-0.022521675,0.022521675,0.13444805,-0.13444805,0.0,-0.013965189,0.0,0.0,0.0,0.0,0.14841324,-0.14841324,0.0,0.0,0.13444805,-0.13444805,0.0,0.0,0.0,0.0,0.0,0.0,0.0,0.0,1.0,0.0,0.0,0.0,0.0,0.0,0.0,0.0,0.0,0.0,0.0,0.0,0.0,0.0,0.0,0.0,0.0,0.0,0.0,0.0,0.0,0.0,0.0,0.0,0.0,1.0,0.0,0.0,0.0,0.0,0.0,0.0,0.0,0.0,0.0,0.0,0.0,0.0,0.0,0.0,0.0,0.0,0.0,00-0033873,P.Mahomes,,00-0033040,T.Hill,,,,,,,,,,,,,,,,,,,,,,,,,,,,,,,,,,,,,,,,,,,,,,,,,,,,,,,,,,,,,,,,,0.0,,,,,,,,,,,,,,,,,,,,,,,,,,,,,,,,0.0,,,,,0.0,,,0.0,0.0,0.0,0.0,,,2021,0.42499676,-42.499676,6.0,0.0,Turnover,336.0,"11/1/21, 20:15:34",2021-11-02T00:23:09Z,GEHA Field at Arrowhead Stadium,"Temp: 39° F, Humidity: 86%, Wind: Northeast 3 mph",c59968af-b37c-11eb-ba8a-ecb6fe06b3b0,0,0.0,PASS,0.0,,,,1.0,Turnover,2021-11-02T00:15:34Z,13.0,6:43,5.0,1.0,0.0,1.0,1.0,0.0,KICKOFF,INTERCEPTION,15:00,08:17,KC 25,NYG 5,40.0,393.0,17,20,Home,3,37,10.5,53.0,0,outdoors,grass ,39.0,4.0,Andy Reid,Joe Judge,KAN00,GEHA Field at Arrowhead Stadium,0.0,0.0,P.Mahomes,15.0,,,T.Hill,87.0,1.0,0.0,0.0,0.0,1.0,00-0033873,,00-0033040,P.Mahomes,15.0,00-0033873,T.Hill,00-0033040,T.Hill,00-0033040,0.0,1.0,-0.9451124,,,,,,0.6139533,38.60467,2021_08_NYG_KC,KC,WILDCAT,"1 RB, 2 TE, 2 WR",7.0,"3 DL, 3 LB, 5 DB",3.0,43330;43332;52518;43367;53479;46152;40011;42349;53492;44822;43351;43415;53655;52663;47800;52504;52444;42460;44830;46526;43454;40031,00-0032391;00-0034752;00-0030506;00-0036623;00-0033873;00-0032775;00-0036660;00-0036367;00-0032062;00-0034301;00-0033040,00-0033058;00-0032763;00-0036394;00-0036552;00-0031933;00-0032890;00-0036167;00-0035683;00-0036388;00-0033878;00-0030411,11.0,11.0,7.32,2.836,True,OUT,ZONE_COVERAGE,COVER_4,,,,,,,5.0
376.0,2021_08_NYG_KC,2021110100,KC,NYG,REG,8,,,,,,2021-11-01,507.0,1407.0,3207.0,Half1,0.0,1.0,0.0,1.0,,0,08:27,NYG 5,0.0,70.0,Timeout #1 by NYG at 08:27.,no_play,0.0,0.0,0.0,0.0,0.0,0.0,0.0,,,,,,,,,,,3.0,2.0,1.0,NYG,,,,,,0.0,0.0,,,,,,,0.0,0.0,0.0,0.0,0.0,0.0,0.0,0.0,0.0,4.5778832,0.0,3.1037853,-3.1037853,-0.55669045,0.55669045,3.6604757,-3.6604757,,,0.0,0.0,-3.634484,3.634484,8.240072,-8.240072,-2.1574795,2.1574795,5.817955,-5.817955,0.65818816,0.34181184,0.65818816,0.34181184,0.0,0.0,0.0,,,0.85043705,0.85043705,-0.022521675,0.022521675,0.13444805,-0.13444805,,,0.0,0.0,0.0,0.0,0.14841324,-0.14841324,0.0,0.0,0.13444805,-0.13444805,0.0,0.0,0.0,0.0,0.0,0.0,0.0,0.0,0.0,0.0,0.0,0.0,0.0,0.0,0.0,0.0,0.0,0.0,0.0,0.0,0.0,0.0,0.0,0.0,0.0,0.0,0.0,0.0,0.0,0.0,0.0,0.0,0.0,0.0,0.0,0.0,0.0,0.0,0.0,0.0,0.0,0.0,0.0,0.0,0.0,0.0,0.0,0.0,0.0,0.0,0.0,,,,,,,,,,,,,,,,,,,,,,,,,,,,,,,,,,,,,,,,,,,,,,,,,,,,,,,,,,,,,,,,,,,,,,0.0,,,,,,,,,,,,,,,,,,,,,,,,,,,,,,,,0.0,,,,,0.0,,,0.0,0.0,0.0,0.0,,,2021,,,6.0,0.0,Turnover,376.0,"11/1/21, 20:15:34",2021-11-02T00:24:01Z,GEHA Field at Arrowhead Stadium,"Temp: 39° F, Humidity: 86%, Wind: Northeast 3 mph",c59968af-b37c-11eb-ba8a-ecb6fe06b3b0,0,0.0,TIMEOUT,0.0,,,,1.0,Turnover,2021-11-02T00:15:34Z,13.0,6:43,5.0,1.0,0.0,1.0,1.0,0.0,KICKOFF,INTERCEPTION,15:00,08:17,KC 25,NYG 5,40.0,393.0,17,20,Home,3,37,10.5,53.0,0,outdoors,grass ,39.0,4.0,Andy Reid,Joe Judge,KAN00,GEHA Field at Arrowhead Stadium,0.0,0.0,,,,,,,0.0,0.0,0.0,0.0,0.0,,,,,,,,,,,0.0,1.0,0.0,,,,,,,,2021_08_NYG_KC,,,,,,,,,,0.0,0.0,,,,,,,,,,,,,0.0
393.0,2021_08_NYG_KC,2021110100,KC,NYG,REG,8,KC,home,NYG,NYG,5.0,2021-11-01,507.0,1407.0,3207.0,Half1,0.0,1.0,0.0,1.0,3.0,1,08:27,NYG 5,5.0,70.0,(8:27) (Shotgun) 15-P.Mahomes pass short right intended for 19-J.Gordon INTERCEPTED by 20-J.Love at NYG -1. Touchback.,pass,0.0,1.0,0.0,1.0,0.0,0.0,0.0,short,right,5.0,,,,,,,,3.0,2.0,0.0,,,,,3.0,2.0,0.0,0.0,0.0,0.0,0.0,0.0,0.0,0.0,0.0025290218,0.01721707,0.00044720847,0.023826485,0.47253188,0.0009039323,0.48254436,0.0,0.0,4.5778832,-4.699414,-1.5956287,1.5956287,-0.55669045,0.55669045,-1.0389383,1.0389383,2.422117,-7.121531,0.0,0.0,-3.634484,3.634484,8.240072,-8.240072,0.2646374,-0.2646374,-1.3035758,1.3035758,0.65818816,0.34181184,0.65818816,0.34181184,-0.12574357,-0.08522475,-0.08522475,0.5324446,0.4675554,0.85043705,0.85043705,-0.022521675,0.022521675,0.0087044835,-0.0087044835,0.0,-0.12574357,0.0,0.0,0.0,0.0,0.14841324,-0.14841324,0.0,0.0,0.0087044835,-0.0087044835,0.0,0.0,0.0,0.0,0.0,1.0,0.0,0.0,0.0,1.0,1.0,0.0,0.0,0.0,0.0,0.0,0.0,0.0,0.0,0.0,0.0,0.0,0.0,0.0,0.0,0.0,0.0,0.0,0.0,0.0,0.0,0.0,0.0,1.0,0.0,0.0,0.0,0.0,0.0,0.0,0.0,0.0,0.0,0.0,0.0,0.0,0.0,0.0,0.0,0.0,0.0,00-0033873,P.Mahomes,,00-0029664,J.Gordon,,,,,,,,,,,,,00-0034974,J.Love,,,,,,,,,,,,,,,,,,,,,,,,,,,,,,,,,,,,,,,,,,,,,,,,,,,0.0,,,,,,,00-0034974,J.Love,,,,,,,,,,,,,,,,,,,,,,,NYG,0.0,,,,,0.0,,,0.0,0.0,0.0,0.0,,,2021,0.41160554,-41.160553,6.0,0.0,Turnover,393.0,"11/1/21, 20:15:34",2021-11-02T00:24:42Z,GEHA Field at Arrowhead Stadium,"Temp: 39° F, Humidity: 86%, Wind: Northeast 3 mph",c59968af-b37c-11eb-ba8a-ecb6fe06b3b0,0,0.0,INTERCEPTION,0.0,,,,1.0,Turnover,2021-11-02T00:15:34Z,13.0,6:43,5.0,1.0,0.0,1.0,1.0,0.0,KICKOFF,INTERCEPTION,15:00,08:17,KC 25,NYG 5,40.0,393.0,17,20,Home,3,37,10.5,53.0,0,outdoors,grass ,39.0,4.0,Andy Reid,Joe Judge,KAN00,GEHA Field at Arrowhead Stadium,0.0,0.0,P.Mahomes,15.0,,,J.Gordon,19.0,1.0,0.0,0.0,0.0,1.0,00-0033873,,00-0029664,P.Mahomes,15.0,00-0033873,J.Gordon,00-0029664,J.Gordon,00-0029664,0.0,1.0,-4.699414,,,,,,0.9600859,3.9914072,2021_08_NYG_KC,KC,SHOTGUN,"1 RB, 1 TE, 3 WR",6.0,"1 DL, 4 LB, 6 DB",2.0,43367;53479;46152;40011;41325;53645;42349;52591;47891;53492;44822;52663;53655;43351;52504;46522;52444;53500;43454;44830;39646;40031,00-0032391;00-0034752;00-0030506;00-0031376;00-0036623;00-0033873;00-0036660;00-0036367;00-0034297;00-0033040;00-0029664,00-0036552;00-0036845;00-0031933;00-0036400;00-0034974;00-0036167;00-0032890;00-0036388;00-0036899;00-0033878;00-0030411,11.0,11.0,5.97,6.006,False,CROSS,ZONE_COVERAGE,COVER_2,,,,,,,10.0
420.0,2021_08_NYG_KC,2021110100,KC,NYG,REG,8,NYG,away,KC,NYG,80.0,2021-11-01,497.0,1397.0,3197.0,Half1,0.0,2.0,0.0,1.0,1.0,0,08:17,NYG 20,10.0,2.0,(8:17) (Shotgun) 28-D.Booker right guard to NYG 22 for 2 yards (90-J.Reed; 55-F.Clark).,run,2.0,1.0,0.0,0.0,0.0,0.0,0.0,,,,,right,guard,,,,,3.0,2.0,0.0,,,,,2.0,3.0,0.0,0.0,0.0,0.0,0.0,0.0,0.0,0.0,0.015843486,0.15974164,0.0020879463,0.30841783,0.20303345,0.0042746495,0.306601,0.0,0.0,0.12153096,-0.61151266,-0.9841161,0.9841161,0.05482219,-0.05482219,-1.0389383,1.0389383,,,0.0,0.0,-3.634484,3.634484,8.240072,-8.240072,0.2646374,-0.2646374,-1.3035758,1.3035758,0.4675554,0.5324446,0.5324446,0.4675554,0.008192986,0.011811018,-0.011811018,0.5242516,0.4757484,0.2347877,0.7652123,-0.03071466,0.03071466,0.0087044835,-0.0087044835,,,0.0,0.0,0.0,0.0,0.14841324,-0.14841324,0.0,0.0,0.0087044835,-0.0087044835,0.0,0.0,0.0,0.0,0.0,0.0,0.0,0.0,0.0,0.0,0.0,0.0,0.0,0.0,0.0,0.0,0.0,0.0,0.0,0.0,0.0,0.0,0.0,0.0,0.0,0.0,0.0,0.0,0.0,0.0,0.0,0.0,1.0,0.0,0.0,0.0,0.0,0.0,0.0,0.0,0.0,0.0,0.0,0.0,0.0,0.0,1.0,0.0,0.0,0.0,0.0,,,,,,,00-0032972,D.Booker,2.0,,,,,,,,,,,,,,,,,,,,,,,,,,,,,,,,,,,,,,,,,,,,,,,,,00-0032387,J.Reed,KC,00-0032210,F.Clark,KC,,,,,,,0.0,,,,,,,,,,,,,,,,,,,,,,,,,,,,,,,,0.0,,,,,0.0,,,0.0,0.0,0.0,0.0,,,2021,,,7.0,0.0,Turnover,420.0,"11/1/21, 20:15:34",2021-11-02T00:27:50Z,GEHA Field at Arrowhead Stadium,"Temp: 39° F, Humidity: 86%, Wind: Northeast 3 mph",c59968af-b37c-11eb-ba8a-ecb6fe06b3b0,0,0.0,RUSH,0.0,,,,2.0,Turnover,2021-11-02T00:27:50Z,2.0,0:40,0.0,0.0,0.0,1.0,1.0,0.0,INTERCEPTION,INTERCEPTION,08:17,07:37,NYG 20,NYG 22,420.0,441.0,17,20,Home,3,37,10.5,53.0,0,outdoors,grass ,39.0,4.0,Andy Reid,Joe Judge,KAN00,GEHA Field at Arrowhead Stadium,0.0,0.0,,,D.Booker,28.0,,,0.0,1.0,0.0,0.0,1.0,,00-0032972,,D.Booker,28.0,00-0032972,D.Booker,00-0032972,D.Booker,00-0032972,0.0,1.0,-0.61151266,,,,,,0.46442255,-46.442257,2021_08_NYG_KC,NYG,SHOTGUN,"1 RB, 1 TE, 3 WR",6.0,"4 DL, 2 LB, 5 DB",,46144;43425;43329;52546;37090;44835;46757;47846;42406;53449;43338;46090;47789;43695;53487;47984;40017;47954;46103;52471;52507;43326,00-0032972;00-0032385;00-0027955;00-0033881;00-0036913;00-0034762;00-0035710;00-0032575;00-0035535;00-0034346;00-0036392,00-0034818;00-0036374;00-0034573;00-0035625;00-0032210;00-0032387;00-0036621;00-0035147;00-0030459;00-0036362;00-0032762,11.0,11.0,,,,,,,,,,,,,34.0
441.0,2021_08_NYG_KC,2021110100,KC,NYG,REG,8,NYG,away,KC,NYG,78.0,2021-11-01,463.0,1363.0,3163.0,Half1,0.0,2.0,0.0,1.0,2.0,0,07:43,NYG 22,8.0,2.0,"(7:43) (No Huddle, Shotgun) 8-D.Jones pass short left intended for 86-D.Slayton INTERCEPTED by 50-W.Gay at NYG 26. 50-W.Gay to NYG 13 for 13 yards (28-D.Booker).",pass,0.0,1.0,1.0,1.0,0.0,0.0,0.0,short,left,4.0,,,,,,,,3.0,2.0,0.0,,,,,2.0,3.0,0.0,0.0,0.0,0.0,0.0,0.0,0.0,0.0,0.01815425,0.17226255,0.0020861933,0.3466305,0.1870522,0.004093016,0.26972133,0.0,0.0,-0.48998168,-4.7763605,3.7922444,-3.7922444,0.05482219,-0.05482219,3.7374222,-3.7374222,-0.02064598,-4.7557144,0.0,0.0,-3.634484,3.634484,8.240072,-8.240072,0.2852834,-0.2852834,3.452139,-3.452139,0.4757484,0.5242516,0.5242516,0.4757484,-0.14391997,-0.111596465,0.111596465,0.6681716,0.33182842,0.24659872,0.7534013,-0.03071466,0.03071466,0.15262446,-0.15262446,0.0,-0.14391997,0.0,0.0,0.0,0.0,0.14841324,-0.14841324,0.0,0.0,0.15262446,-0.15262446,0.0,0.0,0.0,0.0,0.0,0.0,0.0,0.0,0.0,0.0,1.0,0.0,0.0,0.0,0.0,0.0,0.0,0.0,0.0,0.0,0.0,0.0,0.0,0.0,1.0,0.0,0.0,0.0,0.0,0.0,0.0,0.0,0.0,1.0,0.0,0.0,0.0,0.0,0.0,0.0,0.0,0.0,0.0,0.0,0.0,0.0,0.0,0.0,0.0,0.0,0.0,00-0035710,D.Jones,,00-0035535,D.Slayton,,,,,,,,,,,,,00-0036362,W.Gay,,,,,,,,,,,,,,,,,,,,,,,,,,,,,,,,,NYG,,00-0032972,,D.Booker,,,,,,,,,,,,,,0.0,,,,,,,00-0036362,W.Gay,,,,,,,,,,,,,,,,,,,,,,,KC,13.0,,,,,0.0,,,0.0,0.0,0.0,0.0,,,2021,0.7680597,-76.80597,7.0,0.0,Turnover,441.0,"11/1/21, 20:15:34",2021-11-02T00:28:22Z,GEHA Field at Arrowhead Stadium,"Temp: 39° F, Humidity: 86%, Wind: Northeast 3 mph",c59968af-b37c-11eb-ba8a-ecb6fe06b3b0,0,0.0,INTERCEPTION,0.0,,,,2.0,Turnover,2021-11-02T00:27:50Z,2.0,0:40,0.0,0.0,0.0,1.0,1.0,0.0,INTERCEPTION,INTERCEPTION,08:17,07:37,NYG 20,NYG 22,420.0,441.0,17,20,Home,3,37,10.5,53.0,0,outdoors,grass ,39.0,4.0,Andy Reid,Joe Judge,KAN00,GEHA Field at Arrowhead Stadium,0.0,0.0,D.Jones,8.0,,,D.Slayton,86.0,1.0,0.0,0.0,0.0,1.0,00-0035710,,00-0035535,D.Jones,8.0,00-0035710,D.Slayton,00-0035535,D.Slayton,00-0035535,0.0,1.0,-4.7763605,0.7568218,4.1503186,2.0,0.7778527,0.3754807,0.64443856,35.556145,2021_08_NYG_KC,NYG,SHOTGUN,"1 RB, 1 TE, 3 WR",6.0,"4 DL, 2 LB, 5 DB",4.0,46144;43425;43329;52546;37090;44835;46757;47846;42406;46090;43338;47789;43695;53487;47984;40017;47954;44821;46103;52471;52507;43326,00-0032972;00-0032385;00-0027955;00-0033881;00-0034762;00-0035710;00-0032575;00-0035535;00-0033460;00-0034346;00-0036392,00-0034818;00-0036374;00-0034573;00-0035625;00-0032210;00-0032387;00-0036621;00-0035147;00-0030459;00-0036362;00-0032762,11.0,11.0,5.49,1.902,False,HITCH,ZONE_COVERAGE,COVER_2,,,,,,,6.0
467.0,2021_08_NYG_KC,2021110100,KC,NYG,REG,8,KC,home,NYG,NYG,13.0,2021-11-01,457.0,1357.0,3157.0,Half1,0.0,3.0,0.0,1.0,1.0,0,07:37,NYG 13,10.0,13.0,"(7:37) (Shotgun) 40-D.Gore up the middle to NYG 3 for 10 yards (22-A.Jackson, 29-X.McKinney).",run,10.0,1.0,0.0,0.0,0.0,0.0,0.0,,,,,middle,,,,,,3.0,2.0,0.0,,,,,3.0,2.0,0.0,0.0,0.0,0.0,0.0,0.0,0.0,0.0,0.0024063822,0.014349986,0.00041979115,0.025423953,0.30246252,0.0007499319,0.65418744,0.0,0.0,5.266342,0.99854887,4.7907934,-4.7907934,1.0533711,-1.0533711,3.7374222,-3.7374222,,,0.0,0.0,-3.634484,3.634484,8.240072,-8.240072,0.2852834,-0.2852834,3.452139,-3.452139,0.6681716,0.33182842,0.6681716,0.33182842,0.0335958,0.009093285,0.009093285,0.7017674,0.29823261,0.86499774,0.86499774,0.0028811395,-0.0028811395,0.15262446,-0.15262446,,,0.0,0.0,0.0,0.0,0.14841324,-0.14841324,0.0,0.0,0.15262446,-0.15262446,0.0,1.0,0.0,0.0,0.0,0.0,0.0,0.0,0.0,0.0,0.0,0.0,0.0,0.0,0.0,0.0,0.0,0.0,0.0,0.0,0.0,0.0,0.0,0.0,0.0,0.0,0.0,0.0,0.0,0.0,0.0,0.0,1.0,0.0,0.0,0.0,0.0,0.0,0.0,0.0,0.0,0.0,0.0,0.0,0.0,0.0,1.0,0.0,0.0,0.0,0.0,,,,,,,00-0035715,D.Gore,10.0,,,,,,,,,,,,,,,,,,,,,,,,,,,,,,,,,,,,,,,,,,,,,,,,,00-0036388,X.McKinney,NYG,,,,,,,,,,1.0,00-0033878,A.Jackson,NYG,,,,,,,,,,,,,,,,,,,,,,,,,,,,,0.0,,,,,0.0,,,0.0,0.0,0.0,0.0,,,2021,,,8.0,1.0,First down,467.0,"11/1/21, 20:15:34",2021-11-02T00:29:18Z,GEHA Field at Arrowhead Stadium,"Temp: 39° F, Humidity: 86%, Wind: Northeast 3 mph",c59968af-b37c-11eb-ba8a-ecb6fe06b3b0,0,0.0,RUSH,0.0,,,,3.0,Touchdown,2021-11-02T00:29:18Z,4.0,1:25,2.0,1.0,1.0,1.0,1.0,0.0,INTERCEPTION,TOUCHDOWN,07:37,06:12,NYG 13,NYG 6,467.0,556.0,17,20,Home,3,37,10.5,53.0,0,outdoors,grass ,39.0,4.0,Andy Reid,Joe Judge,KAN00,GEHA Field at Arrowhead Stadium,0.0,1.0,,,D.Gore,40.0,,,0.0,1.0,1.0,0.0,1.0,,00-0035715,,D.Gore,40.0,00-0035715,D.Gore,00-0035715,D.Gore,00-0035715,0.0,1.0,0.99854887,,,,,,0.40722394,-40.722393,2021_08_NYG_KC,KC,SHOTGUN,"1 RB, 1 TE, 3 WR",6.0,"3 DL, 3 LB, 5 DB",,43330;49476;43332;52518;43367;46983;53479;46152;40011;42349;53492;44822;43415;52663;53655;47800;52504;46522;52444;43454;44830;40031,00-0035715;00-0032391;00-0034752;00-0030506;00-0036623;00-0033873;00-0032775;00-0036660;00-0036367;00-0034297;00-0033040,00-0033058;00-0032763;00-0036394;00-0034839;00-0036552;00-0031933;00-0036167;00-0035683;00-0036388;00-0033878;00-0030411,11.0,11.0,,,,,,,,,,,,,35.0
488.0,2021_08_NYG_KC,2021110100,KC,NYG,REG,8,KC,home,NYG,NYG,3.0,2021-11-01,422.0,1322.0,3122.0,Half1,0.0,3.0,0.0,1.0,1.0,1,07:02,NYG 3,3.0,13.0,"(7:02) (Shotgun) 40-D.Gore right guard to NYG 6 for -3 yards (99-L.Williams, 98-A.Johnson).",run,-3.0,1.0,0.0,0.0,0.0,0.0,0.0,,,,,right,guard,,,,,3.0,2.0,0.0,,,,,3.0,2.0,0.0,0.0,0.0,0.0,0.0,0.0,0.0,0.0,0.0016532647,0.008726661,0.0002593014,0.012028365,0.115286455,0.00087846856,0.86116743,0.0,0.0,6.264891,-0.96081144,3.829982,-3.829982,0.09255961,-0.09255961,3.7374222,-3.7374222,,,0.0,0.0,-3.634484,3.634484,8.240072,-8.240072,0.2852834,-0.2852834,3.452139,-3.452139,0.7017674,0.29823261,0.7017674,0.29823261,-0.024562597,-0.03314215,-0.03314215,0.6772048,0.3227952,0.874091,0.874091,-0.021681458,0.021681458,0.15262446,-0.15262446,,,0.0,0.0,0.0,0.0,0.14841324,-0.14841324,0.0,0.0,0.15262446,-0.15262446,0.0,0.0,0.0,0.0,0.0,0.0,0.0,0.0,0.0,0.0,0.0,0.0,0.0,0.0,0.0,0.0,0.0,0.0,0.0,0.0,0.0,0.0,0.0,0.0,0.0,0.0,0.0,1.0,0.0,0.0,0.0,0.0,1.0,0.0,0.0,0.0,0.0,0.0,0.0,0.0,0.0,0.0,0.0,0.0,0.0,0.0,1.0,0.0,0.0,0.0,0.0,,,,,,,00-0035715,D.Gore,-3.0,,,,,,,,,,,,,,,,,,,,,,,,,,,,,00-0031933,L.Williams,,,,,,,,,,,,,,,,,,,00-0032763,A.Johnson,NYG,,,,,,,,,,1.0,00-0031933,L.Williams,NYG,,,,,,,,,,,,,,,,,,,,,,,,,,,,,0.0,,,,,0.0,,,0.0,0.0,0.0,0.0,,,2021,,,9.0,1.0,Touchdown,488.0,"11/1/21, 20:15:34",2021-11-02T00:29:53Z,GEHA Field at Arrowhead Stadium,"Temp: 39° F, Humidity: 86%, Wind: Northeast 3 mph",c59968af-b37c-11eb-ba8a-ecb6fe06b3b0,0,0.0,RUSH,0.0,,,,3.0,Touchdown,2021-11-02T00:29:18Z,4.0,1:25,2.0,1.0,1.0,1.0,1.0,0.0,INTERCEPTION,TOUCHDOWN,07:37,06:12,NYG 13,NYG 6,467.0,556.0,17,20,Home,3,37,10.5,53.0,0,outdoors,grass ,39.0,4.0,Andy Reid,Joe Judge,KAN00,GEHA Field at Arrowhead Stadium,0.0,0.0,,,D.Gore,40.0,,,0.0,1.0,0.0,0.0,1.0,,00-0035715,,D.Gore,40.0,00-0035715,D.Gore,00-0035715,D.Gore,00-0035715,0.0,1.0,-0.96081144,,,,,,0.3721168,-37.21168,2021_08_NYG_KC,KC,SHOTGUN,"1 RB, 2 TE, 2 WR",7.0,"3 DL, 3 LB, 5 DB",,43330;43332;49476;52518;43367;53479;46152;40011;42349;53492;44822;43351;53655;52663;47800;52504;46522;52444;42460;43454;44830;40031,00-0035715;00-0032391;00-0034752;00-0030506;00-0036623;00-0033873;00-0036660;00-0036367;00-0034297;00-0032062;00-0033040,00-0033058;00-0032763;00-0036394;00-0036552;00-0031933;00-0032890;00-0036167;00-0035683;00-0036388;00-0033878;00-0030411,11.0,11.0,,,,,,,,,,,,,39.0
509.0,2021_08_NYG_KC,2021110100,KC,NYG,REG,8,KC,home,NYG,NYG,6.0,2021-11-01,383.0,1283.0,3083.0,Half1,0.0,3.0,0.0,1.0,2.0,1,06:23,NYG 6,6.0,13.0,(6:23) (Shotgun) 15-P.Mahomes pass incomplete short right.,pass,0.0,1.0,0.0,1.0,0.0,0.0,0.0,short,right,-2.0,,,,,,,,3.0,2.0,0.0,,,,,3.0,2.0,0.0,0.0,0.0,0.0,0.0,0.0,0.0,0.0,0.0025800455,0.0143730715,0.00038492697,0.019733593,0.31273526,0.0006906888,0.6495024,0.0,0.0,5.3040795,-0.9380407,2.8919413,-2.8919413,0.09255961,-0.09255961,2.7993817,-2.7993817,-1.1200264,0.18198569,0.0,0.0,-3.634484,3.634484,8.240072,-8.240072,-0.83474296,0.83474296,3.6341245,-3.6341245,0.6772048,0.3227952,0.6772048,0.3227952,-0.016449511,-0.008006275,-0.008006275,0.6607553,0.33924472,0.8409489,0.8409489,-0.021681458,0.021681458,0.13617495,-0.13617495,0.0,-0.016449511,0.0,0.0,0.0,0.0,0.14841324,-0.14841324,0.0,0.0,0.13617495,-0.13617495,0.0,0.0,0.0,0.0,0.0,0.0,0.0,0.0,1.0,0.0,0.0,0.0,0.0,0.0,0.0,0.0,0.0,0.0,0.0,0.0,0.0,0.0,0.0,0.0,0.0,0.0,0.0,0.0,0.0,0.0,0.0,0.0,0.0,1.0,0.0,0.0,0.0,0.0,0.0,0.0,0.0,0.0,0.0,0.0,0.0,0.0,0.0,0.0,0.0,0.0,0.0,00-0033873,P.Mahomes,,,,,,,,,,,,,,,,,,,,,,,,,,,,,,,,,,,,,,,,,,,,,,,,,,,,,,,,,,,,,,,,,,,,0.0,,,,,,,,,,,,,,,,,,,,,,,,,,,,,,,,0.0,,,,,0.0,,,0.0,0.0,0.0,0.0,,,2021,,,9.0,1.0,Touchdown,509.0,"11/1/21, 20:15:34",2021-11-02T00:30:32Z,GEHA Field at Arrowhead Stadium,"Temp: 39° F, Humidity: 86%, Wind: Northeast 3 mph",c59968af-b37c-11eb-ba8a-ecb6fe06b3b0,0,0.0,PASS,0.0,,,,3.0,Touchdown,2021-11-02T00:29:18Z,4.0,1:25,2.0,1.0,1.0,1.0,1.0,0.0,INTERCEPTION,TOUCHDOWN,07:37,06:12,NYG 13,NYG 6,467.0,556.0,17,20,Home,3,37,10.5,53.0,0,outdoors,grass ,39.0,4.0,Andy Reid,Joe Judge,KAN00,GEHA Field at Arrowhead Stadium,0.0,0.0,P.Mahomes,15.0,,,,,1.0,0.0,0.0,0.0,1.0,00-0033873,,,P.Mahomes,15.0,00-0033873,,,,,0.0,1.0,-0.9380407,,,,,,0.6567475,34.32525,2021_08_NYG_KC,KC,SHOTGUN,"1 RB, 1 TE, 3 WR",6.0,"3 DL, 3 LB, 5 DB",3.0,43330;43332;49476;52518;43367;53479;46152;40011;42349;53492;44822;43351;53655;52663;47800;52504;52444;43454;44830;39646;47839;40031,00-0035715;00-0032391;00-0034752;00-0030506;00-0036623;00-0033873;00-0036660;00-0036367;00-0033040;00-0029664;00-0035140,00-0033058;00-0032763;00-0036394;00-0036552;00-0031933;00-0032890;00-0036167;00-0035683;00-0036388;00-0033878;00-0030411,11.0,11.0,,3.704,False,,ZONE_COVERAGE,COVER_2,,,,,,,4.0
531.0,2021_08_NYG_KC,2021110100,KC,NYG,REG,8,KC,home,NYG,NYG,6.0,2021-11-01,379.0,1279.0,3079.0,Half1,0.0,3.0,1.0,1.0,3.0,1,06:19,NYG 6,6.0,13.0,"(6:19) (Shotgun) 15-P.Mahomes pass short middle to 10-T.Hill for 6 yards, TOUCHDOWN.",pass,6.0,1.0,0.0,1.0,0.0,0.0,0.0,short,middle,6.0,0.0,,,,,,,3.0,2.0,0.0,,KC,T.Hill,00-0033040,3.0,2.0,6.0,0.0,0.0,0.0,0.0,6.0,0.0,6.0,0.0030836267,0.017983805,0.00046083122,0.025438769,0.5170337,0.0008224545,0.4351768,0.0,0.0,4.3660393,2.633961,5.5259023,-5.5259023,0.09255961,-0.09255961,5.4333425,-5.4333425,2.633961,0.0,2.633961,0.0,-1.0005231,1.0005231,8.240072,-8.240072,1.7992179,-1.7992179,3.6341245,-3.6341245,0.6607553,0.33924472,0.6607553,0.33924472,0.039616928,0.06639474,0.06639474,0.7003722,0.29962778,0.8329426,0.8329426,-0.021681458,0.021681458,0.17579187,-0.17579187,0.039616928,0.0,0.039616928,0.0,0.039616928,-0.039616928,0.14841324,-0.14841324,0.039616928,-0.039616928,0.13617495,-0.13617495,0.0,0.0,1.0,0.0,1.0,0.0,0.0,0.0,0.0,0.0,0.0,0.0,0.0,0.0,0.0,0.0,0.0,0.0,0.0,0.0,0.0,0.0,0.0,0.0,0.0,0.0,0.0,0.0,0.0,0.0,0.0,0.0,0.0,1.0,0.0,1.0,1.0,0.0,0.0,0.0,0.0,0.0,0.0,0.0,0.0,1.0,0.0,0.0,0.0,0.0,0.0,00-0033873,P.Mahomes,6.0,00-0033040,T.Hill,6.0,,,,,,,,,,,,,,,,,,,,,,,,,,,,,,,,,,,,,,,,,,,,,,,,,,,,,,,,,,,,,,,,0.0,,,,,,,,,,,,,,,,,,,,,,,,,,,,,,,,0.0,,,,,0.0,,,0.0,0.0,0.0,0.0,,,2021,0.45822993,54.177006,9.0,1.0,Touchdown,531.0,"11/1/21, 20:15:34",2021-11-02T00:31:11Z,GEHA Field at Arrowhead Stadium,"Temp: 39° F, Humidity: 86%, Wind: Northeast 3 mph",c59968af-b37c-11eb-ba8a-ecb6fe06b3b0,0,0.0,PASS,0.0,,,,3.0,Touchdown,2021-11-02T00:29:18Z,4.0,1:25,2.0,1.0,1.0,1.0,1.0,0.0,INTERCEPTION,TOUCHDOWN,07:37,06:12,NYG 13,NYG 6,467.0,556.0,17,20,Home,3,37,10.5,53.0,0,outdoors,grass ,39.0,4.0,Andy Reid,Joe Judge,KAN00,GEHA Field at Arrowhead Stadium,0.0,1.0,P.Mahomes,15.0,,,T.Hill,10.0,1.0,0.0,1.0,0.0,1.0,00-0033873,,00-0033040,P.Mahomes,15.0,00-0033873,T.Hill,00-0033040,T.Hill,00-0033040,0.0,1.0,2.633961,,,,,,0.9694882,3.0511796,2021_08_NYG_KC,KC,SHOTGUN,"1 RB, 1 TE, 3 WR",7.0,"1 DL, 4 LB, 6 DB",3.0,43367;53479;46152;40011;41325;53645;42349;52591;47891;53492;44822;53655;52663;43351;52504;46522;52444;53500;43454;44830;47839;40031,00-0032391;00-0034752;00-0030506;00-0031376;00-0036623;00-0033873;00-0036660;00-0036367;00-0034297;00-0033040;00-0035140,00-0036552;00-0036845;00-0031933;00-0036400;00-0034974;00-0036167;00-0032890;00-0036388;00-0036899;00-0033878;00-0030411,11.0,11.0,14.16,5.338,True,HITCH,ZONE_COVERAGE,COVER_2,,,,,,,7.0
556.0,2021_08_NYG_KC,2021110100,KC,NYG,REG,8,KC,home,NYG,NYG,15.0,2021-11-01,372.0,1272.0,3072.0,Half1,0.0,3.0,1.0,1.0,,0,06:12,NYG 15,0.0,13.0,"7-H.Butker extra point is GOOD, Center-41-J.Winchester, Holder-5-T.Townsend.",extra_point,0.0,0.0,0.0,0.0,0.0,0.0,0.0,,,,,,,,33.0,good,,3.0,2.0,0.0,,,,,3.0,2.0,7.0,0.0,6.0,0.0,6.0,7.0,0.0,7.0,0.0,0.0,0.0,0.0,0.0,0.0,0.0,0.932427,0.0,0.932427,0.067573,5.5934753,-5.5934753,0.09255961,-0.09255961,5.4333425,-5.4333425,,,0.0,0.0,-1.0005231,1.0005231,8.240072,-8.240072,1.7992179,-1.7992179,3.6341245,-3.6341245,0.7003722,0.29962778,0.7003722,0.29962778,0.001312181,0.00043422557,0.00043422557,0.70168436,0.2983156,0.89933735,0.89933735,-0.021681458,0.021681458,0.17579187,-0.17579187,,,0.0,0.0,0.039616928,-0.039616928,0.14841324,-0.14841324,0.039616928,-0.039616928,0.13617495,-0.13617495,0.0,0.0,0.0,0.0,0.0,0.0,0.0,0.0,0.0,0.0,0.0,0.0,0.0,0.0,0.0,0.0,0.0,0.0,0.0,0.0,0.0,0.0,0.0,0.0,0.0,0.0,0.0,0.0,0.0,0.0,0.0,0.0,0.0,0.0,0.0,0.0,0.0,0.0,0.0,1.0,0.0,0.0,0.0,0.0,0.0,0.0,0.0,0.0,0.0,0.0,0.0,,,,,,,,,,,,,,,,,,,,,,,,,,,,,,,,H.Butker,00-0033303,,,,,,,,,,,,,,,,,,,,,,,,,,,,,,,,,,,,,0.0,,,,,,,,,,,,,,,,,,,,,,,,,,,,,,,,0.0,,,,,0.0,,,0.0,0.0,0.0,0.0,,,2021,,,9.0,1.0,Touchdown,556.0,"11/1/21, 20:15:34",2021-11-02T00:31:59Z,GEHA Field at Arrowhead Stadium,"Temp: 39° F, Humidity: 86%, Wind: Northeast 3 mph",c59968af-b37c-11eb-ba8a-ecb6fe06b3b0,0,0.0,XP_KICK,1.0,,,,3.0,Touchdown,2021-11-02T00:29:18Z,4.0,1:25,2.0,1.0,1.0,1.0,1.0,0.0,INTERCEPTION,TOUCHDOWN,07:37,06:12,NYG 13,NYG 6,467.0,556.0,17,20,Home,3,37,10.5,53.0,0,outdoors,grass ,39.0,4.0,Andy Reid,Joe Judge,KAN00,GEHA Field at Arrowhead Stadium,0.0,1.0,,,,,,,0.0,0.0,0.0,1.0,0.0,,,,,,,,,,,0.0,1.0,0.067573,,,,,,,,2021_08_NYG_KC,KC,,,,,,40994;43330;48003;43332;47878;46152;46312;42349;52591;47891;53876;53492;45046;53591;53655;52791;43351;52504;47800;42460;45695;47999,00-0030615;00-0034752;00-0036623;00-0033303;00-0036637;00-0036660;00-0035889;00-0036367;00-0032062;00-0033831;00-0035149,00-0033058;00-0035304;00-0032763;00-0035708;00-0034435;00-0031933;00-0036400;00-0034974;00-0036611;00-0032890;00-0035683,11.0,11.0,,,,,,,,,,,,,0.0
572.0,2021_08_NYG_KC,2021110100,KC,NYG,REG,8,NYG,away,KC,KC,35.0,2021-11-01,372.0,1272.0,3072.0,Half1,0.0,4.0,0.0,1.0,,0,06:12,KC 35,0.0,5.0,"7-H.Butker kicks 65 yards from KC 35 to end zone, Touchback.",kickoff,0.0,0.0,0.0,0.0,0.0,0.0,0.0,,,,,,,,65.0,,,3.0,2.0,0.0,,,,,2.0,3.0,7.0,0.0,0.0,7.0,-7.0,0.0,7.0,-7.0,0.023247972,0.14278582,0.001956706,0.2919054,0.21441962,0.0038835404,0.3218009,0.0,0.0,0.42802346,-0.0,5.5934753,-5.5934753,0.09255961,-0.09255961,5.4333425,-5.4333425,,,0.0,0.0,-1.0005231,1.0005231,8.240072,-8.240072,1.7992179,-1.7992179,3.6341245,-3.6341245,0.2983156,0.70168436,0.70168436,0.2983156,-0.0,-0.0,0.0,0.70168436,0.2983156,0.10022843,0.8997716,-0.021681458,0.021681458,0.17579187,-0.17579187,,,0.0,0.0,0.039616928,-0.039616928,0.14841324,-0.14841324,0.039616928,-0.039616928,0.13617495,-0.13617495,0.0,0.0,0.0,0.0,0.0,0.0,0.0,0.0,0.0,1.0,0.0,0.0,0.0,0.0,0.0,0.0,0.0,0.0,0.0,0.0,0.0,0.0,0.0,0.0,0.0,0.0,0.0,0.0,0.0,0.0,0.0,0.0,0.0,0.0,0.0,0.0,0.0,0.0,0.0,0.0,0.0,0.0,1.0,0.0,0.0,0.0,0.0,0.0,0.0,0.0,0.0,,,,,,,,,,,,,,,,,,,,,,,,,,,,,,,,H.Butker,00-0033303,,,,,,,,,,,,,,,,,,,,,,,,,,,,,,,,,,,,,0.0,,,,,,,,,,,,,,,,,,,,,,,,,,,,,,,NYG,0.0,,,,,0.0,,,0.0,0.0,0.0,0.0,,,2021,,,10.0,0.0,Punt,572.0,"11/1/21, 20:15:34",2021-11-02T00:35:04Z,GEHA Field at Arrowhead Stadium,"Temp: 39° F, Humidity: 86%, Wind: Northeast 3 mph",c59968af-b37c-11eb-ba8a-ecb6fe06b3b0,0,0.0,KICK_OFF,1.0,,,,4.0,Punt,2021-11-02T00:35:04Z,3.0,1:22,0.0,0.0,0.0,1.0,1.0,0.0,KICKOFF,PUNT,06:12,04:50,NYG 25,NYG 30,572.0,654.0,17,20,Home,3,37,10.5,53.0,0,outdoors,grass ,39.0,4.0,Andy Reid,Joe Judge,KAN00,GEHA Field at Arrowhead Stadium,0.0,0.0,,,,,,,0.0,0.0,0.0,1.0,0.0,,,,,,,,,,,0.0,1.0,-0.0,,,,,,,,2021_08_NYG_KC,KC,,,,,,43330;48003;48259;46916;49476;46407;43880;41325;53645;52591;47984;46193;46099;46772;44821;45046;47959;53591;45369;46169;53625;52573,00-0035157;00-0035715;00-0034145;00-0031376;00-0035147;00-0034680;00-0034843;00-0033303;00-0036637;00-0033481;00-0034781,00-0033058;00-0035304;00-0034736;00-0032813;00-0036845;00-0036400;00-0034588;00-0033460;00-0034988;00-0036569;00-0036254,11.0,11.0,,,,,,,,,,,,,0.0
587.0,2021_08_NYG_KC,2021110100,KC,NYG,REG,8,NYG,away,KC,NYG,75.0,2021-11-01,372.0,1272.0,3072.0,Half1,0.0,4.0,0.0,1.0,1.0,0,06:12,NYG 25,10.0,5.0,(6:12) (Shotgun) 8-D.Jones pass incomplete short right to 12-J.Ross.,pass,0.0,1.0,0.0,1.0,0.0,0.0,0.0,short,right,7.0,,,,,,,,3.0,2.0,0.0,,,,,2.0,3.0,7.0,0.0,0.0,7.0,-7.0,0.0,7.0,-7.0,0.023247972,0.14278582,0.001956706,0.2919054,0.21441962,0.0038835404,0.3218009,0.0,0.0,0.42802346,-0.5752664,6.1687417,-6.1687417,0.09255961,-0.09255961,6.008609,-6.008609,0.4147511,-0.99001753,0.0,0.0,-1.0005231,1.0005231,8.240072,-8.240072,1.3844669,-1.3844669,4.624142,-4.624142,0.2983156,0.70168436,0.70168436,0.2983156,-0.013931423,-0.0037381202,0.0037381202,0.7156158,0.2843842,0.10022843,0.8997716,-0.021681458,0.021681458,0.1897233,-0.1897233,0.0,-0.013931423,0.0,0.0,0.039616928,-0.039616928,0.14841324,-0.14841324,0.039616928,-0.039616928,0.15010637,-0.15010637,0.0,0.0,0.0,0.0,0.0,0.0,0.0,0.0,1.0,0.0,0.0,0.0,0.0,0.0,0.0,0.0,0.0,0.0,0.0,0.0,0.0,0.0,0.0,0.0,0.0,0.0,0.0,0.0,0.0,0.0,0.0,0.0,0.0,1.0,0.0,0.0,0.0,0.0,0.0,0.0,0.0,0.0,0.0,0.0,0.0,0.0,0.0,0.0,0.0,0.0,0.0,00-0035710,D.Jones,,00-0033460,J.Ross,,,,,,,,,,,,,,,,,,,,,,,,,,,,,,,,,,,,,,,,,,,,,,,,,,,,,,,,,,,,,,,,,0.0,,,,,,,,,,,,,,,,,,,,,,,,,,,,,,,,0.0,,,,,0.0,,,0.0,0.0,0.0,0.0,,,2021,0.7186035,-71.86035,10.0,0.0,Punt,587.0,"11/1/21, 20:15:34",2021-11-02T00:35:45Z,GEHA Field at Arrowhead Stadium,"Temp: 39° F, Humidity: 86%, Wind: Northeast 3 mph",c59968af-b37c-11eb-ba8a-ecb6fe06b3b0,0,0.0,PASS,0.0,,,,4.0,Punt,2021-11-02T00:35:04Z,3.0,1:22,0.0,0.0,0.0,1.0,1.0,0.0,KICKOFF,PUNT,06:12,04:50,NYG 25,NYG 30,572.0,654.0,17,20,Home,3,37,10.5,53.0,0,outdoors,grass ,39.0,4.0,Andy Reid,Joe Judge,KAN00,GEHA Field at Arrowhead Stadium,0.0,0.0,D.Jones,8.0,,,J.Ross,12.0,1.0,0.0,0.0,0.0,1.0,00-0035710,,00-0033460,D.Jones,8.0,00-0035710,J.Ross,00-0033460,J.Ross,00-0033460,0.0,1.0,-0.5752664,0.29699954,3.4685004,2.0,0.9979018,0.3706807,0.46052498,53.947502,2021_08_NYG_KC,NYG,SHOTGUN,"1 RB, 1 TE, 3 WR",7.0,"4 DL, 2 LB, 5 DB",4.0,46144;43425;43329;52546;37090;44835;46757;47846;42406;43338;46090;47789;43695;53487;47984;40017;47954;44821;46103;52471;52507;43326,00-0032972;00-0032385;00-0027955;00-0033881;00-0034762;00-0035710;00-0032575;00-0035535;00-0033460;00-0034346;00-0036392,00-0034818;00-0036374;00-0034573;00-0035625;00-0032210;00-0032387;00-0036621;00-0035147;00-0030459;00-0036362;00-0032762,11.0,11.0,7.39,3.036,False,HITCH,ZONE_COVERAGE,COVER_6,,,,,,,5.0
609.0,2021_08_NYG_KC,2021110100,KC,NYG,REG,8,NYG,away,KC,NYG,75.0,2021-11-01,367.0,1267.0,3067.0,Half1,0.0,4.0,0.0,1.0,2.0,0,06:07,NYG 25,10.0,5.0,"(6:07) (No Huddle, Shotgun) 28-D.Booker right end to NYG 25 for no gain (50-W.Gay).",run,0.0,1.0,1.0,0.0,0.0,0.0,0.0,,,,,right,end,,,,,3.0,2.0,0.0,,,,,2.0,3.0,7.0,0.0,0.0,7.0,-7.0,0.0,7.0,-7.0,0.024171466,0.15841703,0.0020641503,0.32776144,0.19199686,0.003729495,0.29185957,0.0,0.0,-0.14724295,-0.78093505,6.9496765,-6.9496765,0.8734946,-0.8734946,6.008609,-6.008609,,,0.0,0.0,-1.0005231,1.0005231,8.240072,-8.240072,1.3844669,-1.3844669,4.624142,-4.624142,0.2843842,0.7156158,0.7156158,0.2843842,-0.014954209,0.010888539,-0.010888539,0.73057,0.26942998,0.09649031,0.9035097,-0.0067272484,0.0067272484,0.1897233,-0.1897233,,,0.0,0.0,0.039616928,-0.039616928,0.14841324,-0.14841324,0.039616928,-0.039616928,0.15010637,-0.15010637,0.0,0.0,0.0,0.0,0.0,0.0,0.0,0.0,0.0,0.0,0.0,0.0,0.0,0.0,0.0,0.0,0.0,0.0,0.0,0.0,0.0,0.0,0.0,0.0,1.0,0.0,0.0,0.0,0.0,0.0,0.0,0.0,1.0,0.0,0.0,0.0,0.0,0.0,0.0,0.0,0.0,0.0,0.0,0.0,0.0,0.0,0.0,0.0,0.0,0.0,0.0,,,,,,,00-0032972,D.Booker,0.0,,,,,,,,,,,,,,,,,,,,,,,,,,,,,,,,,,,,,,,,,,,KC,,00-0036362,,W.Gay,,,,,,,,,,,,,,0.0,,,,,,,,,,,,,,,,,,,,,,,,,,,,,,,,0.0,,,,,0.0,,,0.0,0.0,0.0,0.0,,,2021,,,10.0,0.0,Punt,609.0,"11/1/21, 20:15:34",2021-11-02T00:36:19Z,GEHA Field at Arrowhead Stadium,"Temp: 39° F, Humidity: 86%, Wind: Northeast 3 mph",c59968af-b37c-11eb-ba8a-ecb6fe06b3b0,0,0.0,RUSH,0.0,,,,4.0,Punt,2021-11-02T00:35:04Z,3.0,1:22,0.0,0.0,0.0,1.0,1.0,0.0,KICKOFF,PUNT,06:12,04:50,NYG 25,NYG 30,572.0,654.0,17,20,Home,3,37,10.5,53.0,0,outdoors,grass ,39.0,4.0,Andy Reid,Joe Judge,KAN00,GEHA Field at Arrowhead Stadium,0.0,0.0,,,D.Booker,28.0,,,0.0,1.0,0.0,0.0,1.0,,00-0032972,,D.Booker,28.0,00-0032972,D.Booker,00-0032972,D.Booker,00-0032972,0.0,1.0,-0.78093505,,,,,,0.50611496,-50.611496,2021_08_NYG_KC,NYG,SHOTGUN,"1 RB, 2 TE, 2 WR",6.0,"4 DL, 3 LB, 4 DB",,46144;43329;43425;52546;37090;46757;47846;42406;43338;46090;47789;43695;53487;40017;47954;46103;47959;52471;46521;52507;37118;43326,00-0032385;00-0032972;00-0027955;00-0034762;00-0035710;00-0032575;00-0035535;00-0034346;00-0034988;00-0036392;00-0027981,00-0034818;00-0036374;00-0034573;00-0035625;00-0032210;00-0032387;00-0036621;00-0030459;00-0036362;00-0034296;00-0032762,11.0,11.0,,,,,,,,,,,,,33.0
630.0,2021_08_NYG_KC,2021110100,KC,NYG,REG,8,NYG,away,KC,NYG,75.0,2021-11-01,334.0,1234.0,3034.0,Half1,0.0,4.0,0.0,1.0,3.0,0,05:34,NYG 25,10.0,5.0,"(5:34) (No Huddle, Shotgun) 8-D.Jones pass short left to 28-D.Booker to NYG 30 for 5 yards (38-L.Sneed).",pass,5.0,1.0,1.0,1.0,0.0,0.0,0.0,short,left,-4.0,9.0,,,,,,,3.0,2.0,0.0,,,,,2.0,3.0,7.0,0.0,0.0,7.0,-7.0,0.0,7.0,-7.0,0.024569008,0.18304996,0.0021377532,0.37234506,0.1684225,0.003986936,0.24548878,0.0,0.0,-0.92817795,-0.6993486,7.6490254,-7.6490254,0.8734946,-0.8734946,6.7079577,-6.7079577,-1.5988703,0.89952165,-1.5988703,0.89952165,0.5983471,-0.5983471,7.3405504,-7.3405504,2.9833372,-2.9833372,3.7246206,-3.7246206,0.26942998,0.73057,0.73057,0.26942998,-0.014966458,-0.012143418,0.012143418,0.74553645,0.25446352,0.10737885,0.89262116,-0.0067272484,0.0067272484,0.20468976,-0.20468976,0.0,-0.014966458,0.0,-0.014966458,0.039616928,-0.039616928,0.1633797,-0.1633797,0.039616928,-0.039616928,0.16507283,-0.16507283,0.0,0.0,0.0,0.0,0.0,1.0,0.0,0.0,0.0,0.0,0.0,0.0,0.0,0.0,0.0,0.0,0.0,0.0,0.0,0.0,0.0,0.0,0.0,0.0,1.0,0.0,0.0,0.0,0.0,0.0,0.0,0.0,0.0,1.0,0.0,0.0,0.0,0.0,0.0,0.0,0.0,0.0,0.0,0.0,0.0,1.0,0.0,0.0,0.0,0.0,0.0,00-0035710,D.Jones,5.0,00-0032972,D.Booker,5.0,,,,,,,,,,,,,,,,,,,,,,,,,,,,,,,,,,,,,,,,,,,,,,KC,,00-0036374,,L.Sneed,,,,,,,,,,,,,,0.0,,,,,,,,,,,,,,,,,,,,,,,,,,,,,,,,0.0,,,,,0.0,,,0.0,0.0,0.0,0.0,,,2021,0.86922985,13.077015,10.0,0.0,Punt,630.0,"11/1/21, 20:15:34",2021-11-02T00:36:52Z,GEHA Field at Arrowhead Stadium,"Temp: 39° F, Humidity: 86%, Wind: Northeast 3 mph",c59968af-b37c-11eb-ba8a-ecb6fe06b3b0,0,0.0,PASS,0.0,,,,4.0,Punt,2021-11-02T00:35:04Z,3.0,1:22,0.0,0.0,0.0,1.0,1.0,0.0,KICKOFF,PUNT,06:12,04:50,NYG 25,NYG 30,572.0,654.0,17,20,Home,3,37,10.5,53.0,0,outdoors,grass ,39.0,4.0,Andy Reid,Joe Judge,KAN00,GEHA Field at Arrowhead Stadium,0.0,0.0,D.Jones,8.0,,,D.Booker,28.0,1.0,0.0,0.0,0.0,1.0,00-0035710,,00-0032972,D.Jones,8.0,00-0035710,D.Booker,00-0032972,D.Booker,00-0032972,0.0,1.0,-0.6993486,1.586055,11.144957,9.0,0.30323443,0.24630632,0.9750684,2.493161,2021_08_NYG_KC,NYG,SHOTGUN,"1 RB, 1 TE, 3 WR",5.0,"4 DL, 1 LB, 6 DB",4.0,43329;43425;37090;52546;44835;46757;47846;42406;52585;46090;43338;47789;43695;47984;40017;47954;44821;46103;46521;52507;41502;43326,00-0032385;00-0032972;00-0027955;00-0033881;00-0034762;00-0035710;00-0032575;00-0035535;00-0033460;00-0034346;00-0036392,00-0036374;00-0034573;00-0035625;00-0032210;00-0036378;00-0032387;00-0035147;00-0030459;00-0034296;00-0030665;00-0032762,11.0,11.0,-3.74,2.269,False,FLAT,ZONE_COVERAGE,COVER_2,,,,,,,35.0
654.0,2021_08_NYG_KC,2021110100,KC,NYG,REG,8,NYG,away,KC,NYG,70.0,2021-11-01,299.0,1199.0,2999.0,Half1,0.0,4.0,0.0,1.0,4.0,0,04:59,NYG 30,5.0,5.0,"(4:59) 9-R.Dixon punts 45 yards to KC 25, Center-58-C.Kreiter, out of bounds.",punt,0.0,0.0,0.0,0.0,0.0,0.0,0.0,,,,,,,,45.0,,,3.0,2.0,0.0,,,,,2.0,3.0,7.0,0.0,0.0,7.0,-7.0,0.0,7.0,-7.0,0.02790125,0.21513163,0.0027490563,0.4059937,0.13823885,0.0038585546,0.20612694,0.0,0.0,-1.6275266,-0.1046025,7.753628,-7.753628,0.8734946,-0.8734946,6.7079577,-6.7079577,,,0.0,0.0,0.5983471,-0.5983471,7.3405504,-7.3405504,2.9833372,-2.9833372,3.7246206,-3.7246206,0.25446352,0.74553645,0.74553645,0.25446352,-0.0029344857,-0.00511726,0.00511726,0.74847096,0.25152904,0.09523543,0.9047646,-0.0067272484,0.0067272484,0.20468976,-0.20468976,,,0.0,0.0,0.039616928,-0.039616928,0.1633797,-0.1633797,0.039616928,-0.039616928,0.16507283,-0.16507283,0.0,0.0,0.0,0.0,0.0,0.0,0.0,0.0,0.0,0.0,0.0,0.0,0.0,1.0,0.0,0.0,0.0,0.0,0.0,0.0,0.0,0.0,0.0,0.0,0.0,0.0,0.0,0.0,0.0,0.0,0.0,0.0,0.0,0.0,0.0,0.0,0.0,0.0,0.0,0.0,0.0,0.0,0.0,1.0,0.0,0.0,0.0,0.0,0.0,0.0,0.0,,,,,,,,,,,,,,,,,,,,,,,,,,,,,,00-0032943,R.Dixon,,,,,,,,,,,,,,,,,,,,,,,,,,,,,,,,,,,,,,,0.0,,,,,,,,,,,,,,,,,,,,,,,,,,,,,,,KC,0.0,,,,,0.0,,,0.0,0.0,0.0,0.0,,,2021,,,10.0,0.0,Punt,654.0,"11/1/21, 20:15:34",2021-11-02T00:37:30Z,GEHA Field at Arrowhead Stadium,"Temp: 39° F, Humidity: 86%, Wind: Northeast 3 mph",c59968af-b37c-11eb-ba8a-ecb6fe06b3b0,0,0.0,PUNT,1.0,,,,4.0,Punt,2021-11-02T00:35:04Z,3.0,1:22,0.0,0.0,0.0,1.0,1.0,0.0,KICKOFF,PUNT,06:12,04:50,NYG 25,NYG 30,572.0,654.0,17,20,Home,3,37,10.5,53.0,0,outdoors,grass ,39.0,4.0,Andy Reid,Joe Judge,KAN00,GEHA Field at Arrowhead Stadium,0.0,0.0,,,,,,,0.0,0.0,0.0,1.0,0.0,,,,,,,,,,,0.0,1.0,-0.1046025,,,,,,,,2021_08_NYG_KC,NYG,,,,,,43330;52546;48003;48259;41797;46407;46312;43880;52591;46193;47891;46772;47959;53591;52471;45369;46169;53625;46522;43517;41502;47839,00-0033058;00-0035304;00-0030957;00-0034435;00-0032813;00-0036400;00-0034974;00-0034588;00-0034988;00-0036569;00-0032943,00-0036374;00-0035157;00-0034145;00-0034680;00-0036637;00-0036362;00-0033481;00-0034781;00-0034297;00-0030665;00-0035140,11.0,11.0,,,,,,,,,,,,,9.0
681.0,2021_08_NYG_KC,2021110100,KC,NYG,REG,8,KC,home,NYG,KC,75.0,2021-11-01,290.0,1190.0,2990.0,Half1,0.0,5.0,0.0,1.0,1.0,0,04:50,KC 25,10.0,10.0,(4:50) (Shotgun) 31-Da.Williams right tackle to KC 29 for 4 yards (95-Q.Roche; 49-B.McKinney).,run,4.0,1.0,0.0,0.0,0.0,0.0,0.0,,,,,right,tackle,,,,,3.0,2.0,0.0,,,,,3.0,2.0,7.0,0.0,7.0,0.0,7.0,7.0,0.0,7.0,0.026335679,0.13178444,0.0020258941,0.20405467,0.2193723,0.0026378692,0.41378918,0.0,0.0,1.7321291,-0.08470045,7.668927,-7.668927,0.7887942,-0.7887942,6.7079577,-6.7079577,,,0.0,0.0,0.5983471,-0.5983471,7.3405504,-7.3405504,2.9833372,-2.9833372,3.7246206,-3.7246206,0.74847096,0.25152904,0.74847096,0.25152904,-0.0024663806,0.0049642324,0.0049642324,0.7460046,0.25399542,0.90988183,0.90988183,-0.009193629,0.009193629,0.20468976,-0.20468976,,,0.0,0.0,0.039616928,-0.039616928,0.1633797,-0.1633797,0.039616928,-0.039616928,0.16507283,-0.16507283,0.0,0.0,0.0,0.0,0.0,0.0,0.0,0.0,0.0,0.0,0.0,0.0,0.0,0.0,0.0,0.0,0.0,0.0,0.0,0.0,0.0,0.0,0.0,0.0,0.0,0.0,0.0,0.0,0.0,0.0,0.0,0.0,1.0,0.0,0.0,0.0,0.0,0.0,0.0,0.0,0.0,0.0,0.0,0.0,0.0,0.0,1.0,0.0,0.0,0.0,0.0,,,,,,,00-0034301,Da.Williams,4.0,,,,,,,,,,,,,,,,,,,,,,,,,,,,,,,,,,,,,,,,,,,,,,,,,00-0036845,Q.Roche,NYG,00-0031553,B.McKinney,NYG,,,,,,,0.0,,,,,,,,,,,,,,,,,,,,,,,,,,,,,,,,0.0,,,,,0.0,,,0.0,0.0,0.0,0.0,,,2021,,,11.0,1.0,First down,681.0,"11/1/21, 20:15:34",2021-11-02T00:40:25Z,GEHA Field at Arrowhead Stadium,"Temp: 39° F, Humidity: 86%, Wind: Northeast 3 mph",c59968af-b37c-11eb-ba8a-ecb6fe06b3b0,0,0.0,RUSH,0.0,,,,5.0,Punt,2021-11-02T00:40:25Z,6.0,1:34,1.0,0.0,0.0,1.0,1.0,0.0,PUNT,PUNT,04:50,03:16,KC 25,KC 35,681.0,819.0,17,20,Home,3,37,10.5,53.0,0,outdoors,grass ,39.0,4.0,Andy Reid,Joe Judge,KAN00,GEHA Field at Arrowhead Stadium,0.0,0.0,,,Da.Williams,31.0,,,0.0,1.0,0.0,0.0,1.0,,00-0034301,,Da.Williams,31.0,00-0034301,Da.Williams,00-0034301,Da.Williams,00-0034301,0.0,1.0,-0.08470045,,,,,,0.5071729,-50.71729,2021_08_NYG_KC,KC,SHOTGUN,"1 RB, 2 TE, 2 WR",6.0,"2 DL, 4 LB, 5 DB",,43332;47878;52518;43367;46152;40011;53645;42386;53492;44822;52663;53655;43351;47800;52504;46522;52444;42460;46526;43454;44830;40031,00-0032391;00-0034752;00-0030506;00-0036623;00-0033873;00-0036660;00-0036367;00-0034297;00-0032062;00-0034301;00-0033040,00-0032763;00-0035708;00-0036394;00-0036845;00-0031553;00-0036167;00-0032890;00-0035683;00-0036388;00-0033878;00-0030411,11.0,11.0,,,,,,,,,,,,,29.0
702.0,2021_08_NYG_KC,2021110100,KC,NYG,REG,8,KC,home,NYG,KC,71.0,2021-11-01,261.0,1161.0,2961.0,Half1,0.0,5.0,0.0,1.0,2.0,0,04:21,KC 29,6.0,10.0,(4:21) (Shotgun) 15-P.Mahomes pass incomplete short right to 81-B.Bell (53-O.Ximines).,pass,0.0,1.0,0.0,1.0,0.0,0.0,0.0,short,right,-1.0,,,,,,,,3.0,2.0,0.0,,,,,3.0,2.0,7.0,0.0,7.0,0.0,7.0,7.0,0.0,7.0,0.028823432,0.13686703,0.0020330544,0.20767961,0.21089618,0.002548017,0.41115266,0.0,0.0,1.6474288,-0.77631396,6.8926134,-6.8926134,0.7887942,-0.7887942,5.9316435,-5.9316435,-1.0319837,0.25566977,0.0,0.0,0.5983471,-0.5983471,7.3405504,-7.3405504,1.9513534,-1.9513534,3.9802904,-3.9802904,0.7460046,0.25399542,0.7460046,0.25399542,-0.016275644,-0.008545637,-0.008545637,0.72972894,0.27027106,0.91484606,0.91484606,-0.009193629,0.009193629,0.18841411,-0.18841411,0.0,-0.016275644,0.0,0.0,0.039616928,-0.039616928,0.1633797,-0.1633797,0.039616928,-0.039616928,0.14879718,-0.14879718,0.0,0.0,0.0,0.0,0.0,0.0,0.0,0.0,1.0,0.0,0.0,0.0,0.0,0.0,0.0,0.0,0.0,0.0,0.0,0.0,0.0,0.0,0.0,0.0,0.0,0.0,0.0,0.0,0.0,0.0,0.0,0.0,0.0,1.0,0.0,0.0,0.0,0.0,0.0,0.0,0.0,0.0,0.0,0.0,0.0,0.0,0.0,0.0,0.0,0.0,0.0,00-0033873,P.Mahomes,,00-0032062,B.Bell,,,,,,,,,,,,,,,,,,,,,,,,,,,,,,,,,,,,,,,,,,,,,,,,,,,,,,,,,,,,,,,,,0.0,,,,,,,00-0035708,O.Ximines,,,,,,,,,,,,,,,,,,,,,,,,0.0,,,,,0.0,,,0.0,0.0,0.0,0.0,,,2021,0.8679397,-86.79397,11.0,1.0,First down,702.0,"11/1/21, 20:15:34",2021-11-02T00:40:55Z,GEHA Field at Arrowhead Stadium,"Temp: 39° F, Humidity: 86%, Wind: Northeast 3 mph",c59968af-b37c-11eb-ba8a-ecb6fe06b3b0,0,0.0,PASS,0.0,,,,5.0,Punt,2021-11-02T00:40:25Z,6.0,1:34,1.0,0.0,0.0,1.0,1.0,0.0,PUNT,PUNT,04:50,03:16,KC 25,KC 35,681.0,819.0,17,20,Home,3,37,10.5,53.0,0,outdoors,grass ,39.0,4.0,Andy Reid,Joe Judge,KAN00,GEHA Field at Arrowhead Stadium,0.0,0.0,P.Mahomes,15.0,,,B.Bell,81.0,1.0,0.0,0.0,0.0,1.0,00-0033873,,00-0032062,P.Mahomes,15.0,00-0033873,B.Bell,00-0032062,B.Bell,00-0032062,0.0,1.0,-0.77631396,1.2704924,7.4316,6.0,0.5322902,0.44786313,0.63942933,36.057068,2021_08_NYG_KC,KC,SHOTGUN,"1 RB, 2 TE, 2 WR",6.0,"2 DL, 4 LB, 5 DB",3.0,43332;47878;52518;43367;46152;40011;53645;42386;53492;44822;43351;53655;52663;47800;52504;52444;42460;46526;43454;44830;39646;40031,00-0032391;00-0034752;00-0030506;00-0036623;00-0033873;00-0036660;00-0036367;00-0032062;00-0034301;00-0033040;00-0029664,00-0032763;00-0035708;00-0036394;00-0036845;00-0031553;00-0032890;00-0036167;00-0035683;00-0036388;00-0033878;00-0030411,11.0,11.0,2.86,1.735,False,OUT,ZONE_COVERAGE,COVER_2,,,,,,,3.0
724.0,2021_08_NYG_KC,2021110100,KC,NYG,REG,8,KC,home,NYG,KC,71.0,2021-11-01,258.0,1158.0,2958.0,Half1,0.0,5.0,0.0,1.0,3.0,0,04:18,KC 29,6.0,10.0,(4:18) (Shotgun) 15-P.Mahomes pass short left to 10-T.Hill pushed ob at KC 35 for 6 yards (22-A.Jackson).,pass,6.0,1.0,0.0,1.0,0.0,0.0,0.0,short,left,6.0,0.0,,,,,,,3.0,2.0,0.0,,,,,3.0,2.0,7.0,0.0,7.0,0.0,7.0,7.0,0.0,7.0,0.029768089,0.1635999,0.0021765407,0.24856707,0.19294801,0.0026379114,0.36030245,0.0,0.0,0.87111473,1.404916,8.297529,-8.297529,0.7887942,-0.7887942,7.33656,-7.33656,1.404916,0.0,1.404916,0.0,2.0032632,-2.0032632,7.3405504,-7.3405504,3.3562694,-3.3562694,3.9802904,-3.9802904,0.72972894,0.27027106,0.72972894,0.27027106,0.04269266,0.0057545304,0.0057545304,0.7724216,0.2275784,0.9063004,0.9063004,-0.009193629,0.009193629,0.23110677,-0.23110677,0.04269266,0.0,0.04269266,0.0,0.08230959,-0.08230959,0.1633797,-0.1633797,0.08230959,-0.08230959,0.14879718,-0.14879718,0.0,0.0,1.0,0.0,1.0,0.0,0.0,0.0,0.0,0.0,0.0,0.0,0.0,0.0,0.0,0.0,0.0,0.0,0.0,0.0,0.0,0.0,0.0,0.0,1.0,0.0,0.0,0.0,0.0,0.0,0.0,0.0,0.0,1.0,0.0,0.0,0.0,0.0,0.0,0.0,0.0,0.0,0.0,0.0,0.0,1.0,0.0,0.0,0.0,0.0,0.0,00-0033873,P.Mahomes,6.0,00-0033040,T.Hill,6.0,,,,,,,,,,,,,,,,,,,,,,,,,,,,,,,,,,,,,,,,,,,,,,NYG,,00-0033878,,A.Jackson,,,,,,,,,,,,,,0.0,,,,,,,,,,,,,,,,,,,,,,,,,,,,,,,,0.0,,,,,0.0,,,0.0,0.0,0.0,0.0,,,2021,0.6418078,35.81922,11.0,1.0,First down,724.0,"11/1/21, 20:15:34",2021-11-02T00:41:35Z,GEHA Field at Arrowhead Stadium,"Temp: 39° F, Humidity: 86%, Wind: Northeast 3 mph",c59968af-b37c-11eb-ba8a-ecb6fe06b3b0,0,0.0,PASS,0.0,,,,5.0,Punt,2021-11-02T00:40:25Z,6.0,1:34,1.0,0.0,0.0,1.0,1.0,0.0,PUNT,PUNT,04:50,03:16,KC 25,KC 35,681.0,819.0,17,20,Home,3,37,10.5,53.0,0,outdoors,grass ,39.0,4.0,Andy Reid,Joe Judge,KAN00,GEHA Field at Arrowhead Stadium,0.0,1.0,P.Mahomes,15.0,,,T.Hill,10.0,1.0,0.0,1.0,0.0,1.0,00-0033873,,00-0033040,P.Mahomes,15.0,00-0033873,T.Hill,00-0033040,T.Hill,00-0033040,1.0,1.0,1.404916,0.29393402,4.3127446,2.0,0.9851838,0.9851838,0.977874,2.212602,2021_08_NYG_KC,KC,SHOTGUN,"1 RB, 1 TE, 3 WR",6.0,"2 DL, 3 LB, 6 DB",5.0,47878;43367;46152;40011;53645;41325;42349;47891;53492;44822;43415;53655;52663;43351;47800;52504;46522;52444;53500;43454;44830;40031,00-0032391;00-0034752;00-0030506;00-0031376;00-0036623;00-0033873;00-0032775;00-0036660;00-0036367;00-0034297;00-0033040,00-0035708;00-0036845;00-0031933;00-0034974;00-0036167;00-0032890;00-0035683;00-0036388;00-0036899;00-0033878;00-0030411,11.0,11.0,5.57,1.835,False,OUT,ZONE_COVERAGE,COVER_4,,,,,,,35.0
753.0,2021_08_NYG_KC,2021110100,KC,NYG,REG,8,KC,home,NYG,KC,65.0,2021-11-01,223.0,1123.0,2923.0,Half1,0.0,5.0,0.0,1.0,1.0,0,03:43,KC 35,10.0,10.0,(3:43) (Shotgun) 15-P.Mahomes pass incomplete short right.,pass,0.0,1.0,0.0,1.0,0.0,0.0,0.0,short,right,0.0,,,,,,,,3.0,2.0,0.0,,,,,3.0,2.0,7.0,0.0,7.0,0.0,7.0,7.0,0.0,7.0,0.028115327,0.11269545,0.0016465867,0.17303516,0.23670898,0.0032120005,0.4445865,0.0,0.0,2.2760308,-0.5158475,7.781682,-7.781682,0.7887942,-0.7887942,6.820712,-6.820712,-0.51558656,-0.0002609254,0.0,0.0,2.0032632,-2.0032632,7.3405504,-7.3405504,2.8406827,-2.8406827,3.9800293,-3.9800293,0.7724216,0.2275784,0.7724216,0.2275784,-0.013149083,-0.002383113,-0.002383113,0.7592725,0.24072748,0.91205496,0.91205496,-0.009193629,0.009193629,0.21795769,-0.21795769,0.0,-0.013149083,0.0,0.0,0.08230959,-0.08230959,0.1633797,-0.1633797,0.08230959,-0.08230959,0.1356481,-0.1356481,0.0,0.0,0.0,0.0,0.0,0.0,0.0,0.0,1.0,0.0,0.0,0.0,0.0,0.0,0.0,0.0,0.0,0.0,0.0,0.0,0.0,0.0,0.0,0.0,0.0,0.0,0.0,0.0,0.0,0.0,0.0,0.0,0.0,1.0,0.0,0.0,0.0,0.0,0.0,0.0,0.0,0.0,0.0,0.0,0.0,0.0,0.0,0.0,0.0,0.0,0.0,00-0033873,P.Mahomes,,,,,,,,,,,,,,,,,,,,,,,,,,,,,,,,,,,,,,,,,,,,,,,,,,,,,,,,,,,,,,,,,,,,0.0,,,,,,,,,,,,,,,,,,,,,,,,,,,,,,,,0.0,,,,,0.0,,,0.0,0.0,0.0,0.0,,,2021,,,12.0,0.0,Punt,753.0,"11/1/21, 20:15:34",2021-11-02T00:42:15Z,GEHA Field at Arrowhead Stadium,"Temp: 39° F, Humidity: 86%, Wind: Northeast 3 mph",c59968af-b37c-11eb-ba8a-ecb6fe06b3b0,0,0.0,PASS,0.0,,,,5.0,Punt,2021-11-02T00:40:25Z,6.0,1:34,1.0,0.0,0.0,1.0,1.0,0.0,PUNT,PUNT,04:50,03:16,KC 25,KC 35,681.0,819.0,17,20,Home,3,37,10.5,53.0,0,outdoors,grass ,39.0,4.0,Andy Reid,Joe Judge,KAN00,GEHA Field at Arrowhead Stadium,0.0,0.0,P.Mahomes,15.0,,,,,1.0,0.0,0.0,0.0,1.0,00-0033873,,,P.Mahomes,15.0,00-0033873,,,,,0.0,1.0,-0.5158475,,,,,,0.510369,48.9631,2021_08_NYG_KC,KC,SHOTGUN,"1 RB, 1 TE, 3 WR",6.0,"2 DL, 4 LB, 5 DB",4.0,47878;52518;43367;46152;40011;42349;53645;42386;53492;44822;43415;52663;43351;53655;47800;52504;52444;46526;43454;44830;47839;40031,00-0032391;00-0034752;00-0030506;00-0036623;00-0033873;00-0032775;00-0036660;00-0036367;00-0034301;00-0033040;00-0035140,00-0035708;00-0036394;00-0031933;00-0036845;00-0031553;00-0036167;00-0032890;00-0035683;00-0036388;00-0033878;00-0030411,11.0,11.0,,5.939,False,,ZONE_COVERAGE,COVER_4,,,,,,,8.0
775.0,2021_08_NYG_KC,2021110100,KC,NYG,REG,8,KC,home,NYG,KC,65.0,2021-11-01,215.0,1115.0,2915.0,Half1,0.0,5.0,0.0,1.0,2.0,0,03:35,KC 35,10.0,10.0,(3:35) (Shotgun) 15-P.Mahomes pass incomplete short middle to 87-T.Kelce.,pass,0.0,1.0,0.0,1.0,0.0,0.0,0.0,short,middle,9.0,,,,,,,,3.0,2.0,0.0,,,,,3.0,2.0,7.0,0.0,7.0,0.0,7.0,7.0,0.0,7.0,0.032589845,0.12944539,0.001875145,0.20024824,0.22015361,0.003253595,0.4124342,0.0,0.0,1.7601832,-0.7679814,7.0137005,-7.0137005,0.7887942,-0.7887942,6.052731,-6.052731,0.747936,-1.5159174,0.0,0.0,2.0032632,-2.0032632,7.3405504,-7.3405504,3.5886188,-3.5886188,2.464112,-2.464112,0.7592725,0.24072748,0.7592725,0.24072748,-0.022408307,-0.009403825,-0.009403825,0.7368642,0.2631358,0.90967184,0.90967184,-0.009193629,0.009193629,0.19554938,-0.19554938,0.0,-0.022408307,0.0,0.0,0.08230959,-0.08230959,0.1633797,-0.1633797,0.08230959,-0.08230959,0.113239795,-0.113239795,0.0,0.0,0.0,0.0,0.0,0.0,0.0,0.0,1.0,0.0,0.0,0.0,0.0,0.0,0.0,0.0,0.0,0.0,0.0,0.0,0.0,0.0,0.0,0.0,0.0,0.0,0.0,0.0,0.0,0.0,0.0,0.0,0.0,1.0,0.0,0.0,0.0,0.0,0.0,0.0,0.0,0.0,0.0,0.0,0.0,0.0,0.0,0.0,0.0,0.0,0.0,00-0033873,P.Mahomes,,00-0030506,T.Kelce,,,,,,,,,,,,,,,,,,,,,,,,,,,,,,,,,,,,,,,,,,,,,,,,,,,,,,,,,,,,,,,,,0.0,,,,,,,,,,,,,,,,,,,,,,,,,,,,,,,,0.0,,,,,0.0,,,0.0,0.0,0.0,0.0,,,2021,0.7449583,-74.49583,12.0,0.0,Punt,775.0,"11/1/21, 20:15:34",2021-11-02T00:42:58Z,GEHA Field at Arrowhead Stadium,"Temp: 39° F, Humidity: 86%, Wind: Northeast 3 mph",c59968af-b37c-11eb-ba8a-ecb6fe06b3b0,0,0.0,PASS,0.0,,,,5.0,Punt,2021-11-02T00:40:25Z,6.0,1:34,1.0,0.0,0.0,1.0,1.0,0.0,PUNT,PUNT,04:50,03:16,KC 25,KC 35,681.0,819.0,17,20,Home,3,37,10.5,53.0,0,outdoors,grass ,39.0,4.0,Andy Reid,Joe Judge,KAN00,GEHA Field at Arrowhead Stadium,0.0,0.0,P.Mahomes,15.0,,,T.Kelce,87.0,1.0,0.0,0.0,0.0,1.0,00-0033873,,00-0030506,P.Mahomes,15.0,00-0033873,T.Kelce,00-0030506,T.Kelce,00-0030506,0.0,1.0,-0.7679814,0.45397285,3.8130677,2.0,0.9970914,0.6500152,0.60744435,39.255566,2021_08_NYG_KC,KC,SHOTGUN,"1 RB, 2 TE, 2 WR",6.0,"2 DL, 3 LB, 6 DB",5.0,47878;43367;46152;40011;53645;42349;47891;53492;44822;43351;53655;52663;47800;52504;52444;53500;42460;44830;46526;39646;47839;40031,00-0032391;00-0034752;00-0030506;00-0036623;00-0033873;00-0036660;00-0036367;00-0032062;00-0034301;00-0029664;00-0035140,00-0035708;00-0036845;00-0031933;00-0034974;00-0032890;00-0036167;00-0035683;00-0036388;00-0036899;00-0033878;00-0030411,11.0,11.0,11.02,3.103,False,GO,MAN_COVERAGE,COVER_1,,,,,,,4.0
797.0,2021_08_NYG_KC,2021110100,KC,NYG,REG,8,KC,home,NYG,KC,65.0,2021-11-01,211.0,1111.0,2911.0,Half1,0.0,5.0,0.0,1.0,3.0,0,03:31,KC 35,10.0,10.0,(3:31) (Shotgun) 15-P.Mahomes pass incomplete deep right to 10-T.Hill.,pass,0.0,1.0,0.0,1.0,0.0,0.0,0.0,deep,right,35.0,,,,,,,,3.0,2.0,0.0,,,,,3.0,2.0,7.0,0.0,7.0,0.0,7.0,7.0,0.0,7.0,0.034553066,0.15850957,0.0020158968,0.24111687,0.19246936,0.0034348494,0.36790037,0.0,0.0,0.9922018,-1.3948002,5.6189003,-5.6189003,0.7887942,-0.7887942,4.657931,-4.657931,3.2529,-4.6477,0.0,0.0,2.0032632,-2.0032632,7.3405504,-7.3405504,6.841519,-6.841519,-2.183588,2.183588,0.7368642,0.2631358,0.7368642,0.2631358,-0.013616502,-0.015122592,-0.015122592,0.7232477,0.2767523,0.900268,0.900268,-0.009193629,0.009193629,0.18193288,-0.18193288,0.0,-0.013616502,0.0,0.0,0.08230959,-0.08230959,0.1633797,-0.1633797,0.08230959,-0.08230959,0.09962329,-0.09962329,0.0,0.0,0.0,0.0,0.0,1.0,0.0,0.0,1.0,0.0,0.0,0.0,0.0,0.0,0.0,0.0,0.0,0.0,0.0,0.0,0.0,0.0,0.0,0.0,0.0,0.0,0.0,0.0,0.0,0.0,0.0,0.0,0.0,1.0,0.0,0.0,0.0,0.0,0.0,0.0,0.0,0.0,0.0,0.0,0.0,0.0,0.0,0.0,0.0,0.0,0.0,00-0033873,P.Mahomes,,00-0033040,T.Hill,,,,,,,,,,,,,,,,,,,,,,,,,,,,,,,,,,,,,,,,,,,,,,,,,,,,,,,,,,,,,,,,,0.0,,,,,,,,,,,,,,,,,,,,,,,,,,,,,,,,0.0,,,,,0.0,,,0.0,0.0,0.0,0.0,,,2021,0.3094217,-30.94217,12.0,0.0,Punt,797.0,"11/1/21, 20:15:34",2021-11-02T00:43:37Z,GEHA Field at Arrowhead Stadium,"Temp: 39° F, Humidity: 86%, Wind: Northeast 3 mph",c59968af-b37c-11eb-ba8a-ecb6fe06b3b0,0,0.0,PASS,0.0,,,,5.0,Punt,2021-11-02T00:40:25Z,6.0,1:34,1.0,0.0,0.0,1.0,1.0,0.0,PUNT,PUNT,04:50,03:16,KC 25,KC 35,681.0,819.0,17,20,Home,3,37,10.5,53.0,0,outdoors,grass ,39.0,4.0,Andy Reid,Joe Judge,KAN00,GEHA Field at Arrowhead Stadium,0.0,0.0,P.Mahomes,15.0,,,T.Hill,10.0,1.0,0.0,0.0,0.0,1.0,00-0033873,,00-0033040,P.Mahomes,15.0,00-0033873,T.Hill,00-0033040,T.Hill,00-0033040,0.0,1.0,-1.3948002,1.2284727,14.316911,9.0,1.0,1.0,0.9735411,2.645892,2021_08_NYG_KC,KC,SHOTGUN,"1 RB, 1 TE, 3 WR",5.0,"2 DL, 3 LB, 6 DB",4.0,43367;53479;46152;40011;53645;41325;42349;47891;53876;53492;44822;43351;52663;53655;52504;46522;52444;53500;43454;44830;39646;40031,00-0032391;00-0034752;00-0030506;00-0031376;00-0036623;00-0033873;00-0036660;00-0036367;00-0034297;00-0033040;00-0029664,00-0036552;00-0036845;00-0031933;00-0034974;00-0036611;00-0032890;00-0036167;00-0036388;00-0036899;00-0033878;00-0030411,11.0,11.0,36.45,3.838,False,GO,ZONE_COVERAGE,COVER_3,,,,,,,7.0
819.0,2021_08_NYG_KC,2021110100,KC,NYG,REG,8,KC,home,NYG,KC,65.0,2021-11-01,204.0,1104.0,2904.0,Half1,0.0,5.0,0.0,1.0,4.0,0,03:24,KC 35,10.0,10.0,"(3:24) 5-T.Townsend punts 50 yards to NYG 15, Center-41-J.Winchester, fair catch by 13-D.Pettis.",punt,0.0,0.0,0.0,0.0,0.0,0.0,0.0,,,,,,,,50.0,,,3.0,2.0,0.0,,,,,3.0,2.0,7.0,0.0,7.0,0.0,7.0,7.0,0.0,7.0,0.039126344,0.2061578,0.0029599578,0.31648567,0.14803009,0.003515359,0.2837248,0.0,0.0,-0.40259835,0.6441121,6.2630124,-6.2630124,0.7887942,-0.7887942,4.657931,-4.657931,,,0.0,0.0,2.0032632,-2.0032632,7.3405504,-7.3405504,6.841519,-6.841519,-2.183588,2.183588,0.7232477,0.2767523,0.7232477,0.2767523,-0.0026359558,0.016686007,0.016686007,0.72061175,0.27938825,0.8851454,0.8851454,-0.009193629,0.009193629,0.18193288,-0.18193288,,,0.0,0.0,0.08230959,-0.08230959,0.1633797,-0.1633797,0.08230959,-0.08230959,0.09962329,-0.09962329,0.0,0.0,0.0,0.0,0.0,0.0,0.0,0.0,0.0,0.0,0.0,1.0,0.0,0.0,0.0,1.0,0.0,0.0,0.0,0.0,0.0,0.0,0.0,0.0,0.0,0.0,0.0,0.0,0.0,0.0,0.0,0.0,0.0,0.0,0.0,0.0,0.0,0.0,0.0,0.0,0.0,0.0,0.0,1.0,0.0,0.0,0.0,0.0,0.0,0.0,0.0,,,,,,,,,,,,,,,,,,,,,,00-0034860,D.Pettis,,,,,,,00-0035889,T.Townsend,,,,,,,,,,,,,,,,,,,,,,,,,,,,,,,,,,,,,,,0.0,,,,,,,,,,,,,,,,,,,,,,,,,,,,,,,NYG,0.0,,,,,0.0,,,0.0,0.0,0.0,0.0,,,2021,,,12.0,0.0,Punt,819.0,"11/1/21, 20:15:34",2021-11-02T00:44:11Z,GEHA Field at Arrowhead Stadium,"Temp: 39° F, Humidity: 86%, Wind: Northeast 3 mph",c59968af-b37c-11eb-ba8a-ecb6fe06b3b0,0,0.0,PUNT,1.0,,,,5.0,Punt,2021-11-02T00:40:25Z,6.0,1:34,1.0,0.0,0.0,1.0,1.0,0.0,PUNT,PUNT,04:50,03:16,KC 25,KC 35,681.0,819.0,17,20,Home,3,37,10.5,53.0,0,outdoors,grass ,39.0,4.0,Andy Reid,Joe Judge,KAN00,GEHA Field at Arrowhead Stadium,0.0,1.0,,,,,,,0.0,0.0,0.0,1.0,0.0,,,,,,,,,,,0.0,1.0,0.6441121,,,,,,,,2021_08_NYG_KC,KC,,,,,,46113;40994;48003;48259;46916;52518;46407;46312;43880;53645;52591;42511;46193;46772;52791;53591;46169;46521;53625;45369;53500;46526,00-0030615;00-0035157;00-0034145;00-0031595;00-0034680;00-0035889;00-0036637;00-0034781;00-0034296;00-0033481;00-0034301,00-0034860;00-0035304;00-0034736;00-0036394;00-0034435;00-0032813;00-0036845;00-0036400;00-0034588;00-0036569;00-0036899,11.0,11.0,,,,,,,,,,,,,8.0
847.0,2021_08_NYG_KC,2021110100,KC,NYG,REG,8,NYG,away,KC,NYG,85.0,2021-11-01,196.0,1096.0,2896.0,Half1,0.0,6.0,0.0,1.0,1.0,0,03:16,NYG 15,10.0,85.0,(3:16) 8-D.Jones scrambles left end to NYG 17 for 2 yards (50-W.Gay).,run,2.0,0.0,0.0,1.0,0.0,0.0,1.0,,,,,left,end,,,,,3.0,2.0,0.0,,,,,2.0,3.0,7.0,0.0,0.0,7.0,-7.0,0.0,7.0,-7.0,0.038390085,0.17346811,0.0024362959,0.3194677,0.18241203,0.0027959014,0.28102988,0.0,0.0,-0.24151374,-0.40170953,6.664722,-6.664722,1.1905037,-1.1905037,4.657931,-4.657931,,,0.0,0.0,2.0032632,-2.0032632,7.3405504,-7.3405504,6.841519,-6.841519,-2.183588,2.183588,0.27938825,0.72061175,0.72061175,0.27938825,-0.0060099065,0.0086706355,-0.0086706355,0.7266216,0.27337834,0.09816857,0.90183145,-0.0031837225,0.0031837225,0.18193288,-0.18193288,,,0.0,0.0,0.08230959,-0.08230959,0.1633797,-0.1633797,0.08230959,-0.08230959,0.09962329,-0.09962329,0.0,0.0,0.0,0.0,0.0,0.0,0.0,0.0,0.0,0.0,0.0,0.0,0.0,0.0,0.0,0.0,0.0,0.0,0.0,0.0,0.0,0.0,0.0,0.0,1.0,0.0,0.0,0.0,0.0,0.0,0.0,0.0,1.0,0.0,0.0,0.0,0.0,0.0,0.0,0.0,0.0,0.0,0.0,0.0,0.0,0.0,0.0,0.0,0.0,0.0,0.0,,,,,,,00-0035710,D.Jones,2.0,,,,,,,,,,,,,,,,,,,,,,,,,,,,,,,,,,,,,,,,,,,KC,,00-0036362,,W.Gay,,,,,,,,,,,,,,0.0,,,,,,,,,,,,,,,,,,,,,,,,,,,,,,,,0.0,,,,,0.0,,,0.0,0.0,0.0,0.0,,,2021,,,13.0,1.0,First down,847.0,"11/1/21, 20:15:34",2021-11-02T00:47:00Z,GEHA Field at Arrowhead Stadium,"Temp: 39° F, Humidity: 86%, Wind: Northeast 3 mph",c59968af-b37c-11eb-ba8a-ecb6fe06b3b0,0,0.0,RUSH,0.0,,,,6.0,Touchdown,2021-11-02T00:47:00Z,9.0,4:02,4.0,1.0,1.0,1.0,2.0,0.0,PUNT,TOUCHDOWN,03:16,14:14,NYG 15,KC 1,847.0,1108.0,17,20,Home,3,37,10.5,53.0,0,outdoors,grass ,39.0,4.0,Andy Reid,Joe Judge,KAN00,GEHA Field at Arrowhead Stadium,0.0,0.0,D.Jones,8.0,,8.0,,,1.0,0.0,0.0,0.0,1.0,00-0035710,,,D.Jones,8.0,00-0035710,D.Jones,00-0035710,D.Jones,00-0035710,0.0,1.0,-0.40170953,,,,,,0.44103187,55.896812,2021_08_NYG_KC,NYG,SINGLEBACK,"1 RB, 2 TE, 2 WR",7.0,"4 DL, 3 LB, 4 DB",4.0,46113;43425;37090;52546;44835;46757;47846;42406;43338;46090;47789;43695;53487;40017;40051;46103;52471;52792;46521;52507;52573;37118,00-0034860;00-0032972;00-0027955;00-0033881;00-0034762;00-0035710;00-0032575;00-0034346;00-0036392;00-0036254;00-0027981,00-0036374;00-0034573;00-0035625;00-0032210;00-0032387;00-0036621;00-0030459;00-0030503;00-0036362;00-0035890;00-0034296,11.0,11.0,,,,,,,,,,,,,39.0
868.0,2021_08_NYG_KC,2021110100,KC,NYG,REG,8,NYG,away,KC,NYG,83.0,2021-11-01,157.0,1057.0,2857.0,Half1,0.0,6.0,0.0,1.0,2.0,0,02:37,NYG 17,8.0,85.0,"(2:37) (No Huddle, Shotgun) 28-D.Booker up the middle to NYG 14 for -3 yards (54-N.Bolton; 97-A.Okafor).",run,-3.0,1.0,1.0,0.0,0.0,0.0,0.0,,,,,middle,,,,,,3.0,2.0,0.0,,,,,2.0,3.0,7.0,0.0,0.0,7.0,-7.0,0.0,7.0,-7.0,0.037467215,0.17701723,0.0024335831,0.3468005,0.18001695,0.002720755,0.25354382,0.0,0.0,-0.6432233,-0.84044677,7.505169,-7.505169,2.0309505,-2.0309505,4.657931,-4.657931,,,0.0,0.0,2.0032632,-2.0032632,7.3405504,-7.3405504,6.841519,-6.841519,-2.183588,2.183588,0.27337834,0.7266216,0.7266216,0.27337834,-0.02917783,-0.007408358,0.007408358,0.7557995,0.24420051,0.1068392,0.8931608,0.025994107,-0.025994107,0.18193288,-0.18193288,,,0.0,0.0,0.08230959,-0.08230959,0.1633797,-0.1633797,0.08230959,-0.08230959,0.09962329,-0.09962329,0.0,0.0,0.0,0.0,0.0,0.0,0.0,0.0,0.0,0.0,0.0,0.0,0.0,0.0,0.0,0.0,0.0,0.0,0.0,0.0,0.0,0.0,0.0,0.0,0.0,0.0,0.0,1.0,0.0,0.0,0.0,0.0,1.0,0.0,0.0,0.0,0.0,0.0,0.0,0.0,0.0,0.0,0.0,0.0,0.0,0.0,1.0,0.0,0.0,0.0,0.0,,,,,,,00-0032972,D.Booker,-3.0,,,,,,,,,,,,,,,,,,,,,,,,,,,,,,,,,,,,,,,,,,,,,,,,,00-0036621,N.Bolton,KC,00-0030503,A.Okafor,KC,,,,,,,0.0,,,,,,,,,,,,,,,,,,,,,,,,,,,,,,,,0.0,,,,,0.0,,,0.0,0.0,0.0,0.0,,,2021,,,13.0,1.0,First down,868.0,"11/1/21, 20:15:34",2021-11-02T00:47:39Z,GEHA Field at Arrowhead Stadium,"Temp: 39° F, Humidity: 86%, Wind: Northeast 3 mph",c59968af-b37c-11eb-ba8a-ecb6fe06b3b0,0,0.0,RUSH,0.0,,,,6.0,Touchdown,2021-11-02T00:47:00Z,9.0,4:02,4.0,1.0,1.0,1.0,2.0,0.0,PUNT,TOUCHDOWN,03:16,14:14,NYG 15,KC 1,847.0,1108.0,17,20,Home,3,37,10.5,53.0,0,outdoors,grass ,39.0,4.0,Andy Reid,Joe Judge,KAN00,GEHA Field at Arrowhead Stadium,0.0,0.0,,,D.Booker,28.0,,,0.0,1.0,0.0,0.0,1.0,,00-0032972,,D.Booker,28.0,00-0032972,D.Booker,00-0032972,D.Booker,00-0032972,0.0,1.0,-0.84044677,,,,,,0.6403563,-64.03563,2021_08_NYG_KC,NYG,SHOTGUN,"1 RB, 1 TE, 3 WR",6.0,"4 DL, 2 LB, 5 DB",,43425;43329;37090;52546;44835;46757;47846;42406;53449;43338;46090;47789;43695;53487;47984;40017;47954;40051;46103;46521;52507;43326,00-0032972;00-0032385;00-0027955;00-0033881;00-0036913;00-0034762;00-0035710;00-0032575;00-0035535;00-0034346;00-0036392,00-0036374;00-0034573;00-0035625;00-0032210;00-0032387;00-0036621;00-0035147;00-0030459;00-0030503;00-0034296;00-0032762,11.0,11.0,,,,,,,,,,,,,41.0
889.0,2021_08_NYG_KC,2021110100,KC,NYG,REG,8,,,,,,2021-11-01,116.0,1016.0,2816.0,Half1,0.0,6.0,0.0,1.0,,0,01:56,NYG 14,0.0,85.0,Timeout #1 by KC at 01:56.,no_play,0.0,0.0,0.0,0.0,0.0,0.0,0.0,,,,,,,,,,,2.0,2.0,1.0,KC,,,,,,7.0,0.0,,,,,,,0.0,0.0,0.0,0.0,0.0,0.0,0.0,0.0,0.0,-1.48367,-0.0,7.505169,-7.505169,2.0309505,-2.0309505,4.657931,-4.657931,,,0.0,0.0,2.0032632,-2.0032632,7.3405504,-7.3405504,6.841519,-6.841519,-2.183588,2.183588,0.24420051,0.7557995,0.7557995,0.24420051,-0.0,-0.0,0.0,,,0.099430844,0.90056914,0.025994107,-0.025994107,0.18193288,-0.18193288,,,0.0,0.0,0.08230959,-0.08230959,0.1633797,-0.1633797,0.08230959,-0.08230959,0.09962329,-0.09962329,0.0,0.0,0.0,0.0,0.0,0.0,0.0,0.0,0.0,0.0,0.0,0.0,0.0,0.0,0.0,0.0,0.0,0.0,0.0,0.0,0.0,0.0,0.0,0.0,0.0,0.0,0.0,0.0,0.0,0.0,0.0,0.0,0.0,0.0,0.0,0.0,0.0,0.0,0.0,0.0,0.0,0.0,0.0,0.0,0.0,0.0,0.0,0.0,0.0,0.0,0.0,,,,,,,,,,,,,,,,,,,,,,,,,,,,,,,,,,,,,,,,,,,,,,,,,,,,,,,,,,,,,,,,,,,,,,0.0,,,,,,,,,,,,,,,,,,,,,,,,,,,,,,,,0.0,,,,,0.0,,,0.0,0.0,0.0,0.0,,,2021,,,13.0,1.0,First down,889.0,"11/1/21, 20:15:34",2021-11-02T00:48:44Z,GEHA Field at Arrowhead Stadium,"Temp: 39° F, Humidity: 86%, Wind: Northeast 3 mph",c59968af-b37c-11eb-ba8a-ecb6fe06b3b0,0,0.0,TIMEOUT,0.0,,,,6.0,Touchdown,2021-11-02T00:47:00Z,9.0,4:02,4.0,1.0,1.0,1.0,2.0,0.0,PUNT,TOUCHDOWN,03:16,14:14,NYG 15,KC 1,847.0,1108.0,17,20,Home,3,37,10.5,53.0,0,outdoors,grass ,39.0,4.0,Andy Reid,Joe Judge,KAN00,GEHA Field at Arrowhead Stadium,0.0,0.0,,,,,,,0.0,0.0,0.0,0.0,0.0,,,,,,,,,,,0.0,1.0,-0.0,,,,,,,,2021_08_NYG_KC,,,,,,,,,,0.0,0.0,,,,,,,,,,,,,0.0
917.0,2021_08_NYG_KC,2021110100,KC,NYG,REG,8,NYG,away,KC,NYG,86.0,2021-11-01,116.0,1016.0,2816.0,Half1,0.0,6.0,0.0,1.0,3.0,0,01:56,NYG 14,11.0,85.0,"(1:56) (Shotgun) 8-D.Jones pass deep middle to 12-J.Ross to KC 36 for 50 yards (49-D.Sorensen). Penalty on KC-49-D.Sorensen, Defensive Pass Interference, declined.",pass,50.0,1.0,0.0,1.0,0.0,0.0,0.0,deep,middle,50.0,0.0,,,,,,,2.0,2.0,0.0,,,,,2.0,2.0,7.0,0.0,0.0,7.0,-7.0,0.0,7.0,-7.0,0.05051234,0.25797313,0.0057214457,0.3496973,0.1488798,0.001515561,0.1857004,0.0,0.0,-1.48367,4.9659925,2.5391762,-2.5391762,2.0309505,-2.0309505,-0.30806178,0.30806178,4.9659925,0.0,4.9659925,0.0,-2.9627292,2.9627292,7.3405504,-7.3405504,1.8755262,-1.8755262,-2.183588,2.183588,0.24420051,0.7557995,0.7557995,0.24420051,0.10311572,0.04229805,-0.04229805,0.65268373,0.34731624,0.099430844,0.90056914,0.025994107,-0.025994107,0.07881716,-0.07881716,0.10311572,0.0,0.10311572,0.0,-0.020806134,0.020806134,0.1633797,-0.1633797,-0.020806134,0.020806134,0.09962329,-0.09962329,0.0,0.0,1.0,0.0,1.0,0.0,0.0,0.0,0.0,0.0,0.0,0.0,0.0,0.0,0.0,0.0,0.0,0.0,0.0,0.0,0.0,0.0,0.0,0.0,1.0,0.0,0.0,0.0,0.0,0.0,0.0,0.0,0.0,1.0,0.0,0.0,0.0,0.0,0.0,0.0,0.0,0.0,0.0,0.0,0.0,1.0,0.0,0.0,0.0,0.0,0.0,00-0035710,D.Jones,50.0,00-0033460,J.Ross,50.0,,,,,,,,,,,,,,,,,,,,,,,,,,,,,,,,,,,,,,,,,,,,,,KC,,00-0030665,,D.Sorensen,,,,,,,,,,,,,,0.0,,,,,,,,,,,,,,,,,,,,,,,,,,,,,,,,0.0,,,,,0.0,,,0.0,0.0,0.0,0.0,,,2021,0.2637246,73.62754,13.0,1.0,First down,917.0,"11/1/21, 20:15:34",2021-11-02T00:49:37Z,GEHA Field at Arrowhead Stadium,"Temp: 39° F, Humidity: 86%, Wind: Northeast 3 mph",c59968af-b37c-11eb-ba8a-ecb6fe06b3b0,0,0.0,PASS,0.0,,,,6.0,Touchdown,2021-11-02T00:47:00Z,9.0,4:02,4.0,1.0,1.0,1.0,2.0,0.0,PUNT,TOUCHDOWN,03:16,14:14,NYG 15,KC 1,847.0,1108.0,17,20,Home,3,37,10.5,53.0,0,outdoors,grass ,39.0,4.0,Andy Reid,Joe Judge,KAN00,GEHA Field at Arrowhead Stadium,0.0,1.0,D.Jones,8.0,,,J.Ross,12.0,1.0,0.0,1.0,0.0,1.0,00-0035710,,00-0033460,D.Jones,8.0,00-0035710,J.Ross,00-0033460,J.Ross,00-0033460,0.0,1.0,4.9659925,0.65266716,8.607761,4.0,1.0,1.0,0.96017474,3.982526,2021_08_NYG_KC,NYG,SHOTGUN,"1 RB, 1 TE, 3 WR",6.0,"4 DL, 1 LB, 6 DB",4.0,43329;43425;37090;52546;44835;46757;47846;42406;46090;47789;43695;47984;40017;47954;40051;44821;46103;52792;46521;52507;41502;43326,00-0032385;00-0032972;00-0027955;00-0033881;00-0034762;00-0035710;00-0032575;00-0035535;00-0033460;00-0034346;00-0036392,00-0036374;00-0034573;00-0035625;00-0032210;00-0035147;00-0030459;00-0030503;00-0035890;00-0034296;00-0030665;00-0032762,11.0,11.0,48.31,3.937,False,GO,ZONE_COVERAGE,COVER_2,,,,,,,15.0
952.0,2021_08_NYG_KC,2021110100,KC,NYG,REG,8,NYG,away,KC,KC,36.0,2021-11-01,101.0,1001.0,2801.0,Half1,0.0,6.0,0.0,1.0,1.0,0,01:41,KC 36,10.0,85.0,"(1:41) (No Huddle, Shotgun) 89-K.Toney pass short right to 3-S.Shepard to KC 17 for 19 yards (32-T.Mathieu; 54-N.Bolton).",pass,19.0,1.0,1.0,1.0,0.0,0.0,0.0,short,right,13.0,6.0,,,,,,,2.0,2.0,0.0,,,,,2.0,2.0,7.0,0.0,0.0,7.0,-7.0,0.0,7.0,-7.0,0.027654778,0.057177447,0.0009560323,0.093914166,0.35554874,0.001344418,0.46340442,0.0,0.0,3.4823225,1.2758894,1.263287,-1.263287,2.0309505,-2.0309505,-1.5839511,1.5839511,0.8951065,0.3807828,0.8951065,0.3807828,-3.8578358,3.8578358,6.959768,-6.959768,0.9804197,-0.9804197,-2.5643709,2.5643709,0.34731624,0.65268373,0.65268373,0.34731624,0.03275931,0.021492198,-0.021492198,0.6199244,0.38007554,0.1417289,0.8582711,0.025994107,-0.025994107,0.04605785,-0.04605785,0.0,0.03275931,0.0,0.03275931,-0.020806134,0.020806134,0.13062039,-0.13062039,-0.020806134,0.020806134,0.066863984,-0.066863984,0.0,0.0,1.0,0.0,0.0,0.0,0.0,0.0,0.0,0.0,0.0,0.0,0.0,0.0,0.0,0.0,0.0,0.0,0.0,0.0,0.0,0.0,0.0,0.0,0.0,0.0,0.0,0.0,0.0,0.0,0.0,0.0,0.0,1.0,0.0,0.0,0.0,0.0,0.0,0.0,0.0,0.0,0.0,0.0,0.0,1.0,1.0,0.0,0.0,0.0,0.0,00-0036913,K.Toney,19.0,00-0032385,S.Shepard,19.0,,,,,,,,,,,,,,,,,,,,,,,,,,,,,,,,,,,,,,,,,,,,,,,,,,,,00-0030459,T.Mathieu,KC,00-0036621,N.Bolton,KC,,,,,,,0.0,,,,,,,,,,,,,,,,,,,,,,,,,,,,,,,,0.0,,,,,0.0,,,0.0,0.0,0.0,0.0,,,2021,0.6150555,38.49445,14.0,1.0,First down,952.0,"11/1/21, 20:15:34",2021-11-02T00:50:25Z,GEHA Field at Arrowhead Stadium,"Temp: 39° F, Humidity: 86%, Wind: Northeast 3 mph",c59968af-b37c-11eb-ba8a-ecb6fe06b3b0,0,0.0,PASS,0.0,,,,6.0,Touchdown,2021-11-02T00:47:00Z,9.0,4:02,4.0,1.0,1.0,1.0,2.0,0.0,PUNT,TOUCHDOWN,03:16,14:14,NYG 15,KC 1,847.0,1108.0,17,20,Home,3,37,10.5,53.0,0,outdoors,grass ,39.0,4.0,Andy Reid,Joe Judge,KAN00,GEHA Field at Arrowhead Stadium,0.0,1.0,K.Toney,89.0,,,S.Shepard,3.0,1.0,0.0,1.0,0.0,1.0,00-0036913,,00-0032385,K.Toney,89.0,00-0036913,S.Shepard,00-0032385,S.Shepard,00-0032385,0.0,1.0,1.2758894,0.19659552,2.8134334,1.0,1.0,0.9990162,0.45745197,54.254803,2021_08_NYG_KC,NYG,EMPTY,"1 RB, 1 TE, 3 WR",6.0,"4 DL, 2 LB, 5 DB",4.0,46144;43329;37090;52546;46757;47846;43880;53449;52585;46090;47789;53487;43695;47984;40017;40051;44821;47959;46103;52471;52792;52507,00-0032385;00-0027955;00-0032813;00-0036913;00-0034762;00-0035710;00-0032575;00-0033460;00-0034988;00-0034346;00-0036392,00-0034818;00-0036374;00-0034573;00-0035625;00-0036378;00-0036621;00-0035147;00-0030459;00-0030503;00-0036362;00-0035890,11.0,11.0,13.2,4.437,False,CROSS,ZONE_COVERAGE,COVER_2,,,,,,,46.0
976.0,2021_08_NYG_KC,2021110100,KC,NYG,REG,8,NYG,away,KC,KC,17.0,2021-11-01,55.0,955.0,2755.0,Half1,0.0,6.0,0.0,1.0,1.0,0,00:55,KC 17,10.0,85.0,(:55) (Shotgun) 28-D.Booker up the middle to KC 6 for 11 yards (35-C.Ward).,run,11.0,1.0,0.0,0.0,0.0,0.0,0.0,,,,,middle,,,,,,2.0,2.0,0.0,,,,,2.0,2.0,7.0,0.0,0.0,7.0,-7.0,0.0,7.0,-7.0,0.011862521,0.021656001,0.00046942197,0.036540516,0.35585472,0.0005959596,0.5730209,0.0,0.0,4.7582116,0.80591506,0.45737186,-0.45737186,1.2250354,-1.2250354,-1.5839511,1.5839511,,,0.0,0.0,-3.8578358,3.8578358,6.959768,-6.959768,0.9804197,-0.9804197,-2.5643709,2.5643709,0.38007554,0.6199244,0.6199244,0.38007554,0.019151121,0.01621133,-0.01621133,0.60077333,0.39922667,0.16322109,0.8367789,0.0068429857,-0.0068429857,0.04605785,-0.04605785,,,0.0,0.0,-0.020806134,0.020806134,0.13062039,-0.13062039,-0.020806134,0.020806134,0.066863984,-0.066863984,0.0,1.0,0.0,0.0,0.0,0.0,0.0,0.0,0.0,0.0,0.0,0.0,0.0,0.0,0.0,0.0,0.0,0.0,0.0,0.0,0.0,0.0,0.0,0.0,1.0,0.0,0.0,0.0,0.0,0.0,0.0,0.0,1.0,0.0,0.0,0.0,0.0,0.0,0.0,0.0,0.0,0.0,0.0,0.0,0.0,0.0,0.0,0.0,0.0,0.0,0.0,,,,,,,00-0032972,D.Booker,11.0,,,,,,,,,,,,,,,,,,,,,,,,,,,,,,,,,,,,,,,,,,,KC,,00-0034573,,C.Ward,,,,,,,,,,,,,,0.0,,,,,,,,,,,,,,,,,,,,,,,,,,,,,,,,0.0,,,,,0.0,,,0.0,0.0,0.0,0.0,,,2021,,,15.0,1.0,First down,976.0,"11/1/21, 20:15:34",2021-11-02T00:51:11Z,GEHA Field at Arrowhead Stadium,"Temp: 39° F, Humidity: 86%, Wind: Northeast 3 mph",c59968af-b37c-11eb-ba8a-ecb6fe06b3b0,0,0.0,RUSH,0.0,,,,6.0,Touchdown,2021-11-02T00:47:00Z,9.0,4:02,4.0,1.0,1.0,1.0,2.0,0.0,PUNT,TOUCHDOWN,03:16,14:14,NYG 15,KC 1,847.0,1108.0,17,20,Home,3,37,10.5,53.0,0,outdoors,grass ,39.0,4.0,Andy Reid,Joe Judge,KAN00,GEHA Field at Arrowhead Stadium,0.0,1.0,,,D.Booker,28.0,,,0.0,1.0,1.0,0.0,1.0,,00-0032972,,D.Booker,28.0,00-0032972,D.Booker,00-0032972,D.Booker,00-0032972,0.0,1.0,0.80591506,,,,,,0.4148733,-41.48733,2021_08_NYG_KC,NYG,SHOTGUN,"1 RB, 1 TE, 3 WR",7.0,"4 DL, 2 LB, 5 DB",,46144;43425;43329;37090;52546;44835;46757;53449;52585;46090;47789;43695;53487;47984;40017;47954;40051;52471;46103;52792;52507;41502,00-0032972;00-0032385;00-0027955;00-0033881;00-0036913;00-0034762;00-0035710;00-0032575;00-0035535;00-0034346;00-0036392,00-0034818;00-0036374;00-0034573;00-0036378;00-0036621;00-0035147;00-0030459;00-0030503;00-0036362;00-0035890;00-0030665,11.0,11.0,,,,,,,,,,,,,22.0
997.0,2021_08_NYG_KC,2021110100,KC,NYG,REG,8,NYG,away,KC,KC,6.0,2021-11-01,33.0,933.0,2733.0,Half1,0.0,6.0,0.0,1.0,1.0,1,00:33,KC 6,6.0,85.0,"(:33) (No Huddle) 28-D.Booker left guard to KC 4 for 2 yards (50-W.Gay, 38-L.Sneed).",run,2.0,0.0,1.0,0.0,0.0,0.0,0.0,,,,,left,guard,,,,,2.0,2.0,0.0,,,,,2.0,2.0,7.0,0.0,0.0,7.0,-7.0,0.0,7.0,-7.0,0.008734364,0.014698043,0.00035907276,0.021349737,0.23070912,0.000557595,0.7235921,0.0,0.0,5.564127,-0.11670392,0.57407576,-0.57407576,1.3417393,-1.3417393,-1.5839511,1.5839511,,,0.0,0.0,-3.8578358,3.8578358,6.959768,-6.959768,0.9804197,-0.9804197,-2.5643709,2.5643709,0.39922667,0.60077333,0.60077333,0.39922667,-0.01598528,-0.0014827847,0.0014827847,0.6167586,0.3832414,0.17943242,0.8205676,0.022828266,-0.022828266,0.04605785,-0.04605785,,,0.0,0.0,-0.020806134,0.020806134,0.13062039,-0.13062039,-0.020806134,0.020806134,0.066863984,-0.066863984,0.0,0.0,0.0,0.0,0.0,0.0,0.0,0.0,0.0,0.0,0.0,0.0,0.0,0.0,0.0,0.0,0.0,0.0,0.0,0.0,0.0,0.0,0.0,0.0,0.0,0.0,0.0,0.0,0.0,0.0,0.0,0.0,1.0,0.0,0.0,0.0,0.0,0.0,0.0,0.0,0.0,0.0,0.0,0.0,0.0,0.0,1.0,0.0,0.0,0.0,0.0,,,,,,,00-0032972,D.Booker,2.0,,,,,,,,,,,,,,,,,,,,,,,,,,,,,,,,,,,,,,,,,,,,,,,,,00-0036374,L.Sneed,KC,,,,,,,,,,1.0,00-0036362,W.Gay,KC,,,,,,,,,,,,,,,,,,,,,,,,,,,,,0.0,,,,,0.0,,,0.0,0.0,0.0,0.0,,,2021,,,16.0,1.0,Touchdown,997.0,"11/1/21, 20:15:34",2021-11-02T00:51:36Z,GEHA Field at Arrowhead Stadium,"Temp: 39° F, Humidity: 86%, Wind: Northeast 3 mph",c59968af-b37c-11eb-ba8a-ecb6fe06b3b0,0,0.0,RUSH,0.0,,,,6.0,Touchdown,2021-11-02T00:47:00Z,9.0,4:02,4.0,1.0,1.0,1.0,2.0,0.0,PUNT,TOUCHDOWN,03:16,14:14,NYG 15,KC 1,847.0,1108.0,17,20,Home,3,37,10.5,53.0,0,outdoors,grass ,39.0,4.0,Andy Reid,Joe Judge,KAN00,GEHA Field at Arrowhead Stadium,0.0,0.0,,,D.Booker,28.0,,,0.0,1.0,0.0,0.0,1.0,,00-0032972,,D.Booker,28.0,00-0032972,D.Booker,00-0032972,D.Booker,00-0032972,0.0,1.0,-0.11670392,,,,,,0.36821854,-36.821854,2021_08_NYG_KC,NYG,SINGLEBACK,"1 RB, 1 TE, 3 WR",7.0,"4 DL, 2 LB, 5 DB",,46144;43329;43425;52546;37090;44835;46757;52585;53449;46090;47789;43695;53487;47984;40017;47954;40051;52471;46103;52792;52507;41502,00-0032385;00-0032972;00-0027955;00-0033881;00-0036913;00-0034762;00-0035710;00-0032575;00-0035535;00-0034346;00-0036392,00-0034818;00-0036374;00-0034573;00-0036378;00-0036621;00-0035147;00-0030459;00-0030503;00-0036362;00-0035890;00-0030665,11.0,11.0,,,,,,,,,,,,,33.0
1018.0,2021_08_NYG_KC,2021110100,KC,NYG,REG,8,NYG,away,KC,,,2021-11-01,0.0,900.0,2700.0,Half1,1.0,6.0,0.0,1.0,,0,00:00,KC 4,0.0,85.0,END QUARTER 1,,,0.0,0.0,,0.0,0.0,0.0,,,,,,,,,,,2.0,2.0,,,,,,2.0,2.0,7.0,0.0,0.0,7.0,-7.0,0.0,7.0,-7.0,0.0,0.0,0.0,0.0,0.0,0.0,0.0,0.0,0.0,5.447423,-0.0,0.57407576,-0.57407576,1.3417393,-1.3417393,-1.5839511,1.5839511,,,,,-3.8578358,3.8578358,6.959768,-6.959768,0.9804197,-0.9804197,-2.5643709,2.5643709,0.3832414,0.6167586,0.6167586,0.3832414,-0.0,-0.0,0.0,0.6167586,0.3832414,0.17794964,0.82205033,0.022828266,-0.022828266,0.04605785,-0.04605785,,,,,-0.020806134,0.020806134,0.13062039,-0.13062039,-0.020806134,0.020806134,0.066863984,-0.066863984,,,,,,,,,,0.0,,,,,,,,,,,,,,,,,,,,,,,,,,,,,,,,,,,,,,,,,,,,,,,,,,,,,,,,,,,,,,,,,,,,,,,,,,,,,,,,,,,,,,,,,,,,,,,,,,,,,,,,,,,,,,,,,,,,,,,,,,,,,,,,,,,,,,,,,,,,,,,,,,,,0.0,,,,,,,,,2021,,,16.0,1.0,Touchdown,1018.0,"11/1/21, 20:15:34",,GEHA Field at Arrowhead Stadium,"Temp: 39° F, Humidity: 86%, Wind: Northeast 3 mph",c59968af-b37c-11eb-ba8a-ecb6fe06b3b0,0,0.0,END_QUARTER,0.0,,,,6.0,Touchdown,2021-11-02T00:47:00Z,9.0,4:02,4.0,1.0,1.0,1.0,2.0,0.0,PUNT,TOUCHDOWN,03:16,14:14,NYG 15,KC 1,847.0,1108.0,17,20,Home,3,37,10.5,53.0,0,outdoors,grass ,39.0,4.0,Andy Reid,Joe Judge,KAN00,GEHA Field at Arrowhead Stadium,0.0,0.0,,,,,,,0.0,0.0,,0.0,0.0,,,,,,,,,,,0.0,1.0,-0.0,,,,,,,,2021_08_NYG_KC,,,,,,,,,,0.0,0.0,,,,,,,,,,,,,0.0
1037.0,2021_08_NYG_KC,2021110100,KC,NYG,REG,8,NYG,away,KC,KC,4.0,2021-11-01,900.0,900.0,2700.0,Half1,0.0,6.0,0.0,2.0,2.0,1,15:00,KC 4,4.0,85.0,(15:00) (Shotgun) 8-D.Jones pass incomplete short right to 3-S.Shepard.,pass,0.0,1.0,0.0,1.0,0.0,0.0,0.0,short,right,4.0,,,,,,,,2.0,2.0,0.0,,,,,2.0,2.0,7.0,0.0,0.0,7.0,-7.0,0.0,7.0,-7.0,0.008970347,0.014967744,0.00035087854,0.023071352,0.25234306,0.0009156174,0.699381,0.0,0.0,5.447423,-1.0114485,1.5855243,-1.5855243,1.3417393,-1.3417393,-0.5725027,0.5725027,1.5525771,-2.5640256,0.0,0.0,-3.8578358,3.8578358,6.959768,-6.959768,-0.5721574,0.5721574,-0.0003452681,0.0003452681,0.3832414,0.6167586,0.6167586,0.3832414,-0.023664802,-0.010597885,0.010597885,0.6404234,0.35957658,0.17794964,0.82205033,0.022828266,-0.022828266,0.06972265,-0.06972265,0.0,-0.023664802,0.0,0.0,-0.020806134,0.020806134,0.13062039,-0.13062039,-0.020806134,0.020806134,0.090528786,-0.090528786,0.0,0.0,0.0,0.0,0.0,0.0,0.0,0.0,1.0,0.0,0.0,0.0,0.0,0.0,0.0,0.0,0.0,0.0,0.0,0.0,0.0,0.0,0.0,0.0,0.0,0.0,0.0,0.0,0.0,0.0,0.0,0.0,0.0,1.0,0.0,0.0,0.0,0.0,0.0,0.0,0.0,0.0,0.0,0.0,0.0,0.0,0.0,0.0,0.0,0.0,0.0,00-0035710,D.Jones,,00-0032385,S.Shepard,,,,,,,,,,,,,,,,,,,,,,,,,,,,,,,,,,,,,,,,,,,,,,,,,,,,,,,,,,,,,,,,,0.0,,,,,,,,,,,,,,,,,,,,,,,,,,,,,,,,0.0,,,,,0.0,,,0.0,0.0,0.0,0.0,,,2021,0.43146276,-43.14628,16.0,1.0,Touchdown,1037.0,"11/1/21, 20:15:34",2021-11-02T00:54:55Z,GEHA Field at Arrowhead Stadium,"Temp: 39° F, Humidity: 86%, Wind: Northeast 3 mph",c59968af-b37c-11eb-ba8a-ecb6fe06b3b0,0,0.0,PASS,0.0,,,,6.0,Touchdown,2021-11-02T00:47:00Z,9.0,4:02,4.0,1.0,1.0,1.0,2.0,0.0,PUNT,TOUCHDOWN,03:16,14:14,NYG 15,KC 1,847.0,1108.0,17,20,Home,3,37,10.5,53.0,0,outdoors,grass ,39.0,4.0,Andy Reid,Joe Judge,KAN00,GEHA Field at Arrowhead Stadium,0.0,0.0,D.Jones,8.0,,,S.Shepard,3.0,1.0,0.0,0.0,0.0,1.0,00-0035710,,00-0032385,D.Jones,8.0,00-0035710,S.Shepard,00-0032385,S.Shepard,00-0032385,0.0,1.0,-1.0114485,,,,,,0.5296573,47.03427,2021_08_NYG_KC,NYG,SHOTGUN,"1 RB, 2 TE, 2 WR",7.0,"4 DL, 3 LB, 4 DB",5.0,46144;43329;43425;37090;52546;44835;46757;42406;46090;43338;47789;43695;53487;40017;46103;52471;46521;52507;52573;43326;37118;41502,00-0032385;00-0032972;00-0027955;00-0033881;00-0034762;00-0035710;00-0032575;00-0034346;00-0036392;00-0036254;00-0027981,00-0034818;00-0036374;00-0034573;00-0032210;00-0032387;00-0036621;00-0030459;00-0036362;00-0034296;00-0032762;00-0030665,11.0,11.0,8.16,2.276,False,CORNER,MAN_COVERAGE,COVER_1,,,,,,,4.0
1059.0,2021_08_NYG_KC,2021110100,KC,NYG,REG,8,NYG,away,KC,KC,4.0,2021-11-01,896.0,896.0,2696.0,Half1,0.0,6.0,0.0,2.0,3.0,1,14:56,KC 4,4.0,85.0,(14:56) 8-D.Jones pass short left to 3-S.Shepard to KC 1 for 3 yards (38-L.Sneed).,pass,3.0,0.0,0.0,1.0,0.0,0.0,0.0,short,left,1.0,2.0,,,,,,,2.0,2.0,0.0,,,,,2.0,2.0,7.0,0.0,0.0,7.0,-7.0,0.0,7.0,-7.0,0.010969345,0.01912782,0.0004284115,0.029668778,0.46782157,0.0010913892,0.47089267,0.0,0.0,4.4359746,0.053345684,1.5321786,-1.5321786,1.3417393,-1.3417393,-0.62584835,0.62584835,-1.4772102,1.5305558,-1.4772102,1.5305558,-2.3806255,2.3806255,5.429212,-5.429212,0.90505284,-0.90505284,-1.5309012,1.5309012,0.35957658,0.6404234,0.6404234,0.35957658,-0.026233196,0.0046130717,-0.0046130717,0.6666566,0.3333434,0.16735175,0.8326483,0.022828266,-0.022828266,0.09595585,-0.09595585,0.0,-0.026233196,0.0,-0.026233196,-0.020806134,0.020806134,0.15685359,-0.15685359,-0.020806134,0.020806134,0.11676198,-0.11676198,0.0,0.0,0.0,0.0,0.0,1.0,0.0,0.0,0.0,0.0,0.0,0.0,0.0,0.0,0.0,0.0,0.0,0.0,0.0,0.0,0.0,0.0,0.0,0.0,1.0,0.0,0.0,0.0,0.0,0.0,0.0,0.0,0.0,1.0,0.0,0.0,0.0,0.0,0.0,0.0,0.0,0.0,0.0,0.0,0.0,1.0,0.0,0.0,0.0,0.0,0.0,00-0035710,D.Jones,3.0,00-0032385,S.Shepard,3.0,,,,,,,,,,,,,,,,,,,,,,,,,,,,,,,,,,,,,,,,,,,,,,KC,,00-0036374,,L.Sneed,,,,,,,,,,,,,,0.0,,,,,,,,,,,,,,,,,,,,,,,,,,,,,,,,0.0,,,,,0.0,,,0.0,0.0,0.0,0.0,,,2021,0.6900289,30.997108,16.0,1.0,Touchdown,1059.0,"11/1/21, 20:15:34",2021-11-02T00:55:34Z,GEHA Field at Arrowhead Stadium,"Temp: 39° F, Humidity: 86%, Wind: Northeast 3 mph",c59968af-b37c-11eb-ba8a-ecb6fe06b3b0,0,0.0,PASS,0.0,,,,6.0,Touchdown,2021-11-02T00:47:00Z,9.0,4:02,4.0,1.0,1.0,1.0,2.0,0.0,PUNT,TOUCHDOWN,03:16,14:14,NYG 15,KC 1,847.0,1108.0,17,20,Home,3,37,10.5,53.0,0,outdoors,grass ,39.0,4.0,Andy Reid,Joe Judge,KAN00,GEHA Field at Arrowhead Stadium,0.0,1.0,D.Jones,8.0,,,S.Shepard,3.0,1.0,0.0,0.0,0.0,1.0,00-0035710,,00-0032385,D.Jones,8.0,00-0035710,S.Shepard,00-0032385,S.Shepard,00-0032385,0.0,1.0,0.053345684,2.3833344,2.0203125,3.0,0.6901812,0.51796705,0.9125936,8.74064,2021_08_NYG_KC,NYG,EMPTY,"1 RB, 3 TE, 1 WR",6.0,"4 DL, 3 LB, 4 DB",4.0,46144;43329;43425;37090;52546;44835;46757;42406;46090;43338;47789;43695;53487;40017;46103;47959;52471;46521;52507;43326;37118;41502,00-0032385;00-0032972;00-0027955;00-0033881;00-0034762;00-0035710;00-0032575;00-0034346;00-0034988;00-0036392;00-0027981,00-0034818;00-0036374;00-0034573;00-0032210;00-0032387;00-0036621;00-0030459;00-0036362;00-0034296;00-0032762;00-0030665,11.0,11.0,-2.06,0.901,False,SCREEN,MAN_COVERAGE,COVER_0,,,,,,,37.0
1083.0,2021_08_NYG_KC,2021110100,KC,NYG,REG,8,NYG,away,KC,KC,1.0,2021-11-01,859.0,859.0,2659.0,Half1,0.0,6.0,1.0,2.0,4.0,1,14:19,KC 1,1.0,85.0,"(14:19) 8-D.Jones pass short left to 80-K.Rudolph for 1 yard, TOUCHDOWN.",pass,1.0,0.0,0.0,1.0,0.0,0.0,0.0,short,left,1.0,0.0,,,,,,,2.0,2.0,0.0,,NYG,K.Rudolph,00-0027981,2.0,2.0,7.0,6.0,0.0,7.0,-7.0,6.0,7.0,-1.0,0.016256807,0.031098647,0.00050589733,0.05308636,0.33156905,0.002371465,0.56511176,0.0,0.0,4.4893203,2.51068,-0.9785013,0.9785013,1.3417393,-1.3417393,-3.1365283,3.1365283,2.51068,0.0,2.51068,0.0,-4.8913054,4.8913054,5.429212,-5.429212,-1.6056271,1.6056271,-1.5309012,1.5309012,0.3333434,0.6666566,0.6666566,0.3333434,0.13128658,0.03947113,-0.03947113,0.53537005,0.46462998,0.17196482,0.8280352,0.022828266,-0.022828266,-0.035330728,0.035330728,0.13128658,0.0,0.13128658,0.0,-0.15209271,0.15209271,0.15685359,-0.15685359,-0.15209271,0.15209271,0.11676198,-0.11676198,0.0,0.0,1.0,0.0,0.0,0.0,1.0,0.0,0.0,0.0,0.0,0.0,0.0,0.0,0.0,0.0,0.0,0.0,0.0,0.0,0.0,0.0,0.0,0.0,0.0,0.0,0.0,0.0,0.0,0.0,0.0,0.0,0.0,1.0,0.0,1.0,1.0,0.0,0.0,0.0,0.0,0.0,0.0,0.0,0.0,1.0,0.0,0.0,0.0,0.0,0.0,00-0035710,D.Jones,1.0,00-0027981,K.Rudolph,1.0,,,,,,,,,,,,,,,,,,,,,,,,,,,,,,,,,,,,,,,,,,,,,,,,,,,,,,,,,,,,,,,,0.0,,,,,,,,,,,,,,,,,,,,,,,,,,,,,,,,0.0,,,,,0.0,,,0.0,0.0,0.0,0.0,,,2021,0.5824007,41.759933,16.0,1.0,Touchdown,1083.0,"11/1/21, 20:15:34",2021-11-02T00:56:13Z,GEHA Field at Arrowhead Stadium,"Temp: 39° F, Humidity: 86%, Wind: Northeast 3 mph",c59968af-b37c-11eb-ba8a-ecb6fe06b3b0,0,0.0,PASS,0.0,,,,6.0,Touchdown,2021-11-02T00:47:00Z,9.0,4:02,4.0,1.0,1.0,1.0,2.0,0.0,PUNT,TOUCHDOWN,03:16,14:14,NYG 15,KC 1,847.0,1108.0,17,20,Home,3,37,10.5,53.0,0,outdoors,grass ,39.0,4.0,Andy Reid,Joe Judge,KAN00,GEHA Field at Arrowhead Stadium,0.0,1.0,D.Jones,8.0,,,K.Rudolph,80.0,1.0,0.0,1.0,0.0,1.0,00-0035710,,00-0027981,D.Jones,8.0,00-0035710,K.Rudolph,00-0027981,K.Rudolph,00-0027981,0.0,1.0,2.51068,,,,,,0.4002126,59.97874,2021_08_NYG_KC,NYG,JUMBO,"6 OL, 2 RB, 2 TE, 0 WR",11.0,"6 DL, 2 LB, 3 DB",7.0,46144;43425;37090;47846;43880;52585;43338;46090;47789;43695;53487;40017;46323;40051;46103;47959;52792;46521;52507;37118;41502;43326,00-0032972;00-0027955;00-0032813;00-0034762;00-0035710;00-0032575;00-0034687;00-0034346;00-0034988;00-0036392;00-0027981,00-0034818;00-0035625;00-0036378;00-0032387;00-0036621;00-0030459;00-0030503;00-0035890;00-0034296;00-0030665;00-0032762,11.0,11.0,4.74,2.603,False,OUT,MAN_COVERAGE,COVER_0,,,,,,,5.0
1108.0,2021_08_NYG_KC,2021110100,KC,NYG,REG,8,NYG,away,KC,KC,15.0,2021-11-01,854.0,854.0,2654.0,Half1,0.0,6.0,1.0,2.0,,0,14:14,KC 15,0.0,85.0,"5-G.Gano extra point is GOOD, Center-58-C.Kreiter, Holder-9-R.Dixon.",extra_point,0.0,0.0,0.0,0.0,0.0,0.0,0.0,,,,,,,,33.0,good,,2.0,2.0,0.0,,,,,2.0,2.0,7.0,7.0,6.0,7.0,-1.0,7.0,7.0,0.0,0.0,0.0,0.0,0.0,0.0,0.0,0.0,0.932427,0.0,0.932427,0.067573,-1.0460743,1.0460743,1.3417393,-1.3417393,-3.1365283,3.1365283,,,0.0,0.0,-4.8913054,4.8913054,5.429212,-5.429212,-1.6056271,1.6056271,-1.5309012,1.5309012,0.46462998,0.53537005,0.53537005,0.46462998,0.0042430605,0.0020048788,-0.0020048788,0.531127,0.46887302,0.21143596,0.788564,0.022828266,-0.022828266,-0.035330728,0.035330728,,,0.0,0.0,-0.15209271,0.15209271,0.15685359,-0.15685359,-0.15209271,0.15209271,0.11676198,-0.11676198,0.0,0.0,0.0,0.0,0.0,0.0,0.0,0.0,0.0,0.0,0.0,0.0,0.0,0.0,0.0,0.0,0.0,0.0,0.0,0.0,0.0,0.0,0.0,0.0,0.0,0.0,0.0,0.0,0.0,0.0,0.0,0.0,0.0,0.0,0.0,0.0,0.0,0.0,0.0,1.0,0.0,0.0,0.0,0.0,0.0,0.0,0.0,0.0,0.0,0.0,0.0,,,,,,,,,,,,,,,,,,,,,,,,,,,,,,,,G.Gano,00-0026858,,,,,,,,,,,,,,,,,,,,,,,,,,,,,,,,,,,,,0.0,,,,,,,,,,,,,,,,,,,,,,,,,,,,,,,,0.0,,,,,0.0,,,0.0,0.0,0.0,0.0,,,2021,,,16.0,1.0,Touchdown,1108.0,"11/1/21, 20:15:34",2021-11-02T00:56:58Z,GEHA Field at Arrowhead Stadium,"Temp: 39° F, Humidity: 86%, Wind: Northeast 3 mph",c59968af-b37c-11eb-ba8a-ecb6fe06b3b0,0,0.0,XP_KICK,1.0,,,,6.0,Touchdown,2021-11-02T00:47:00Z,9.0,4:02,4.0,1.0,1.0,1.0,2.0,0.0,PUNT,TOUCHDOWN,03:16,14:14,NYG 15,KC 1,847.0,1108.0,17,20,Home,3,37,10.5,53.0,0,outdoors,grass ,39.0,4.0,Andy Reid,Joe Judge,KAN00,GEHA Field at Arrowhead Stadium,0.0,1.0,,,,,,,0.0,0.0,0.0,1.0,0.0,,,,,,,,,,,0.0,1.0,0.067573,,,,,,,,2021_08_NYG_KC,NYG,,,,,,46144;37090;41797;46407;52585;46090;47914;53487;46193;46323;40051;46103;47800;52792;45369;46521;46169;52507;43517;35102;37118,00-0027955;00-0030957;00-0034762;00-0035263;00-0034687;00-0034346;00-0035683;00-0036392;00-0032943;00-0026858;00-0027981,00-0034818;00-0034145;00-0036378;00-0036621;00-0034680;00-0030503;00-0035890;00-0033481;00-0034296;00-0034781,11.0,10.0,,,,,,,,,,,,,0.0
1124.0,2021_08_NYG_KC,2021110100,KC,NYG,REG,8,KC,home,NYG,NYG,35.0,2021-11-01,854.0,854.0,2654.0,Half1,0.0,7.0,0.0,2.0,,0,14:14,NYG 35,0.0,2.0,"5-G.Gano kicks 65 yards from NYG 35 to end zone, Touchback.",kickoff,0.0,0.0,0.0,0.0,0.0,0.0,0.0,,,,,,,,65.0,,,2.0,2.0,0.0,,,,,2.0,2.0,7.0,7.0,7.0,7.0,0.0,7.0,7.0,0.0,0.073830016,0.14519678,0.0017087263,0.20311593,0.24742211,0.004730808,0.32399565,0.0,0.0,1.1588782,0.0,-1.0460743,1.0460743,1.3417393,-1.3417393,-3.1365283,3.1365283,,,0.0,0.0,-4.8913054,4.8913054,5.429212,-5.429212,-1.6056271,1.6056271,-1.5309012,1.5309012,0.531127,0.46887302,0.531127,0.46887302,0.0,0.0,0.0,0.531127,0.46887302,0.78655916,0.78655916,0.022828266,-0.022828266,-0.035330728,0.035330728,,,0.0,0.0,-0.15209271,0.15209271,0.15685359,-0.15685359,-0.15209271,0.15209271,0.11676198,-0.11676198,0.0,0.0,0.0,0.0,0.0,0.0,0.0,0.0,0.0,1.0,0.0,0.0,0.0,0.0,0.0,0.0,0.0,0.0,0.0,0.0,0.0,0.0,0.0,0.0,0.0,0.0,0.0,0.0,0.0,0.0,0.0,0.0,0.0,0.0,0.0,0.0,0.0,0.0,0.0,0.0,0.0,0.0,1.0,0.0,0.0,0.0,0.0,0.0,0.0,0.0,0.0,,,,,,,,,,,,,,,,,,,,,,,,,,,,,,,,G.Gano,00-0026858,,,,,,,,,,,,,,,,,,,,,,,,,,,,,,,,,,,,,0.0,,,,,,,,,,,,,,,,,,,,,,,,,,,,,,,KC,0.0,,,,,0.0,,,0.0,0.0,0.0,0.0,,,2021,,,17.0,0.0,Punt,1124.0,"11/1/21, 20:15:34",2021-11-02T00:58:12Z,GEHA Field at Arrowhead Stadium,"Temp: 39° F, Humidity: 86%, Wind: Northeast 3 mph",c59968af-b37c-11eb-ba8a-ecb6fe06b3b0,0,0.0,KICK_OFF,1.0,,,,7.0,Punt,2021-11-02T00:58:12Z,3.0,0:54,0.0,0.0,0.0,2.0,2.0,0.0,KICKOFF,PUNT,14:14,13:20,KC 25,KC 27,1124.0,1204.0,17,20,Home,3,37,10.5,53.0,0,outdoors,grass ,39.0,4.0,Andy Reid,Joe Judge,KAN00,GEHA Field at Arrowhead Stadium,0.0,0.0,,,,,,,0.0,0.0,0.0,1.0,0.0,,,,,,,,,,,0.0,1.0,0.0,,,,,,,,2021_08_NYG_KC,NYG,,,,,,48003;48259;46916;49476;52518;46407;43880;46312;41325;52591;42511;47891;46772;45369;46169;46521;53625;46522;42460;52573;35102;41502,00-0035304;00-0034736;00-0036394;00-0032813;00-0034435;00-0036400;00-0034974;00-0034588;00-0036569;00-0036254;00-0026858,00-0035157;00-0035715;00-0034145;00-0031376;00-0031595;00-0033481;00-0034781;00-0034296;00-0034297;00-0032062;00-0030665,11.0,11.0,,,,,,,,,,,,,0.0
1139.0,2021_08_NYG_KC,2021110100,KC,NYG,REG,8,KC,home,NYG,KC,75.0,2021-11-01,854.0,854.0,2654.0,Half1,0.0,7.0,0.0,2.0,1.0,0,14:14,KC 25,10.0,2.0,(14:14) 31-Da.Williams up the middle to KC 27 for 2 yards (97-D.Lawrence).,run,2.0,0.0,0.0,0.0,0.0,0.0,0.0,,,,,middle,,,,,,2.0,2.0,0.0,,,,,2.0,2.0,7.0,7.0,7.0,7.0,0.0,7.0,7.0,0.0,0.073830016,0.14519678,0.0017087263,0.20311593,0.24742211,0.004730808,0.32399565,0.0,0.0,1.1588782,-0.43609834,-1.4821726,1.4821726,0.90564096,-0.90564096,-3.1365283,3.1365283,,,0.0,0.0,-4.8913054,4.8913054,5.429212,-5.429212,-1.6056271,1.6056271,-1.5309012,1.5309012,0.531127,0.46887302,0.531127,0.46887302,-0.018297672,-0.02393359,-0.02393359,0.5128293,0.4871707,0.78655916,0.78655916,0.0045305938,-0.0045305938,-0.035330728,0.035330728,,,0.0,0.0,-0.15209271,0.15209271,0.15685359,-0.15685359,-0.15209271,0.15209271,0.11676198,-0.11676198,0.0,0.0,0.0,0.0,0.0,0.0,0.0,0.0,0.0,0.0,0.0,0.0,0.0,0.0,0.0,0.0,0.0,0.0,0.0,0.0,0.0,0.0,0.0,0.0,1.0,0.0,0.0,0.0,0.0,0.0,0.0,0.0,1.0,0.0,0.0,0.0,0.0,0.0,0.0,0.0,0.0,0.0,0.0,0.0,0.0,0.0,0.0,0.0,0.0,0.0,0.0,,,,,,,00-0034301,Da.Williams,2.0,,,,,,,,,,,,,,,,,,,,,,,,,,,,,,,,,,,,,,,,,,,NYG,,00-0035683,,D.Lawrence,,,,,,,,,,,,,,0.0,,,,,,,,,,,,,,,,,,,,,,,,,,,,,,,,0.0,,,,,0.0,,,0.0,0.0,0.0,0.0,,,2021,,,17.0,0.0,Punt,1139.0,"11/1/21, 20:15:34",2021-11-02T00:58:45Z,GEHA Field at Arrowhead Stadium,"Temp: 39° F, Humidity: 86%, Wind: Northeast 3 mph",c59968af-b37c-11eb-ba8a-ecb6fe06b3b0,0,0.0,RUSH,0.0,,,,7.0,Punt,2021-11-02T00:58:12Z,3.0,0:54,0.0,0.0,0.0,2.0,2.0,0.0,KICKOFF,PUNT,14:14,13:20,KC 25,KC 27,1124.0,1204.0,17,20,Home,3,37,10.5,53.0,0,outdoors,grass ,39.0,4.0,Andy Reid,Joe Judge,KAN00,GEHA Field at Arrowhead Stadium,0.0,0.0,,,Da.Williams,31.0,,,0.0,1.0,0.0,0.0,1.0,,00-0034301,,Da.Williams,31.0,00-0034301,Da.Williams,00-0034301,Da.Williams,00-0034301,0.0,1.0,-0.43609834,,,,,,0.5184773,-51.847733,2021_08_NYG_KC,KC,SINGLEBACK,"1 RB, 3 TE, 1 WR",6.0,"3 DL, 3 LB, 5 DB",,43330;43332;52518;43367;53479;46152;40011;42349;53492;44822;43351;53591;53655;52663;47800;52504;46522;52444;42460;46526;44830;40031,00-0032391;00-0034752;00-0030506;00-0036623;00-0033873;00-0036637;00-0036660;00-0036367;00-0034297;00-0032062;00-0034301,00-0033058;00-0032763;00-0036394;00-0036552;00-0031933;00-0032890;00-0036167;00-0035683;00-0036388;00-0033878;00-0030411,11.0,11.0,,,,,,,,,,,,,29.0
1160.0,2021_08_NYG_KC,2021110100,KC,NYG,REG,8,KC,home,NYG,KC,73.0,2021-11-01,825.0,825.0,2625.0,Half1,0.0,7.0,0.0,2.0,2.0,0,13:45,KC 27,8.0,2.0,(13:45) (Shotgun) 15-P.Mahomes pass incomplete short left to 10-T.Hill (24-J.Bradberry).,pass,0.0,1.0,0.0,1.0,0.0,0.0,0.0,short,left,8.0,,,,,,,,2.0,2.0,0.0,,,,,2.0,2.0,7.0,7.0,7.0,7.0,0.0,7.0,7.0,0.0,0.07934586,0.15897362,0.0018347068,0.22689542,0.22892366,0.0046639484,0.29936275,0.0,0.0,0.7227799,-0.7331994,-2.215372,2.215372,0.90564096,-0.90564096,-3.8697276,3.8697276,0.96563077,-1.6988302,0.0,0.0,-4.8913054,4.8913054,5.429212,-5.429212,-0.6399963,0.6399963,-3.2297313,3.2297313,0.5128293,0.4871707,0.5128293,0.4871707,-0.026890278,-0.018528104,-0.018528104,0.48593903,0.514061,0.7626256,0.7626256,0.0045305938,-0.0045305938,-0.062221006,0.062221006,0.0,-0.026890278,0.0,0.0,-0.15209271,0.15209271,0.15685359,-0.15685359,-0.15209271,0.15209271,0.089871705,-0.089871705,0.0,0.0,0.0,0.0,0.0,0.0,0.0,0.0,1.0,0.0,0.0,0.0,0.0,0.0,0.0,0.0,0.0,0.0,0.0,0.0,0.0,0.0,0.0,0.0,0.0,0.0,0.0,0.0,0.0,0.0,0.0,0.0,0.0,1.0,0.0,0.0,0.0,0.0,0.0,0.0,0.0,0.0,0.0,0.0,0.0,0.0,0.0,0.0,0.0,0.0,0.0,00-0033873,P.Mahomes,,00-0033040,T.Hill,,,,,,,,,,,,,,,,,,,,,,,,,,,,,,,,,,,,,,,,,,,,,,,,,,,,,,,,,,,,,,,,,0.0,,,,,,,00-0032890,J.Bradberry,,,,,,,,,,,,,,,,,,,,,,,,0.0,,,,,0.0,,,0.0,0.0,0.0,0.0,,,2021,0.64477867,-64.47787,17.0,0.0,Punt,1160.0,"11/1/21, 20:15:34",2021-11-02T00:59:15Z,GEHA Field at Arrowhead Stadium,"Temp: 39° F, Humidity: 86%, Wind: Northeast 3 mph",c59968af-b37c-11eb-ba8a-ecb6fe06b3b0,0,0.0,PASS,0.0,,,,7.0,Punt,2021-11-02T00:58:12Z,3.0,0:54,0.0,0.0,0.0,2.0,2.0,0.0,KICKOFF,PUNT,14:14,13:20,KC 25,KC 27,1124.0,1204.0,17,20,Home,3,37,10.5,53.0,0,outdoors,grass ,39.0,4.0,Andy Reid,Joe Judge,KAN00,GEHA Field at Arrowhead Stadium,0.0,0.0,P.Mahomes,15.0,,,T.Hill,10.0,1.0,0.0,0.0,0.0,1.0,00-0033873,,00-0033040,P.Mahomes,15.0,00-0033873,T.Hill,00-0033040,T.Hill,00-0033040,0.0,1.0,-0.7331994,0.31868258,3.8409915,2.0,0.9989154,0.9720202,0.73986,26.014,2021_08_NYG_KC,KC,SHOTGUN,"1 RB, 1 TE, 3 WR",5.0,"2 DL, 3 LB, 6 DB",4.0,47878;53479;43367;46152;40011;42349;47891;53492;44822;43415;53655;52663;43351;47800;52504;46522;52444;53500;46526;43454;44830;40031,00-0032391;00-0034752;00-0030506;00-0036623;00-0033873;00-0032775;00-0036660;00-0036367;00-0034297;00-0034301;00-0033040,00-0035708;00-0036552;00-0031933;00-0034974;00-0036167;00-0032890;00-0035683;00-0036388;00-0036899;00-0033878;00-0030411,11.0,11.0,11.96,2.469,False,POST,ZONE_COVERAGE,COVER_3,,,,,,,5.0
1182.0,2021_08_NYG_KC,2021110100,KC,NYG,REG,8,KC,home,NYG,KC,73.0,2021-11-01,820.0,820.0,2620.0,Half1,0.0,7.0,0.0,2.0,3.0,0,13:40,KC 27,8.0,2.0,(13:40) (Shotgun) 15-P.Mahomes pass incomplete short right [99-L.Williams].,pass,0.0,1.0,0.0,1.0,0.0,0.0,0.0,short,right,9.0,,,,,,,,2.0,2.0,0.0,,,,,2.0,2.0,7.0,7.0,7.0,7.0,0.0,7.0,7.0,0.0,0.07997216,0.18615636,0.0019292372,0.26660913,0.2038957,0.004715412,0.256722,0.0,0.0,-0.010419532,-1.1854655,-3.4008377,3.4008377,0.90564096,-0.90564096,-5.055193,5.055193,1.9195249,-3.1049905,0.0,0.0,-4.8913054,4.8913054,5.429212,-5.429212,1.2795286,-1.2795286,-6.3347216,6.3347216,0.48593903,0.514061,0.48593903,0.514061,-0.041282266,0.0005212426,0.0005212426,0.44465676,0.5553433,0.7440975,0.7440975,0.0045305938,-0.0045305938,-0.10350327,0.10350327,0.0,-0.041282266,0.0,0.0,-0.15209271,0.15209271,0.15685359,-0.15685359,-0.15209271,0.15209271,0.04858944,-0.04858944,0.0,0.0,0.0,0.0,0.0,1.0,0.0,0.0,1.0,0.0,0.0,0.0,0.0,0.0,0.0,0.0,0.0,0.0,0.0,0.0,0.0,0.0,0.0,0.0,0.0,0.0,0.0,0.0,0.0,0.0,0.0,1.0,0.0,1.0,0.0,0.0,0.0,0.0,0.0,0.0,0.0,0.0,0.0,0.0,0.0,0.0,0.0,0.0,0.0,0.0,0.0,00-0033873,P.Mahomes,,,,,,,,,,,,,,,,,,,,,,,,,,,,,,,,,,,,,,,,00-0031933,L.Williams,,,,,,,,,,,,,,,,,,,,,,,,,,,0.0,,,,,,,,,,,,,,,,,,,,,,,,,,,,,,,,0.0,,,,,0.0,,,0.0,0.0,0.0,0.0,,,2021,,,17.0,0.0,Punt,1182.0,"11/1/21, 20:15:34",2021-11-02T00:59:53Z,GEHA Field at Arrowhead Stadium,"Temp: 39° F, Humidity: 86%, Wind: Northeast 3 mph",c59968af-b37c-11eb-ba8a-ecb6fe06b3b0,0,0.0,PASS,0.0,,,,7.0,Punt,2021-11-02T00:58:12Z,3.0,0:54,0.0,0.0,0.0,2.0,2.0,0.0,KICKOFF,PUNT,14:14,13:20,KC 25,KC 27,1124.0,1204.0,17,20,Home,3,37,10.5,53.0,0,outdoors,grass ,39.0,4.0,Andy Reid,Joe Judge,KAN00,GEHA Field at Arrowhead Stadium,0.0,0.0,P.Mahomes,15.0,,,,,1.0,0.0,0.0,0.0,1.0,00-0033873,,,P.Mahomes,15.0,00-0033873,,,,,0.0,1.0,-1.1854655,,,,,,0.9858045,1.4195502,2021_08_NYG_KC,KC,SHOTGUN,"1 RB, 1 TE, 3 WR",5.0,"1 DL, 4 LB, 6 DB",5.0,47878;53479;43367;46152;40011;41325;42349;52591;47891;53492;44822;43415;53655;52663;43351;52504;46522;52444;53500;43454;44830;40031,00-0032391;00-0034752;00-0030506;00-0031376;00-0036623;00-0033873;00-0032775;00-0036660;00-0036367;00-0034297;00-0033040,00-0035708;00-0036552;00-0031933;00-0036400;00-0034974;00-0036167;00-0032890;00-0036388;00-0036899;00-0033878;00-0030411,11.0,11.0,,7.508,True,,MAN_COVERAGE,2_MAN,,,,,,,10.0
1204.0,2021_08_NYG_KC,2021110100,KC,NYG,REG,8,KC,home,NYG,KC,73.0,2021-11-01,810.0,810.0,2610.0,Half1,0.0,7.0,0.0,2.0,4.0,0,13:30,KC 27,8.0,2.0,"(13:30) 5-T.Townsend punts 58 yards to NYG 15, Center-41-J.Winchester. 13-D.Pettis MUFFS catch, recovered by NYG-31-K.Crossen at NYG 15. NYG-13-D.Pettis was injured during the play. He is Out.",punt,0.0,0.0,0.0,0.0,0.0,0.0,0.0,,,,,,,,58.0,,,2.0,2.0,0.0,,,,,2.0,2.0,7.0,7.0,7.0,7.0,0.0,7.0,7.0,0.0,0.08599517,0.24235556,0.002878069,0.32394326,0.14620815,0.004884449,0.19373532,0.0,0.0,-1.1958851,1.0157293,-2.3851082,2.3851082,0.90564096,-0.90564096,-5.055193,5.055193,,,0.0,0.0,-4.8913054,4.8913054,5.429212,-5.429212,1.2795286,-1.2795286,-6.3347216,6.3347216,0.44465676,0.5553433,0.44465676,0.5553433,0.08410475,-0.020707369,-0.020707369,0.5287615,0.4712385,0.7446187,0.7446187,0.0045305938,-0.0045305938,-0.10350327,0.10350327,,,0.0,0.0,-0.15209271,0.15209271,0.15685359,-0.15685359,-0.15209271,0.15209271,0.04858944,-0.04858944,0.0,0.0,0.0,0.0,0.0,0.0,0.0,0.0,0.0,0.0,0.0,1.0,0.0,0.0,0.0,0.0,0.0,0.0,0.0,0.0,0.0,0.0,1.0,0.0,0.0,0.0,0.0,0.0,0.0,0.0,0.0,0.0,0.0,0.0,0.0,0.0,0.0,0.0,0.0,0.0,0.0,0.0,0.0,1.0,1.0,0.0,0.0,0.0,0.0,0.0,0.0,,,,,,,,,,,,,,,,,,,,,,00-0034860,D.Pettis,,,,,,,00-0035889,T.Townsend,,,,,,,,,,,,,,,,,,,,,,,,,,,,,,,,,,,,,,,0.0,,,,,,,,,,,NYG,00-0034860,D.Pettis,,,,NYG,0.0,00-0034435,K.Crossen,,,,,,,,,,,NYG,0.0,,,,,0.0,,,0.0,0.0,0.0,0.0,,,2021,,,17.0,0.0,Punt,1204.0,"11/1/21, 20:15:34",2021-11-02T01:00:26Z,GEHA Field at Arrowhead Stadium,"Temp: 39° F, Humidity: 86%, Wind: Northeast 3 mph",c59968af-b37c-11eb-ba8a-ecb6fe06b3b0,0,0.0,PUNT,1.0,,,,7.0,Punt,2021-11-02T00:58:12Z,3.0,0:54,0.0,0.0,0.0,2.0,2.0,0.0,KICKOFF,PUNT,14:14,13:20,KC 25,KC 27,1124.0,1204.0,17,20,Home,3,37,10.5,53.0,0,outdoors,grass ,39.0,4.0,Andy Reid,Joe Judge,KAN00,GEHA Field at Arrowhead Stadium,0.0,1.0,,,,,,,0.0,0.0,0.0,1.0,0.0,,,,,,,,,,,0.0,1.0,1.0157293,,,,,,,,2021_08_NYG_KC,KC,,,,,,46113;40994;48003;48259;46916;52518;46407;46312;43880;53645;42511;52591;46193;46772;53591;52791;46169;46521;53625;45369;53500;46526,00-0030615;00-0035157;00-0034145;00-0031595;00-0034680;00-0036637;00-0035889;00-0034781;00-0034296;00-0033481;00-0034301,00-0034860;00-0035304;00-0034736;00-0036394;00-0034435;00-0032813;00-0036845;00-0036400;00-0034588;00-0036569;00-0036899,11.0,11.0,,,,,,,,,,,,,10.0
1242.0,2021_08_NYG_KC,2021110100,KC,NYG,REG,8,NYG,away,KC,NYG,85.0,2021-11-01,800.0,800.0,2600.0,Half1,0.0,8.0,0.0,2.0,1.0,0,13:20,NYG 15,10.0,2.0,(13:20) (Shotgun) 28-D.Booker right guard to NYG 17 for 2 yards (54-N.Bolton).,run,2.0,1.0,0.0,0.0,0.0,0.0,0.0,,,,,right,guard,,,,,2.0,2.0,0.0,,,,,2.0,2.0,7.0,7.0,7.0,7.0,0.0,7.0,7.0,0.0,0.088063166,0.18721218,0.0047523305,0.25117558,0.1908899,0.00169827,0.27620855,0.0,0.0,0.18015578,-0.37291467,-2.0121937,2.0121937,1.2785556,-1.2785556,-5.055193,5.055193,,,0.0,0.0,-4.8913054,4.8913054,5.429212,-5.429212,1.2795286,-1.2795286,-6.3347216,6.3347216,0.4712385,0.5287615,0.5287615,0.4712385,-0.0049928725,-0.0058250427,0.0058250427,0.53375435,0.46624562,0.27608865,0.72391135,0.009523466,-0.009523466,-0.10350327,0.10350327,,,0.0,0.0,-0.15209271,0.15209271,0.15685359,-0.15685359,-0.15209271,0.15209271,0.04858944,-0.04858944,0.0,0.0,0.0,0.0,0.0,0.0,0.0,0.0,0.0,0.0,0.0,0.0,0.0,0.0,0.0,0.0,0.0,0.0,0.0,0.0,0.0,0.0,0.0,0.0,1.0,0.0,0.0,0.0,0.0,0.0,0.0,0.0,1.0,0.0,0.0,0.0,0.0,0.0,0.0,0.0,0.0,0.0,0.0,0.0,0.0,0.0,0.0,0.0,0.0,0.0,0.0,,,,,,,00-0032972,D.Booker,2.0,,,,,,,,,,,,,,,,,,,,,,,,,,,,,,,,,,,,,,,,,,,KC,,00-0036621,,N.Bolton,,,,,,,,,,,,,,0.0,,,,,,,,,,,,,,,,,,,,,,,,,,,,,,,,0.0,,,,,0.0,,,0.0,0.0,0.0,0.0,,,2021,,,18.0,0.0,Punt,1242.0,"11/1/21, 20:15:34",2021-11-02T01:03:46Z,GEHA Field at Arrowhead Stadium,"Temp: 39° F, Humidity: 86%, Wind: Northeast 3 mph",c59968af-b37c-11eb-ba8a-ecb6fe06b3b0,0,0.0,RUSH,0.0,,,,8.0,Punt,2021-11-02T01:03:46Z,3.0,0:57,0.0,0.0,0.0,2.0,2.0,0.0,PUNT,PUNT,13:20,12:23,NYG 15,NYG 17,1242.0,1323.0,17,20,Home,3,37,10.5,53.0,0,outdoors,grass ,39.0,4.0,Andy Reid,Joe Judge,KAN00,GEHA Field at Arrowhead Stadium,0.0,0.0,,,D.Booker,28.0,,,0.0,1.0,0.0,0.0,1.0,,00-0032972,,D.Booker,28.0,00-0032972,D.Booker,00-0032972,D.Booker,00-0032972,0.0,1.0,-0.37291467,,,,,,0.4323324,-43.23324,2021_08_NYG_KC,NYG,SHOTGUN,"1 RB, 2 TE, 2 WR",6.0,"4 DL, 3 LB, 4 DB",,46144;43425;37090;52546;46757;47846;52585;46090;47789;43695;53487;40017;47954;44821;46103;47959;52471;52792;46521;52507;37118;43326,00-0032972;00-0027955;00-0034762;00-0035710;00-0032575;00-0035535;00-0033460;00-0034346;00-0034988;00-0036392;00-0027981,00-0034818;00-0036374;00-0034573;00-0035625;00-0036378;00-0036621;00-0030459;00-0036362;00-0035890;00-0034296;00-0032762,11.0,11.0,,,,,,,,,,,,,41.0
1267.0,2021_08_NYG_KC,2021110100,KC,NYG,REG,8,NYG,away,KC,NYG,83.0,2021-11-01,759.0,759.0,2559.0,Half1,0.0,8.0,0.0,2.0,2.0,0,12:39,NYG 17,8.0,2.0,"(12:39) (No Huddle, Shotgun) 8-D.Jones pass incomplete short right to 3-S.Shepard [95-C.Jones].",pass,0.0,1.0,1.0,1.0,0.0,0.0,0.0,short,right,2.0,,,,,,,,2.0,2.0,0.0,,,,,2.0,2.0,7.0,7.0,7.0,7.0,0.0,7.0,7.0,0.0,0.10282051,0.18361059,0.004696899,0.27450752,0.18583211,0.0016407324,0.24689165,0.0,0.0,-0.19275889,-0.7168172,-1.2953765,1.2953765,1.2785556,-1.2785556,-4.338376,4.338376,-0.4474889,-0.26932827,0.0,0.0,-4.8913054,4.8913054,5.429212,-5.429212,1.7270175,-1.7270175,-6.0653934,6.0653934,0.46624562,0.53375435,0.53375435,0.46624562,-0.027195007,-0.017233253,0.017233253,0.5609494,0.4390506,0.2702636,0.7297364,0.009523466,-0.009523466,-0.076308265,0.076308265,0.0,-0.027195007,0.0,0.0,-0.15209271,0.15209271,0.15685359,-0.15685359,-0.15209271,0.15209271,0.075784445,-0.075784445,0.0,0.0,0.0,0.0,0.0,0.0,0.0,0.0,1.0,0.0,0.0,0.0,0.0,0.0,0.0,0.0,0.0,0.0,0.0,0.0,0.0,0.0,0.0,0.0,0.0,0.0,0.0,0.0,0.0,0.0,0.0,1.0,0.0,1.0,0.0,0.0,0.0,0.0,0.0,0.0,0.0,0.0,0.0,0.0,0.0,0.0,0.0,0.0,0.0,0.0,0.0,00-0035710,D.Jones,,00-0032385,S.Shepard,,,,,,,,,,,,,,,,,,,,,,,,,,,,,,,,,,,,,00-0032762,C.Jones,,,,,,,,,,,,,,,,,,,,,,,,,,,0.0,,,,,,,,,,,,,,,,,,,,,,,,,,,,,,,,0.0,,,,,0.0,,,0.0,0.0,0.0,0.0,,,2021,0.56494904,-56.494904,18.0,0.0,Punt,1267.0,"11/1/21, 20:15:34",2021-11-02T01:04:27Z,GEHA Field at Arrowhead Stadium,"Temp: 39° F, Humidity: 86%, Wind: Northeast 3 mph",c59968af-b37c-11eb-ba8a-ecb6fe06b3b0,0,0.0,PASS,0.0,,,,8.0,Punt,2021-11-02T01:03:46Z,3.0,0:57,0.0,0.0,0.0,2.0,2.0,0.0,PUNT,PUNT,13:20,12:23,NYG 15,NYG 17,1242.0,1323.0,17,20,Home,3,37,10.5,53.0,0,outdoors,grass ,39.0,4.0,Andy Reid,Joe Judge,KAN00,GEHA Field at Arrowhead Stadium,0.0,0.0,D.Jones,8.0,,,S.Shepard,3.0,1.0,0.0,0.0,0.0,1.0,00-0035710,,00-0032385,D.Jones,8.0,00-0035710,S.Shepard,00-0032385,S.Shepard,00-0032385,0.0,1.0,-0.7168172,0.81695527,5.078217,3.0,0.47981963,0.32229576,0.6911869,30.88131,2021_08_NYG_KC,NYG,EMPTY,"1 RB, 1 TE, 3 WR",6.0,"4 DL, 2 LB, 5 DB",4.0,43329;43425;52546;37090;44835;46757;47846;42406;53449;43338;46090;47789;43695;53487;47984;40017;47954;40051;46103;46521;52507;43326,00-0032385;00-0032972;00-0027955;00-0033881;00-0036913;00-0034762;00-0035710;00-0032575;00-0035535;00-0034346;00-0036392,00-0036374;00-0034573;00-0035625;00-0032210;00-0032387;00-0036621;00-0035147;00-0030459;00-0030503;00-0034296;00-0032762,11.0,11.0,1.64,2.222,True,OUT,MAN_COVERAGE,COVER_1,,,,,,,4.0
1301.0,2021_08_NYG_KC,2021110100,KC,NYG,REG,8,NYG,away,KC,NYG,83.0,2021-11-01,755.0,755.0,2555.0,Half1,0.0,8.0,0.0,2.0,3.0,0,12:35,NYG 17,8.0,2.0,(12:35) (Shotgun) 8-D.Jones pass incomplete short right to 3-S.Shepard.,pass,0.0,1.0,0.0,1.0,0.0,0.0,0.0,short,right,0.0,,,,,,,,2.0,2.0,0.0,,,,,2.0,2.0,7.0,7.0,7.0,7.0,0.0,7.0,7.0,0.0,0.100209594,0.21207838,0.004700568,0.3137761,0.16104288,0.0015965598,0.20659588,0.0,0.0,-0.90957606,-1.1197636,-0.17561284,0.17561284,1.2785556,-1.2785556,-3.2186124,3.2186124,-1.1192166,-0.0005470882,0.0,0.0,-4.8913054,4.8913054,5.429212,-5.429212,2.846234,-2.846234,-6.0648465,6.0648465,0.4390506,0.5609494,0.5609494,0.4390506,-0.024553627,-0.022568315,0.022568315,0.585503,0.414497,0.25303036,0.74696964,0.009523466,-0.009523466,-0.05175464,0.05175464,0.0,-0.024553627,0.0,0.0,-0.15209271,0.15209271,0.15685359,-0.15685359,-0.15209271,0.15209271,0.10033807,-0.10033807,0.0,0.0,0.0,0.0,0.0,1.0,0.0,0.0,1.0,0.0,0.0,0.0,0.0,0.0,0.0,0.0,0.0,0.0,0.0,0.0,0.0,0.0,0.0,0.0,0.0,0.0,0.0,0.0,0.0,0.0,0.0,0.0,0.0,1.0,0.0,0.0,0.0,0.0,0.0,0.0,0.0,0.0,0.0,0.0,0.0,0.0,0.0,0.0,0.0,0.0,0.0,00-0035710,D.Jones,,00-0032385,S.Shepard,,,,,,,,,,,,,,,,,,,,,,,,,,,,,,,,,,,,,,,,,,,,,,,,,,,,,,,,,,,,,,,,,0.0,,,,,,,,,,,,,,,,,,,,,,,,,,,,,,,,0.0,,,,,0.0,,,0.0,0.0,0.0,0.0,,,2021,0.67993754,-67.99375,18.0,0.0,Punt,1301.0,"11/1/21, 20:15:34",2021-11-02T01:05:11Z,GEHA Field at Arrowhead Stadium,"Temp: 39° F, Humidity: 86%, Wind: Northeast 3 mph",c59968af-b37c-11eb-ba8a-ecb6fe06b3b0,0,0.0,PASS,0.0,,,,8.0,Punt,2021-11-02T01:03:46Z,3.0,0:57,0.0,0.0,0.0,2.0,2.0,0.0,PUNT,PUNT,13:20,12:23,NYG 15,NYG 17,1242.0,1323.0,17,20,Home,3,37,10.5,53.0,0,outdoors,grass ,39.0,4.0,Andy Reid,Joe Judge,KAN00,GEHA Field at Arrowhead Stadium,0.0,0.0,D.Jones,8.0,,,S.Shepard,3.0,1.0,0.0,0.0,0.0,1.0,00-0035710,,00-0032385,D.Jones,8.0,00-0035710,S.Shepard,00-0032385,S.Shepard,00-0032385,0.0,1.0,-1.1197636,1.420464,7.34616,6.0,0.34964526,0.34964526,0.97987753,2.0122468,2021_08_NYG_KC,NYG,SHOTGUN,"1 RB, 1 TE, 3 WR",7.0,"4 DL, 1 LB, 6 DB",6.0,43329;43425;37090;52546;44835;46757;47846;42406;46090;43338;47789;43695;47984;40017;47954;40051;44821;46103;46521;52507;43326;41502,00-0032385;00-0032972;00-0027955;00-0033881;00-0034762;00-0035710;00-0032575;00-0035535;00-0033460;00-0034346;00-0036392,00-0036374;00-0034573;00-0035625;00-0032210;00-0032387;00-0035147;00-0030459;00-0030503;00-0034296;00-0032762;00-0030665,11.0,11.0,0.96,2.168,True,HITCH,MAN_COVERAGE,COVER_1,,,,,,,4.0
1323.0,2021_08_NYG_KC,2021110100,KC,NYG,REG,8,NYG,away,KC,NYG,83.0,2021-11-01,751.0,751.0,2551.0,Half1,0.0,8.0,0.0,2.0,4.0,0,12:31,NYG 17,8.0,2.0,"(12:31) 9-R.Dixon punts 51 yards to KC 32, Center-58-C.Kreiter, fair catch by 17-M.Hardman.",punt,0.0,0.0,0.0,0.0,0.0,0.0,0.0,,,,,,,,51.0,,,2.0,2.0,0.0,,,,,2.0,2.0,7.0,7.0,7.0,7.0,0.0,7.0,7.0,0.0,0.10242192,0.2625529,0.005838697,0.3710645,0.10783609,0.0016123656,0.14867356,0.0,0.0,-2.0293398,0.3755733,-0.55118614,0.55118614,1.2785556,-1.2785556,-3.2186124,3.2186124,,,0.0,0.0,-4.8913054,4.8913054,5.429212,-5.429212,2.846234,-2.846234,-6.0648465,6.0648465,0.414497,0.585503,0.585503,0.414497,0.04197648,-0.0122565925,0.0122565925,0.54352653,0.45647347,0.23046204,0.7695379,0.009523466,-0.009523466,-0.05175464,0.05175464,,,0.0,0.0,-0.15209271,0.15209271,0.15685359,-0.15685359,-0.15209271,0.15209271,0.10033807,-0.10033807,0.0,0.0,0.0,0.0,0.0,0.0,0.0,0.0,0.0,0.0,0.0,0.0,0.0,0.0,0.0,1.0,0.0,0.0,0.0,0.0,0.0,0.0,0.0,0.0,0.0,0.0,0.0,0.0,0.0,0.0,0.0,0.0,0.0,0.0,0.0,0.0,0.0,0.0,0.0,0.0,0.0,0.0,0.0,1.0,0.0,0.0,0.0,0.0,0.0,0.0,0.0,,,,,,,,,,,,,,,,,,,,,,00-0035140,M.Hardman,,,,,,,00-0032943,R.Dixon,,,,,,,,,,,,,,,,,,,,,,,,,,,,,,,,,,,,,,,0.0,,,,,,,,,,,,,,,,,,,,,,,,,,,,,,,KC,0.0,,,,,0.0,,,0.0,0.0,0.0,0.0,,,2021,,,18.0,0.0,Punt,1323.0,"11/1/21, 20:15:34",2021-11-02T01:05:45Z,GEHA Field at Arrowhead Stadium,"Temp: 39° F, Humidity: 86%, Wind: Northeast 3 mph",c59968af-b37c-11eb-ba8a-ecb6fe06b3b0,0,0.0,PUNT,1.0,,,,8.0,Punt,2021-11-02T01:03:46Z,3.0,0:57,0.0,0.0,0.0,2.0,2.0,0.0,PUNT,PUNT,13:20,12:23,NYG 15,NYG 17,1242.0,1323.0,17,20,Home,3,37,10.5,53.0,0,outdoors,grass ,39.0,4.0,Andy Reid,Joe Judge,KAN00,GEHA Field at Arrowhead Stadium,0.0,1.0,,,,,,,0.0,0.0,0.0,1.0,0.0,,,,,,,,,,,0.0,1.0,0.3755733,,,,,,,,2021_08_NYG_KC,NYG,,,,,,43330;52546;48003;48259;41797;46407;46312;43880;52591;46193;47891;46099;46772;47959;53591;52471;46169;53625;46522;43517;41502;47839,00-0033058;00-0035304;00-0030957;00-0034435;00-0032813;00-0036400;00-0034974;00-0034588;00-0034988;00-0036569;00-0032943,00-0036374;00-0035157;00-0034145;00-0034680;00-0034843;00-0036637;00-0036362;00-0034781;00-0034297;00-0030665;00-0035140,11.0,11.0,,,,,,,,,,,,,8.0
1351.0,2021_08_NYG_KC,2021110100,KC,NYG,REG,8,KC,home,NYG,KC,68.0,2021-11-01,743.0,743.0,2543.0,Half1,0.0,9.0,0.0,2.0,1.0,0,12:23,KC 32,10.0,68.0,"(12:23) (Shotgun) 15-P.Mahomes pass short left to 31-Da.Williams to KC 39 for 7 yards (30-D.Holmes, 22-A.Jackson) [98-A.Johnson].",pass,7.0,1.0,0.0,1.0,0.0,0.0,0.0,short,left,0.0,7.0,,,,,,,2.0,2.0,0.0,,,,,2.0,2.0,7.0,7.0,7.0,7.0,0.0,7.0,7.0,0.0,0.09885177,0.12243353,0.0015121509,0.16922362,0.25644383,0.004284086,0.347251,0.0,0.0,1.6537664,0.26147225,-0.28971386,0.28971386,1.2785556,-1.2785556,-2.95714,2.95714,-0.49643925,0.7579115,-0.49643925,0.7579115,-5.387745,5.387745,6.1871233,-6.1871233,2.3497949,-2.3497949,-5.306935,5.306935,0.54352653,0.45647347,0.54352653,0.45647347,0.018356264,0.0022720098,0.0022720098,0.5618828,0.4381172,0.78179455,0.78179455,0.009523466,-0.009523466,-0.033398375,0.033398375,0.0,0.018356264,0.0,0.018356264,-0.15209271,0.15209271,0.17520985,-0.17520985,-0.15209271,0.15209271,0.118694335,-0.118694335,0.0,0.0,0.0,0.0,0.0,0.0,0.0,0.0,0.0,0.0,0.0,0.0,0.0,0.0,0.0,0.0,0.0,0.0,0.0,0.0,0.0,0.0,0.0,0.0,0.0,0.0,0.0,0.0,0.0,0.0,0.0,1.0,0.0,1.0,0.0,0.0,0.0,0.0,0.0,0.0,0.0,0.0,0.0,0.0,0.0,1.0,1.0,0.0,0.0,0.0,0.0,00-0033873,P.Mahomes,7.0,00-0034301,Da.Williams,7.0,,,,,,,,,,,,,,,,,,,,,,,,,,,,,,,,,,,,00-0032763,A.Johnson,,,,,,,,,,,,,,,00-0033878,A.Jackson,NYG,,,,,,,,,,1.0,00-0036394,D.Holmes,NYG,,,,,,,,,,,,,,,,,,,,,,,,,,,,,0.0,,,,,0.0,,,0.0,0.0,0.0,0.0,,,2021,0.39252722,60.747276,19.0,1.0,First down,1351.0,"11/1/21, 20:15:34",2021-11-02T01:08:34Z,GEHA Field at Arrowhead Stadium,"Temp: 39° F, Humidity: 86%, Wind: Northeast 3 mph",c59968af-b37c-11eb-ba8a-ecb6fe06b3b0,0,0.0,PASS,0.0,,,,9.0,Touchdown,2021-11-02T01:08:34Z,11.0,5:46,6.0,1.0,1.0,2.0,2.0,0.0,PUNT,TOUCHDOWN,12:23,06:37,KC 32,NYG 3,1351.0,1610.0,17,20,Home,3,37,10.5,53.0,0,outdoors,grass ,39.0,4.0,Andy Reid,Joe Judge,KAN00,GEHA Field at Arrowhead Stadium,0.0,1.0,P.Mahomes,15.0,,,Da.Williams,31.0,1.0,0.0,0.0,0.0,1.0,00-0033873,,00-0034301,P.Mahomes,15.0,00-0033873,Da.Williams,00-0034301,Da.Williams,00-0034301,0.0,1.0,0.26147225,0.6488185,6.9129324,6.0,0.50240904,0.22954342,0.5322077,46.77923,2021_08_NYG_KC,KC,SHOTGUN,"1 RB, 1 TE, 3 WR",6.0,"2 DL, 4 LB, 5 DB",4.0,43332;52518;43367;46152;40011;53645;42349;42386;46772;53492;44822;43351;53655;52663;52504;52444;43454;46526;44830;39646;47839;40031,00-0032391;00-0034752;00-0030506;00-0036623;00-0033873;00-0036660;00-0036367;00-0033040;00-0034301;00-0029664;00-0035140,00-0032763;00-0036394;00-0036845;00-0031933;00-0031553;00-0034588;00-0032890;00-0036167;00-0036388;00-0033878;00-0030411,11.0,11.0,-1.18,3.737,True,FLAT,ZONE_COVERAGE,COVER_4,,,,,,,36.0
1375.0,2021_08_NYG_KC,2021110100,KC,NYG,REG,8,KC,home,NYG,KC,61.0,2021-11-01,707.0,707.0,2507.0,Half1,0.0,9.0,0.0,2.0,2.0,0,11:47,KC 39,3.0,68.0,(11:47) (Shotgun) 40-D.Gore left guard to KC 43 for 4 yards (48-T.Crowder).,run,4.0,1.0,0.0,0.0,0.0,0.0,0.0,,,,,left,guard,,,,,2.0,2.0,0.0,,,,,2.0,2.0,7.0,7.0,7.0,7.0,0.0,7.0,7.0,0.0,0.1143856,0.10946304,0.0012081473,0.1528544,0.2531346,0.005211673,0.36374253,0.0,0.0,1.9152386,0.40298286,0.113268994,-0.113268994,1.6815385,-1.6815385,-2.95714,2.95714,,,0.0,0.0,-5.387745,5.387745,6.1871233,-6.1871233,2.3497949,-2.3497949,-5.306935,5.306935,0.5618828,0.4381172,0.5618828,0.4381172,0.003188014,-0.017071009,-0.017071009,0.5650708,0.4349292,0.78406656,0.78406656,0.01271148,-0.01271148,-0.033398375,0.033398375,,,0.0,0.0,-0.15209271,0.15209271,0.17520985,-0.17520985,-0.15209271,0.15209271,0.118694335,-0.118694335,0.0,1.0,0.0,0.0,0.0,0.0,0.0,0.0,0.0,0.0,0.0,0.0,0.0,0.0,0.0,0.0,0.0,0.0,0.0,0.0,0.0,0.0,0.0,0.0,1.0,0.0,0.0,0.0,0.0,0.0,0.0,0.0,1.0,0.0,0.0,0.0,0.0,0.0,0.0,0.0,0.0,0.0,0.0,0.0,0.0,0.0,0.0,0.0,0.0,0.0,0.0,,,,,,,00-0035715,D.Gore,4.0,,,,,,,,,,,,,,,,,,,,,,,,,,,,,,,,,,,,,,,,,,,NYG,,00-0036167,,T.Crowder,,,,,,,,,,,,,,0.0,,,,,,,,,,,,,,,,,,,,,,,,,,,,,,,,0.0,,,,,0.0,,,0.0,0.0,0.0,0.0,,,2021,,,19.0,1.0,First down,1375.0,"11/1/21, 20:15:34",2021-11-02T01:09:11Z,GEHA Field at Arrowhead Stadium,"Temp: 39° F, Humidity: 86%, Wind: Northeast 3 mph",c59968af-b37c-11eb-ba8a-ecb6fe06b3b0,0,0.0,RUSH,0.0,,,,9.0,Touchdown,2021-11-02T01:08:34Z,11.0,5:46,6.0,1.0,1.0,2.0,2.0,0.0,PUNT,TOUCHDOWN,12:23,06:37,KC 32,NYG 3,1351.0,1610.0,17,20,Home,3,37,10.5,53.0,0,outdoors,grass ,39.0,4.0,Andy Reid,Joe Judge,KAN00,GEHA Field at Arrowhead Stadium,0.0,1.0,,,D.Gore,40.0,,,0.0,1.0,1.0,0.0,1.0,,00-0035715,,D.Gore,40.0,00-0035715,D.Gore,00-0035715,D.Gore,00-0035715,0.0,1.0,0.40298286,,,,,,0.40498522,-40.498524,2021_08_NYG_KC,KC,SHOTGUN,"1 RB, 1 TE, 3 WR",6.0,"2 DL, 4 LB, 5 DB",,43332;49476;52518;43367;46152;40011;53645;42349;42386;46772;53492;44822;43351;53655;52663;52504;46522;52444;43454;44830;39646;40031,00-0035715;00-0032391;00-0034752;00-0030506;00-0036623;00-0033873;00-0036660;00-0036367;00-0034297;00-0033040;00-0029664,00-0032763;00-0036394;00-0036845;00-0031933;00-0031553;00-0034588;00-0032890;00-0036167;00-0036388;00-0033878;00-0030411,11.0,11.0,,,,,,,,,,,,,38.0
1396.0,2021_08_NYG_KC,2021110100,KC,NYG,REG,8,KC,home,NYG,KC,57.0,2021-11-01,669.0,669.0,2469.0,Half1,0.0,9.0,0.0,2.0,1.0,0,11:09,KC 43,10.0,68.0,(11:09) (Shotgun) 15-P.Mahomes pass short left to 10-T.Hill to NYG 46 for 11 yards (48-T.Crowder).,pass,11.0,1.0,0.0,1.0,0.0,0.0,0.0,short,left,10.0,1.0,,,,,,,2.0,2.0,0.0,,,,,2.0,2.0,7.0,7.0,7.0,7.0,0.0,7.0,7.0,0.0,0.10735864,0.09992642,0.001092594,0.12883854,0.27257976,0.0054223286,0.3847817,0.0,0.0,2.3182216,0.47994086,0.59320986,-0.59320986,1.6815385,-1.6815385,-2.4771993,2.4771993,0.54894805,-0.06900716,0.54894805,-0.06900716,-4.8387966,4.8387966,6.1181164,-6.1181164,2.898743,-2.898743,-5.375942,5.375942,0.5650708,0.4349292,0.5650708,0.4349292,0.008844674,0.0087227225,0.0087227225,0.5739155,0.42608452,0.76699555,0.76699555,0.01271148,-0.01271148,-0.024553701,0.024553701,0.0,0.008844674,0.0,0.008844674,-0.15209271,0.15209271,0.18405452,-0.18405452,-0.15209271,0.15209271,0.12753901,-0.12753901,0.0,0.0,1.0,0.0,0.0,0.0,0.0,0.0,0.0,0.0,0.0,0.0,0.0,0.0,0.0,0.0,0.0,0.0,0.0,0.0,0.0,0.0,0.0,0.0,1.0,0.0,0.0,0.0,0.0,0.0,0.0,0.0,0.0,1.0,0.0,0.0,0.0,0.0,0.0,0.0,0.0,0.0,0.0,0.0,0.0,1.0,0.0,0.0,0.0,0.0,0.0,00-0033873,P.Mahomes,11.0,00-0033040,T.Hill,11.0,,,,,,,,,,,,,,,,,,,,,,,,,,,,,,,,,,,,,,,,,,,,,,NYG,,00-0036167,,T.Crowder,,,,,,,,,,,,,,0.0,,,,,,,,,,,,,,,,,,,,,,,,,,,,,,,,0.0,,,,,0.0,,,0.0,0.0,0.0,0.0,,,2021,0.61077106,38.922894,20.0,1.0,First down,1396.0,"11/1/21, 20:15:34",2021-11-02T01:09:50Z,GEHA Field at Arrowhead Stadium,"Temp: 39° F, Humidity: 86%, Wind: Northeast 3 mph",c59968af-b37c-11eb-ba8a-ecb6fe06b3b0,0,0.0,PASS,0.0,,,,9.0,Touchdown,2021-11-02T01:08:34Z,11.0,5:46,6.0,1.0,1.0,2.0,2.0,0.0,PUNT,TOUCHDOWN,12:23,06:37,KC 32,NYG 3,1351.0,1610.0,17,20,Home,3,37,10.5,53.0,0,outdoors,grass ,39.0,4.0,Andy Reid,Joe Judge,KAN00,GEHA Field at Arrowhead Stadium,0.0,1.0,P.Mahomes,15.0,,,T.Hill,10.0,1.0,0.0,1.0,0.0,1.0,00-0033873,,00-0033040,P.Mahomes,15.0,00-0033873,T.Hill,00-0033040,T.Hill,00-0033040,0.0,1.0,0.47994086,0.1978314,3.6440916,2.0,1.0,0.9606101,0.5164089,48.359108,2021_08_NYG_KC,KC,SHOTGUN,"1 RB, 2 TE, 2 WR",6.0,"2 DL, 4 LB, 5 DB",4.0,43332;49476;52518;43367;46152;40011;53645;42349;42386;46772;53492;44822;43351;52663;53655;52504;52444;42460;44830;43454;39646;40031,00-0035715;00-0032391;00-0034752;00-0030506;00-0036623;00-0033873;00-0036660;00-0036367;00-0032062;00-0033040;00-0029664,00-0032763;00-0036394;00-0036845;00-0031933;00-0031553;00-0034588;00-0032890;00-0036167;00-0036388;00-0033878;00-0030411,11.0,11.0,10.09,4.071,False,CROSS,ZONE_COVERAGE,COVER_4,,,,,,,34.0
1420.0,2021_08_NYG_KC,2021110100,KC,NYG,REG,8,,,,,,2021-11-01,635.0,635.0,2435.0,Half1,0.0,9.0,0.0,2.0,,0,10:35,NYG 46,0.0,68.0,Timeout #2 by NYG at 10:35.,no_play,0.0,0.0,0.0,0.0,0.0,0.0,0.0,,,,,,,,,,,2.0,1.0,1.0,NYG,,,,,,7.0,7.0,,,,,,,0.0,0.0,0.0,0.0,0.0,0.0,0.0,0.0,0.0,2.7981625,0.0,0.59320986,-0.59320986,1.6815385,-1.6815385,-2.4771993,2.4771993,,,0.0,0.0,-4.8387966,4.8387966,6.1181164,-6.1181164,2.898743,-2.898743,-5.375942,5.375942,0.5739155,0.42608452,0.5739155,0.42608452,0.0,0.0,0.0,,,0.7757183,0.7757183,0.01271148,-0.01271148,-0.024553701,0.024553701,,,0.0,0.0,-0.15209271,0.15209271,0.18405452,-0.18405452,-0.15209271,0.15209271,0.12753901,-0.12753901,0.0,0.0,0.0,0.0,0.0,0.0,0.0,0.0,0.0,0.0,0.0,0.0,0.0,0.0,0.0,0.0,0.0,0.0,0.0,0.0,0.0,0.0,0.0,0.0,0.0,0.0,0.0,0.0,0.0,0.0,0.0,0.0,0.0,0.0,0.0,0.0,0.0,0.0,0.0,0.0,0.0,0.0,0.0,0.0,0.0,0.0,0.0,0.0,0.0,0.0,0.0,,,,,,,,,,,,,,,,,,,,,,,,,,,,,,,,,,,,,,,,,,,,,,,,,,,,,,,,,,,,,,,,,,,,,,0.0,,,,,,,,,,,,,,,,,,,,,,,,,,,,,,,,0.0,,,,,0.0,,,0.0,0.0,0.0,0.0,,,2021,,,21.0,1.0,First down,1420.0,"11/1/21, 20:15:34",2021-11-02T01:10:36Z,GEHA Field at Arrowhead Stadium,"Temp: 39° F, Humidity: 86%, Wind: Northeast 3 mph",c59968af-b37c-11eb-ba8a-ecb6fe06b3b0,0,0.0,TIMEOUT,0.0,,,,9.0,Touchdown,2021-11-02T01:08:34Z,11.0,5:46,6.0,1.0,1.0,2.0,2.0,0.0,PUNT,TOUCHDOWN,12:23,06:37,KC 32,NYG 3,1351.0,1610.0,17,20,Home,3,37,10.5,53.0,0,outdoors,grass ,39.0,4.0,Andy Reid,Joe Judge,KAN00,GEHA Field at Arrowhead Stadium,0.0,0.0,,,,,,,0.0,0.0,0.0,0.0,0.0,,,,,,,,,,,0.0,1.0,0.0,,,,,,,,2021_08_NYG_KC,,,,,,,,,,0.0,0.0,,,,,,,,,,,,,0.0
1437.0,2021_08_NYG_KC,2021110100,KC,NYG,REG,8,KC,home,NYG,NYG,46.0,2021-11-01,635.0,635.0,2435.0,Half1,0.0,9.0,0.0,2.0,1.0,0,10:35,NYG 46,10.0,68.0,"(10:35) (Shotgun) 40-D.Gore left end to NYG 42 for 4 yards (49-B.McKinney, 48-T.Crowder).",run,4.0,1.0,0.0,0.0,0.0,0.0,0.0,,,,,left,end,,,,,2.0,1.0,0.0,,,,,2.0,1.0,7.0,7.0,7.0,7.0,0.0,7.0,7.0,0.0,0.10245776,0.07482258,0.0010166212,0.10251979,0.31655544,0.0051518334,0.397476,0.0,0.0,2.7981625,-0.2638529,0.32935694,-0.32935694,1.4176856,-1.4176856,-2.4771993,2.4771993,,,0.0,0.0,-4.8387966,4.8387966,6.1181164,-6.1181164,2.898743,-2.898743,-5.375942,5.375942,0.5739155,0.42608452,0.5739155,0.42608452,-0.012272179,0.00069898367,0.00069898367,0.5616433,0.4383567,0.7757183,0.7757183,0.00043930113,-0.00043930113,-0.024553701,0.024553701,,,0.0,0.0,-0.15209271,0.15209271,0.18405452,-0.18405452,-0.15209271,0.15209271,0.12753901,-0.12753901,0.0,0.0,0.0,0.0,0.0,0.0,0.0,0.0,0.0,0.0,0.0,0.0,0.0,0.0,0.0,0.0,0.0,0.0,0.0,0.0,0.0,0.0,0.0,0.0,0.0,0.0,0.0,0.0,0.0,0.0,0.0,0.0,1.0,0.0,0.0,0.0,0.0,0.0,0.0,0.0,0.0,0.0,0.0,0.0,0.0,0.0,1.0,0.0,0.0,0.0,0.0,,,,,,,00-0035715,D.Gore,4.0,,,,,,,,,,,,,,,,,,,,,,,,,,,,,,,,,,,,,,,,,,,,,,,,,00-0036167,T.Crowder,NYG,,,,,,,,,,1.0,00-0031553,B.McKinney,NYG,,,,,,,,,,,,,,,,,,,,,,,,,,,,,0.0,,,,,0.0,,,0.0,0.0,0.0,0.0,,,2021,,,21.0,1.0,First down,1437.0,"11/1/21, 20:15:34",2021-11-02T01:11:29Z,GEHA Field at Arrowhead Stadium,"Temp: 39° F, Humidity: 86%, Wind: Northeast 3 mph",c59968af-b37c-11eb-ba8a-ecb6fe06b3b0,0,0.0,RUSH,0.0,,,,9.0,Touchdown,2021-11-02T01:08:34Z,11.0,5:46,6.0,1.0,1.0,2.0,2.0,0.0,PUNT,TOUCHDOWN,12:23,06:37,KC 32,NYG 3,1351.0,1610.0,17,20,Home,3,37,10.5,53.0,0,outdoors,grass ,39.0,4.0,Andy Reid,Joe Judge,KAN00,GEHA Field at Arrowhead Stadium,0.0,0.0,,,D.Gore,40.0,,,0.0,1.0,0.0,0.0,1.0,,00-0035715,,D.Gore,40.0,00-0035715,D.Gore,00-0035715,D.Gore,00-0035715,0.0,1.0,-0.2638529,,,,,,0.5192002,-51.92002,2021_08_NYG_KC,KC,SHOTGUN,"1 RB, 2 TE, 2 WR",6.0,"3 DL, 3 LB, 5 DB",,49476;43332;52518;43367;46152;40011;42349;53645;42386;53492;44822;43351;43415;53655;52663;47800;52504;52444;42460;44830;47839;40031,00-0035715;00-0032391;00-0034752;00-0030506;00-0036623;00-0033873;00-0032775;00-0036660;00-0036367;00-0032062;00-0035140,00-0032763;00-0036394;00-0031933;00-0036845;00-0031553;00-0032890;00-0036167;00-0035683;00-0036388;00-0033878;00-0030411,11.0,11.0,,,,,,,,,,,,,38.0
1458.0,2021_08_NYG_KC,2021110100,KC,NYG,REG,8,KC,home,NYG,NYG,42.0,2021-11-01,597.0,597.0,2397.0,Half1,0.0,9.0,0.0,2.0,2.0,0,09:57,NYG 42,6.0,68.0,(9:57) (Shotgun) 15-P.Mahomes pass incomplete short middle to 13-B.Pringle.,pass,0.0,1.0,0.0,1.0,0.0,0.0,0.0,short,middle,14.0,,,,,,,,2.0,1.0,0.0,,,,,2.0,1.0,7.0,7.0,7.0,7.0,0.0,7.0,7.0,0.0,0.11756047,0.08314693,0.0012664287,0.107601404,0.31639305,0.00558165,0.36845008,0.0,0.0,2.5343094,-0.7743806,-0.4450237,0.4450237,1.4176856,-1.4176856,-3.2515798,3.2515798,1.2766215,-2.051002,0.0,0.0,-4.8387966,4.8387966,6.1181164,-6.1181164,4.1753645,-4.1753645,-7.4269443,7.4269443,0.5616433,0.4383567,0.5616433,0.4383567,-0.024258018,-0.015283763,-0.015283763,0.5373853,0.46261472,0.77641726,0.77641726,0.00043930113,-0.00043930113,-0.04881172,0.04881172,0.0,-0.024258018,0.0,0.0,-0.15209271,0.15209271,0.18405452,-0.18405452,-0.15209271,0.15209271,0.10328099,-0.10328099,0.0,0.0,0.0,0.0,0.0,0.0,0.0,0.0,1.0,0.0,0.0,0.0,0.0,0.0,0.0,0.0,0.0,0.0,0.0,0.0,0.0,0.0,0.0,0.0,0.0,0.0,0.0,0.0,0.0,0.0,0.0,0.0,0.0,1.0,0.0,0.0,0.0,0.0,0.0,0.0,0.0,0.0,0.0,0.0,0.0,0.0,0.0,0.0,0.0,0.0,0.0,00-0033873,P.Mahomes,,00-0034297,B.Pringle,,,,,,,,,,,,,,,,,,,,,,,,,,,,,,,,,,,,,,,,,,,,,,,,,,,,,,,,,,,,,,,,,0.0,,,,,,,,,,,,,,,,,,,,,,,,,,,,,,,,0.0,,,,,0.0,,,0.0,0.0,0.0,0.0,,,2021,0.69641113,-69.64111,21.0,1.0,First down,1458.0,"11/1/21, 20:15:34",2021-11-02T01:12:08Z,GEHA Field at Arrowhead Stadium,"Temp: 39° F, Humidity: 86%, Wind: Northeast 3 mph",c59968af-b37c-11eb-ba8a-ecb6fe06b3b0,0,0.0,PASS,0.0,,,,9.0,Touchdown,2021-11-02T01:08:34Z,11.0,5:46,6.0,1.0,1.0,2.0,2.0,0.0,PUNT,TOUCHDOWN,12:23,06:37,KC 32,NYG 3,1351.0,1610.0,17,20,Home,3,37,10.5,53.0,0,outdoors,grass ,39.0,4.0,Andy Reid,Joe Judge,KAN00,GEHA Field at Arrowhead Stadium,0.0,0.0,P.Mahomes,15.0,,,B.Pringle,13.0,1.0,0.0,0.0,0.0,1.0,00-0033873,,00-0034297,P.Mahomes,15.0,00-0033873,B.Pringle,00-0034297,B.Pringle,00-0034297,0.0,1.0,-0.7743806,0.30753615,4.2163863,2.0,1.0,1.0,0.6341114,36.58886,2021_08_NYG_KC,KC,EMPTY,"1 RB, 1 TE, 3 WR",5.0,"2 DL, 4 LB, 5 DB",4.0,49476;52518;43367;46152;40011;53645;42349;42386;46772;53492;44822;43415;53655;43351;52663;47800;52504;46522;52444;44830;47839;40031,00-0035715;00-0032391;00-0034752;00-0030506;00-0036623;00-0033873;00-0032775;00-0036660;00-0036367;00-0034297;00-0035140,00-0036394;00-0036845;00-0031933;00-0031553;00-0034588;00-0032890;00-0036167;00-0035683;00-0036388;00-0033878;00-0030411,11.0,11.0,12.76,2.469,False,POST,ZONE_COVERAGE,COVER_3,,,,,,,6.0
1480.0,2021_08_NYG_KC,2021110100,KC,NYG,REG,8,KC,home,NYG,NYG,42.0,2021-11-01,591.0,591.0,2391.0,Half1,0.0,9.0,0.0,2.0,3.0,0,09:51,NYG 42,6.0,68.0,(9:51) (Shotgun) 15-P.Mahomes pass short right to 10-T.Hill to NYG 33 for 9 yards (29-X.McKinney).,pass,9.0,1.0,0.0,1.0,0.0,0.0,0.0,short,right,9.0,0.0,,,,,,,2.0,1.0,0.0,,,,,2.0,1.0,7.0,7.0,7.0,7.0,0.0,7.0,7.0,0.0,0.13083647,0.110093944,0.0014233753,0.14283782,0.29462487,0.0064474135,0.3137361,0.0,0.0,1.7599288,1.709562,1.2645382,-1.2645382,1.4176856,-1.4176856,-1.5420179,1.5420179,1.709562,0.0,1.709562,0.0,-3.1292348,3.1292348,6.1181164,-6.1181164,5.8849263,-5.8849263,-7.4269443,7.4269443,0.5373853,0.46261472,0.5373853,0.46261472,0.084888935,0.03307712,0.03307712,0.6222742,0.37772578,0.7611335,0.7611335,0.00043930113,-0.00043930113,0.036077216,-0.036077216,0.084888935,0.0,0.084888935,0.0,-0.067203775,0.067203775,0.18405452,-0.18405452,-0.067203775,0.067203775,0.10328099,-0.10328099,0.0,0.0,1.0,0.0,1.0,0.0,0.0,0.0,0.0,0.0,0.0,0.0,0.0,0.0,0.0,0.0,0.0,0.0,0.0,0.0,0.0,0.0,0.0,0.0,1.0,0.0,0.0,0.0,0.0,0.0,0.0,0.0,0.0,1.0,0.0,0.0,0.0,0.0,0.0,0.0,0.0,0.0,0.0,0.0,0.0,1.0,0.0,0.0,0.0,0.0,0.0,00-0033873,P.Mahomes,9.0,00-0033040,T.Hill,9.0,,,,,,,,,,,,,,,,,,,,,,,,,,,,,,,,,,,,,,,,,,,,,,NYG,,00-0036388,,X.McKinney,,,,,,,,,,,,,,0.0,,,,,,,,,,,,,,,,,,,,,,,,,,,,,,,,0.0,,,,,0.0,,,0.0,0.0,0.0,0.0,,,2021,0.6078689,39.213108,21.0,1.0,First down,1480.0,"11/1/21, 20:15:34",2021-11-02T01:12:55Z,GEHA Field at Arrowhead Stadium,"Temp: 39° F, Humidity: 86%, Wind: Northeast 3 mph",c59968af-b37c-11eb-ba8a-ecb6fe06b3b0,0,0.0,PASS,0.0,,,,9.0,Touchdown,2021-11-02T01:08:34Z,11.0,5:46,6.0,1.0,1.0,2.0,2.0,0.0,PUNT,TOUCHDOWN,12:23,06:37,KC 32,NYG 3,1351.0,1610.0,17,20,Home,3,37,10.5,53.0,0,outdoors,grass ,39.0,4.0,Andy Reid,Joe Judge,KAN00,GEHA Field at Arrowhead Stadium,0.0,1.0,P.Mahomes,15.0,,,T.Hill,10.0,1.0,0.0,1.0,0.0,1.0,00-0033873,,00-0033040,P.Mahomes,15.0,00-0033873,T.Hill,00-0033040,T.Hill,00-0033040,0.0,1.0,1.709562,0.23537073,3.0789053,1.0,0.9992176,0.9992176,0.97648126,2.351874,2021_08_NYG_KC,KC,SHOTGUN,"1 RB, 1 TE, 3 WR",5.0,"1 DL, 4 LB, 6 DB",5.0,43367;53479;46152;40011;53645;41325;42349;52591;47891;53492;44822;43351;52663;53655;52504;52444;53500;43454;44830;39646;47839;40031,00-0032391;00-0034752;00-0030506;00-0031376;00-0036623;00-0033873;00-0036660;00-0036367;00-0033040;00-0029664;00-0035140,00-0036552;00-0036845;00-0031933;00-0036400;00-0034974;00-0032890;00-0036167;00-0036388;00-0036899;00-0033878;00-0030411,11.0,11.0,10.0,1.935,False,OUT,MAN_COVERAGE,2_MAN,,,,,,,36.0
1504.0,2021_08_NYG_KC,2021110100,KC,NYG,REG,8,KC,home,NYG,NYG,33.0,2021-11-01,555.0,555.0,2355.0,Half1,0.0,9.0,0.0,2.0,1.0,0,09:15,NYG 33,10.0,68.0,(9:15) (Shotgun) 40-D.Gore up the middle to NYG 24 for 9 yards (29-X.McKinney).,run,9.0,1.0,0.0,0.0,0.0,0.0,0.0,,,,,middle,,,,,,2.0,1.0,0.0,,,,,2.0,1.0,7.0,7.0,7.0,7.0,0.0,7.0,7.0,0.0,0.080933414,0.045712125,0.0011844633,0.065266885,0.3935278,0.001669201,0.41170606,0.0,0.0,3.4694908,0.80375725,2.0682955,-2.0682955,2.221443,-2.221443,-1.5420179,1.5420179,,,0.0,0.0,-3.1292348,3.1292348,6.1181164,-6.1181164,5.8849263,-5.8849263,-7.4269443,7.4269443,0.6222742,0.37772578,0.6222742,0.37772578,0.054189682,0.03348565,0.03348565,0.6764639,0.3235361,0.7942106,0.7942106,0.054628983,-0.054628983,0.036077216,-0.036077216,,,0.0,0.0,-0.067203775,0.067203775,0.18405452,-0.18405452,-0.067203775,0.067203775,0.10328099,-0.10328099,0.0,0.0,0.0,0.0,0.0,0.0,0.0,0.0,0.0,0.0,0.0,0.0,0.0,0.0,0.0,0.0,0.0,0.0,0.0,0.0,0.0,0.0,0.0,0.0,1.0,0.0,0.0,0.0,0.0,0.0,0.0,0.0,1.0,0.0,0.0,0.0,0.0,0.0,0.0,0.0,0.0,0.0,0.0,0.0,0.0,0.0,0.0,0.0,0.0,0.0,0.0,,,,,,,00-0035715,D.Gore,9.0,,,,,,,,,,,,,,,,,,,,,,,,,,,,,,,,,,,,,,,,,,,NYG,,00-0036388,,X.McKinney,,,,,,,,,,,,,,0.0,,,,,,,,,,,,,,,,,,,,,,,,,,,,,,,,0.0,,,,,0.0,,,0.0,0.0,0.0,0.0,,,2021,,,22.0,1.0,First down,1504.0,"11/1/21, 20:15:34",2021-11-02T01:13:32Z,GEHA Field at Arrowhead Stadium,"Temp: 39° F, Humidity: 86%, Wind: Northeast 3 mph",c59968af-b37c-11eb-ba8a-ecb6fe06b3b0,0,0.0,RUSH,0.0,,,,9.0,Touchdown,2021-11-02T01:08:34Z,11.0,5:46,6.0,1.0,1.0,2.0,2.0,0.0,PUNT,TOUCHDOWN,12:23,06:37,KC 32,NYG 3,1351.0,1610.0,17,20,Home,3,37,10.5,53.0,0,outdoors,grass ,39.0,4.0,Andy Reid,Joe Judge,KAN00,GEHA Field at Arrowhead Stadium,0.0,1.0,,,D.Gore,40.0,,,0.0,1.0,0.0,0.0,1.0,,00-0035715,,D.Gore,40.0,00-0035715,D.Gore,00-0035715,D.Gore,00-0035715,0.0,1.0,0.80375725,,,,,,0.5025007,-50.250072,2021_08_NYG_KC,KC,SHOTGUN,"1 RB, 1 TE, 3 WR",6.0,"2 DL, 4 LB, 5 DB",,49476;52518;43367;53479;46152;40011;42349;53645;42386;53492;44822;43351;52663;53655;47800;52504;52444;43454;44830;39646;47839;40031,00-0035715;00-0032391;00-0034752;00-0030506;00-0036623;00-0033873;00-0036660;00-0036367;00-0033040;00-0029664;00-0035140,00-0036394;00-0036552;00-0031933;00-0036845;00-0031553;00-0032890;00-0036167;00-0035683;00-0036388;00-0033878;00-0030411,11.0,11.0,,,,,,,,,,,,,38.0
1525.0,2021_08_NYG_KC,2021110100,KC,NYG,REG,8,KC,home,NYG,NYG,24.0,2021-11-01,517.0,517.0,2317.0,Half1,0.0,9.0,0.0,2.0,2.0,0,08:37,NYG 24,1.0,68.0,(8:37) 40-D.Gore up the middle to NYG 17 for 7 yards (23-L.Ryan).,run,7.0,0.0,0.0,0.0,0.0,0.0,0.0,,,,,middle,,,,,,2.0,1.0,0.0,,,,,2.0,1.0,7.0,7.0,7.0,7.0,0.0,7.0,7.0,0.0,0.057549216,0.028020317,0.00072127266,0.038308587,0.3735227,0.0013603368,0.50051755,0.0,0.0,4.273248,0.2573092,2.3256047,-2.3256047,2.4787521,-2.4787521,-1.5420179,1.5420179,,,0.0,0.0,-3.1292348,3.1292348,6.1181164,-6.1181164,5.8849263,-5.8849263,-7.4269443,7.4269443,0.6764639,0.3235361,0.6764639,0.3235361,-0.015002847,0.00036144257,0.00036144257,0.66146106,0.33853894,0.82769626,0.82769626,0.039626136,-0.039626136,0.036077216,-0.036077216,,,0.0,0.0,-0.067203775,0.067203775,0.18405452,-0.18405452,-0.067203775,0.067203775,0.10328099,-0.10328099,0.0,1.0,0.0,0.0,0.0,0.0,0.0,0.0,0.0,0.0,0.0,0.0,0.0,0.0,0.0,0.0,0.0,0.0,0.0,0.0,0.0,0.0,0.0,0.0,1.0,0.0,0.0,0.0,0.0,0.0,0.0,0.0,1.0,0.0,0.0,0.0,0.0,0.0,0.0,0.0,0.0,0.0,0.0,0.0,0.0,0.0,0.0,0.0,0.0,0.0,0.0,,,,,,,00-0035715,D.Gore,7.0,,,,,,,,,,,,,,,,,,,,,,,,,,,,,,,,,,,,,,,,,,,NYG,,00-0030411,,L.Ryan,,,,,,,,,,,,,,0.0,,,,,,,,,,,,,,,,,,,,,,,,,,,,,,,,0.0,,,,,0.0,,,0.0,0.0,0.0,0.0,,,2021,,,22.0,1.0,First down,1525.0,"11/1/21, 20:15:34",2021-11-02T01:14:10Z,GEHA Field at Arrowhead Stadium,"Temp: 39° F, Humidity: 86%, Wind: Northeast 3 mph",c59968af-b37c-11eb-ba8a-ecb6fe06b3b0,0,0.0,RUSH,0.0,,,,9.0,Touchdown,2021-11-02T01:08:34Z,11.0,5:46,6.0,1.0,1.0,2.0,2.0,0.0,PUNT,TOUCHDOWN,12:23,06:37,KC 32,NYG 3,1351.0,1610.0,17,20,Home,3,37,10.5,53.0,0,outdoors,grass ,39.0,4.0,Andy Reid,Joe Judge,KAN00,GEHA Field at Arrowhead Stadium,0.0,1.0,,,D.Gore,40.0,,,0.0,1.0,1.0,0.0,1.0,,00-0035715,,D.Gore,40.0,00-0035715,D.Gore,00-0035715,D.Gore,00-0035715,0.0,1.0,0.2573092,,,,,,0.20406927,-20.406927,2021_08_NYG_KC,KC,I_FORM,"2 RB, 2 TE, 1 WR",7.0,"3 DL, 4 LB, 4 DB",,49476;43332;43367;53479;46152;40011;53645;42511;42386;53876;53492;44822;43351;53655;52663;52504;47800;46522;52444;42460;44830;40031,00-0035715;00-0032391;00-0034752;00-0030506;00-0031595;00-0036623;00-0033873;00-0036660;00-0036367;00-0034297;00-0032062,00-0032763;00-0036552;00-0036845;00-0031553;00-0036611;00-0032890;00-0036167;00-0035683;00-0036388;00-0033878;00-0030411,11.0,11.0,,,,,,,,,,,,,43.0
1546.0,2021_08_NYG_KC,2021110100,KC,NYG,REG,8,KC,home,NYG,NYG,17.0,2021-11-01,474.0,474.0,2274.0,Half1,0.0,9.0,0.0,2.0,1.0,0,07:54,NYG 17,10.0,68.0,(7:54) (Shotgun) 40-D.Gore right guard to NYG 12 for 5 yards (23-L.Ryan; 91-R.Johnson).,run,5.0,1.0,0.0,0.0,0.0,0.0,0.0,,,,,right,guard,,,,,2.0,1.0,0.0,,,,,2.0,1.0,7.0,7.0,7.0,7.0,0.0,7.0,7.0,0.0,0.04955021,0.020876661,0.0005034131,0.026361048,0.3837364,0.0010587504,0.5179135,0.0,0.0,4.530557,0.078708135,2.4043128,-2.4043128,2.5574603,-2.5574603,-1.5420179,1.5420179,,,0.0,0.0,-3.1292348,3.1292348,6.1181164,-6.1181164,5.8849263,-5.8849263,-7.4269443,7.4269443,0.66146106,0.33853894,0.66146106,0.33853894,0.005558312,0.0054711103,0.0054711103,0.66701937,0.33298063,0.8280577,0.8280577,0.04518445,-0.04518445,0.036077216,-0.036077216,,,0.0,0.0,-0.067203775,0.067203775,0.18405452,-0.18405452,-0.067203775,0.067203775,0.10328099,-0.10328099,0.0,0.0,0.0,0.0,0.0,0.0,0.0,0.0,0.0,0.0,0.0,0.0,0.0,0.0,0.0,0.0,0.0,0.0,0.0,0.0,0.0,0.0,0.0,0.0,0.0,0.0,0.0,0.0,0.0,0.0,0.0,0.0,1.0,0.0,0.0,0.0,0.0,0.0,0.0,0.0,0.0,0.0,0.0,0.0,0.0,0.0,1.0,0.0,0.0,0.0,0.0,,,,,,,00-0035715,D.Gore,5.0,,,,,,,,,,,,,,,,,,,,,,,,,,,,,,,,,,,,,,,,,,,,,,,,,00-0030411,L.Ryan,NYG,00-0036611,R.Johnson,NYG,,,,,,,0.0,,,,,,,,,,,,,,,,,,,,,,,,,,,,,,,,0.0,,,,,0.0,,,0.0,0.0,0.0,0.0,,,2021,,,23.0,1.0,First down,1546.0,"11/1/21, 20:15:34",2021-11-02T01:14:52Z,GEHA Field at Arrowhead Stadium,"Temp: 39° F, Humidity: 86%, Wind: Northeast 3 mph",c59968af-b37c-11eb-ba8a-ecb6fe06b3b0,0,0.0,RUSH,0.0,,,,9.0,Touchdown,2021-11-02T01:08:34Z,11.0,5:46,6.0,1.0,1.0,2.0,2.0,0.0,PUNT,TOUCHDOWN,12:23,06:37,KC 32,NYG 3,1351.0,1610.0,17,20,Home,3,37,10.5,53.0,0,outdoors,grass ,39.0,4.0,Andy Reid,Joe Judge,KAN00,GEHA Field at Arrowhead Stadium,0.0,1.0,,,D.Gore,40.0,,,0.0,1.0,0.0,0.0,1.0,,00-0035715,,D.Gore,40.0,00-0035715,D.Gore,00-0035715,D.Gore,00-0035715,0.0,1.0,0.078708135,,,,,,0.44202116,-44.202118,2021_08_NYG_KC,KC,SHOTGUN,"1 RB, 1 TE, 3 WR",6.0,"3 DL, 3 LB, 5 DB",,49476;43332;52518;43367;53479;46152;42386;53876;53492;44822;53591;53655;52663;43351;52504;47800;46522;52444;43454;44830;39646;40031,00-0035715;00-0032391;00-0034752;00-0036623;00-0033873;00-0036637;00-0036660;00-0036367;00-0034297;00-0033040;00-0029664,00-0032763;00-0036394;00-0036552;00-0031553;00-0036611;00-0036167;00-0032890;00-0035683;00-0036388;00-0033878;00-0030411,11.0,11.0,,,,,,,,,,,,,36.0
1567.0,2021_08_NYG_KC,2021110100,KC,NYG,REG,8,KC,home,NYG,NYG,12.0,2021-11-01,438.0,438.0,2238.0,Half1,0.0,9.0,0.0,2.0,2.0,0,07:18,NYG 12,5.0,68.0,(7:18) (Shotgun) 40-D.Gore up the middle to NYG 3 for 9 yards (22-A.Jackson).,run,9.0,1.0,0.0,0.0,0.0,0.0,0.0,,,,,middle,,,,,,2.0,1.0,0.0,,,,,2.0,1.0,7.0,7.0,7.0,7.0,0.0,7.0,7.0,0.0,0.04873247,0.016683249,0.0004154249,0.02062027,0.39623597,0.0010816568,0.51623094,0.0,0.0,4.6092653,1.2213871,3.6257,-3.6257,3.7788475,-3.7788475,-1.5420179,1.5420179,,,0.0,0.0,-3.1292348,3.1292348,6.1181164,-6.1181164,5.8849263,-5.8849263,-7.4269443,7.4269443,0.66701937,0.33298063,0.66701937,0.33298063,0.043788612,0.025702477,0.025702477,0.710808,0.28919202,0.8335288,0.8335288,0.08897306,-0.08897306,0.036077216,-0.036077216,,,0.0,0.0,-0.067203775,0.067203775,0.18405452,-0.18405452,-0.067203775,0.067203775,0.10328099,-0.10328099,0.0,1.0,0.0,0.0,0.0,0.0,0.0,0.0,0.0,0.0,0.0,0.0,0.0,0.0,0.0,0.0,0.0,0.0,0.0,0.0,0.0,0.0,0.0,0.0,1.0,0.0,0.0,0.0,0.0,0.0,0.0,0.0,1.0,0.0,0.0,0.0,0.0,0.0,0.0,0.0,0.0,0.0,0.0,0.0,0.0,0.0,0.0,0.0,0.0,0.0,0.0,,,,,,,00-0035715,D.Gore,9.0,,,,,,,,,,,,,,,,,,,,,,,,,,,,,,,,,,,,,,,,,,,NYG,,00-0033878,,A.Jackson,,,,,,,,,,,,,,0.0,,,,,,,,,,,,,,,,,,,,,,,,,,,,,,,,0.0,,,,,0.0,,,0.0,0.0,0.0,0.0,,,2021,,,23.0,1.0,First down,1567.0,"11/1/21, 20:15:34",2021-11-02T01:15:29Z,GEHA Field at Arrowhead Stadium,"Temp: 39° F, Humidity: 86%, Wind: Northeast 3 mph",c59968af-b37c-11eb-ba8a-ecb6fe06b3b0,0,0.0,RUSH,0.0,,,,9.0,Touchdown,2021-11-02T01:08:34Z,11.0,5:46,6.0,1.0,1.0,2.0,2.0,0.0,PUNT,TOUCHDOWN,12:23,06:37,KC 32,NYG 3,1351.0,1610.0,17,20,Home,3,37,10.5,53.0,0,outdoors,grass ,39.0,4.0,Andy Reid,Joe Judge,KAN00,GEHA Field at Arrowhead Stadium,0.0,1.0,,,D.Gore,40.0,,,0.0,1.0,1.0,0.0,1.0,,00-0035715,,D.Gore,40.0,00-0035715,D.Gore,00-0035715,D.Gore,00-0035715,0.0,1.0,1.2213871,,,,,,0.51712805,-51.712807,2021_08_NYG_KC,KC,SHOTGUN,"1 RB, 1 TE, 3 WR",6.0,"3 DL, 3 LB, 5 DB",,49476;43332;52518;43367;53479;46152;40011;42349;42386;53492;44822;43351;43415;52663;53655;47800;52504;46522;52444;43454;44830;40031,00-0035715;00-0032391;00-0034752;00-0030506;00-0036623;00-0033873;00-0032775;00-0036660;00-0036367;00-0034297;00-0033040,00-0032763;00-0036394;00-0036552;00-0031933;00-0031553;00-0032890;00-0036167;00-0035683;00-0036388;00-0033878;00-0030411,11.0,11.0,,,,,,,,,,,,,36.0
1588.0,2021_08_NYG_KC,2021110100,KC,NYG,REG,8,KC,home,NYG,NYG,3.0,2021-11-01,402.0,402.0,2202.0,Half1,0.0,9.0,1.0,2.0,1.0,1,06:42,NYG 3,3.0,68.0,"(6:42) 40-D.Gore left end for 3 yards, TOUCHDOWN.",run,3.0,0.0,0.0,0.0,0.0,0.0,0.0,,,,,left,end,,,,,2.0,1.0,0.0,,KC,D.Gore,00-0035715,2.0,1.0,13.0,7.0,7.0,7.0,0.0,13.0,7.0,6.0,0.03899116,0.013106151,0.00032763046,0.011405308,0.14896062,0.0013765084,0.78583264,0.0,0.0,5.8306527,1.1693475,4.7950473,-4.7950473,4.948195,-4.948195,-1.5420179,1.5420179,,,0.0,0.0,-3.1292348,3.1292348,6.1181164,-6.1181164,5.8849263,-5.8849263,-7.4269443,7.4269443,0.710808,0.28919202,0.710808,0.28919202,-0.0038218317,0.0015991748,0.0015991748,0.7069861,0.29301384,0.8592313,0.8592313,0.085151225,-0.085151225,0.036077216,-0.036077216,,,0.0,0.0,-0.067203775,0.067203775,0.18405452,-0.18405452,-0.067203775,0.067203775,0.10328099,-0.10328099,0.0,1.0,0.0,0.0,0.0,0.0,0.0,0.0,0.0,0.0,0.0,0.0,0.0,0.0,0.0,0.0,0.0,0.0,0.0,0.0,0.0,0.0,0.0,0.0,0.0,0.0,0.0,0.0,0.0,0.0,0.0,0.0,1.0,0.0,0.0,1.0,0.0,1.0,0.0,0.0,0.0,0.0,0.0,0.0,0.0,0.0,0.0,0.0,0.0,0.0,0.0,,,,,,,00-0035715,D.Gore,3.0,,,,,,,,,,,,,,,,,,,,,,,,,,,,,,,,,,,,,,,,,,,,,,,,,,,,,,,,,,,,,0.0,,,,,,,,,,,,,,,,,,,,,,,,,,,,,,,,0.0,,,,,0.0,,,0.0,0.0,0.0,0.0,,,2021,,,24.0,1.0,Touchdown,1588.0,"11/1/21, 20:15:34",2021-11-02T01:16:04Z,GEHA Field at Arrowhead Stadium,"Temp: 39° F, Humidity: 86%, Wind: Northeast 3 mph",c59968af-b37c-11eb-ba8a-ecb6fe06b3b0,0,0.0,RUSH,0.0,,,,9.0,Touchdown,2021-11-02T01:08:34Z,11.0,5:46,6.0,1.0,1.0,2.0,2.0,0.0,PUNT,TOUCHDOWN,12:23,06:37,KC 32,NYG 3,1351.0,1610.0,17,20,Home,3,37,10.5,53.0,0,outdoors,grass ,39.0,4.0,Andy Reid,Joe Judge,KAN00,GEHA Field at Arrowhead Stadium,0.0,1.0,,,D.Gore,40.0,,,0.0,1.0,1.0,0.0,1.0,,00-0035715,,D.Gore,40.0,00-0035715,D.Gore,00-0035715,D.Gore,00-0035715,0.0,1.0,1.1693475,,,,,,0.38787082,-38.787083,2021_08_NYG_KC,KC,SINGLEBACK,"1 RB, 3 TE, 1 WR",7.0,"3 DL, 3 LB, 5 DB",,43330;43332;49476;52518;43367;53479;46152;40011;42349;53492;44822;43351;53591;53655;52663;47800;52504;46522;52444;42460;44830;40031,00-0035715;00-0032391;00-0034752;00-0030506;00-0036623;00-0033873;00-0036637;00-0036660;00-0036367;00-0034297;00-0032062,00-0033058;00-0032763;00-0036394;00-0036552;00-0031933;00-0032890;00-0036167;00-0035683;00-0036388;00-0033878;00-0030411,11.0,11.0,,,,,,,,,,,,,5.0
1610.0,2021_08_NYG_KC,2021110100,KC,NYG,REG,8,KC,home,NYG,NYG,15.0,2021-11-01,397.0,397.0,2197.0,Half1,0.0,9.0,1.0,2.0,,0,06:37,NYG 15,0.0,68.0,"7-H.Butker extra point is GOOD, Center-41-J.Winchester, Holder-5-T.Townsend.",extra_point,0.0,0.0,0.0,0.0,0.0,0.0,0.0,,,,,,,,33.0,good,,2.0,1.0,0.0,,,,,2.0,1.0,14.0,7.0,13.0,7.0,6.0,14.0,7.0,7.0,0.0,0.0,0.0,0.0,0.0,0.0,0.0,0.932427,0.0,0.932427,0.067573,4.8626204,-4.8626204,4.948195,-4.948195,-1.5420179,1.5420179,,,0.0,0.0,-3.1292348,3.1292348,6.1181164,-6.1181164,5.8849263,-5.8849263,-7.4269443,7.4269443,0.7069861,0.29301384,0.7069861,0.29301384,0.0019634482,0.00078760384,0.00078760384,0.70894957,0.2910504,0.8608305,0.8608305,0.085151225,-0.085151225,0.036077216,-0.036077216,,,0.0,0.0,-0.067203775,0.067203775,0.18405452,-0.18405452,-0.067203775,0.067203775,0.10328099,-0.10328099,0.0,0.0,0.0,0.0,0.0,0.0,0.0,0.0,0.0,0.0,0.0,0.0,0.0,0.0,0.0,0.0,0.0,0.0,0.0,0.0,0.0,0.0,0.0,0.0,0.0,0.0,0.0,0.0,0.0,0.0,0.0,0.0,0.0,0.0,0.0,0.0,0.0,0.0,0.0,1.0,0.0,0.0,0.0,0.0,0.0,0.0,0.0,0.0,0.0,0.0,0.0,,,,,,,,,,,,,,,,,,,,,,,,,,,,,,,,H.Butker,00-0033303,,,,,,,,,,,,,,,,,,,,,,,,,,,,,,,,,,,,,0.0,,,,,,,,,,,,,,,,,,,,,,,,,,,,,,,,0.0,,,,,0.0,,,0.0,0.0,0.0,0.0,,,2021,,,24.0,1.0,Touchdown,1610.0,"11/1/21, 20:15:34",2021-11-02T01:16:51Z,GEHA Field at Arrowhead Stadium,"Temp: 39° F, Humidity: 86%, Wind: Northeast 3 mph",c59968af-b37c-11eb-ba8a-ecb6fe06b3b0,0,0.0,XP_KICK,1.0,,,,9.0,Touchdown,2021-11-02T01:08:34Z,11.0,5:46,6.0,1.0,1.0,2.0,2.0,0.0,PUNT,TOUCHDOWN,12:23,06:37,KC 32,NYG 3,1351.0,1610.0,17,20,Home,3,37,10.5,53.0,0,outdoors,grass ,39.0,4.0,Andy Reid,Joe Judge,KAN00,GEHA Field at Arrowhead Stadium,0.0,1.0,,,,,,,0.0,0.0,0.0,1.0,0.0,,,,,,,,,,,0.0,1.0,0.067573,,,,,,,,2021_08_NYG_KC,KC,,,,,,40994;43330;48003;43332;47878;46152;46312;42349;52591;47891;53492;53876;45046;52791;53591;53655;43351;52504;47800;42460;45695;47999,00-0030615;00-0034752;00-0036623;00-0033303;00-0035889;00-0036637;00-0036660;00-0036367;00-0032062;00-0033831;00-0035149,00-0033058;00-0035304;00-0032763;00-0035708;00-0034435;00-0031933;00-0036400;00-0034974;00-0036611;00-0032890;00-0035683,11.0,11.0,,,,,,,,,,,,,0.0
1626.0,2021_08_NYG_KC,2021110100,KC,NYG,REG,8,NYG,away,KC,KC,35.0,2021-11-01,397.0,397.0,2197.0,Half1,0.0,10.0,0.0,2.0,,0,06:37,KC 35,0.0,86.0,"7-H.Butker kicks 60 yards from KC 35 to NYG 5. 12-J.Ross pushed ob at NYG 17 for 12 yards (27-R.Fenton; 40-D.Gore). PENALTY on NYG-15-C.Johnson, Taunting, 8 yards, enforced at NYG 17.",kickoff,0.0,0.0,0.0,0.0,0.0,0.0,0.0,,,,,,,,60.0,,,2.0,1.0,0.0,,,,,1.0,2.0,14.0,7.0,7.0,14.0,-7.0,7.0,14.0,-7.0,0.31557024,0.11073647,0.002273121,0.1374452,0.1666625,0.0014479996,0.26586452,0.0,0.0,1.0650631,-1.0585035,5.921124,-5.921124,4.948195,-4.948195,-1.5420179,1.5420179,,,0.0,0.0,-3.1292348,3.1292348,6.1181164,-6.1181164,5.8849263,-5.8849263,-7.4269443,7.4269443,0.2910504,0.70894957,0.70894957,0.2910504,-0.02215159,-0.015414268,0.015414268,0.73110116,0.26889881,0.13838193,0.86161804,0.085151225,-0.085151225,0.036077216,-0.036077216,,,0.0,0.0,-0.067203775,0.067203775,0.18405452,-0.18405452,-0.067203775,0.067203775,0.10328099,-0.10328099,0.0,0.0,0.0,0.0,0.0,0.0,0.0,0.0,0.0,0.0,0.0,0.0,0.0,0.0,0.0,0.0,1.0,0.0,0.0,0.0,0.0,0.0,0.0,0.0,0.0,0.0,1.0,0.0,0.0,0.0,0.0,0.0,0.0,0.0,0.0,0.0,0.0,0.0,0.0,0.0,0.0,0.0,1.0,0.0,0.0,0.0,1.0,0.0,0.0,0.0,0.0,,,,,,,,,,,,,,,,,,,,,,,,,,J.Ross,00-0033460,,,,,H.Butker,00-0033303,,,,,,,,,,,,,,,,,,,,,,,,,00-0035147,R.Fenton,KC,00-0035715,D.Gore,KC,,,,,,,0.0,,,,,,,,,,,,,,,,,,,,,,,,,,,,,,,NYG,12.0,NYG,00-0036254,C.Johnson,8.0,0.0,,Taunting,0.0,0.0,0.0,0.0,,,2021,,,25.0,1.0,First down,1626.0,"11/1/21, 20:15:34",2021-11-02T01:20:05Z,GEHA Field at Arrowhead Stadium,"Temp: 39° F, Humidity: 86%, Wind: Northeast 3 mph",c59968af-b37c-11eb-ba8a-ecb6fe06b3b0,0,0.0,KICK_OFF,1.0,,,,10.0,Field goal,2021-11-02T01:20:05Z,8.0,3:52,4.0,1.0,1.0,2.0,2.0,13.0,KICKOFF,FIELD_GOAL,06:37,02:45,NYG 9,KC 5,1626.0,1862.0,17,20,Home,3,37,10.5,53.0,0,outdoors,grass ,39.0,4.0,Andy Reid,Joe Judge,KAN00,GEHA Field at Arrowhead Stadium,0.0,0.0,,,,,,,0.0,0.0,0.0,1.0,0.0,,,,,,,,,,,1.0,1.0,-1.0585035,,,,,,,,2021_08_NYG_KC,KC,,,,,,43330;48003;48259;46916;49476;46407;43880;53645;41325;52591;47984;46193;46099;46772;44821;45046;47959;53591;46169;53625;46522;52573,00-0035157;00-0035715;00-0034145;00-0031376;00-0035147;00-0034680;00-0034843;00-0033303;00-0036637;00-0034781;00-0034297,00-0033058;00-0035304;00-0034736;00-0032813;00-0036845;00-0036400;00-0034588;00-0033460;00-0034988;00-0036569;00-0036254,11.0,11.0,,,,,,,,,,,,,4.0
1664.0,2021_08_NYG_KC,2021110100,KC,NYG,REG,8,NYG,away,KC,NYG,91.0,2021-11-01,393.0,393.0,2193.0,Half1,0.0,10.0,0.0,2.0,1.0,0,06:33,NYG 9,10.0,86.0,(6:33) 8-D.Jones pass short right to 80-K.Rudolph to NYG 20 for 11 yards (32-T.Mathieu; 54-N.Bolton).,pass,11.0,0.0,0.0,1.0,0.0,0.0,0.0,short,right,0.0,11.0,,,,,,,2.0,1.0,0.0,,,,,1.0,2.0,14.0,7.0,7.0,14.0,-7.0,7.0,14.0,-7.0,0.32905918,0.14974938,0.012031118,0.18492977,0.122826174,0.0007861448,0.20061824,0.0,0.0,0.0065596728,0.7321507,5.1889734,-5.1889734,4.948195,-4.948195,-2.2741685,2.2741685,-0.4394761,1.1716268,-0.4394761,1.1716268,-2.6897588,2.6897588,4.9464893,-4.9464893,6.3244023,-6.3244023,-8.598571,8.598571,0.26889881,0.73110116,0.73110116,0.26889881,0.012501121,0.016936302,-0.016936302,0.71860003,0.28139994,0.12296766,0.87703234,0.085151225,-0.085151225,0.023576096,-0.023576096,0.0,0.012501121,0.0,0.012501121,-0.067203775,0.067203775,0.1715534,-0.1715534,-0.067203775,0.067203775,0.09077987,-0.09077987,0.0,0.0,1.0,0.0,0.0,0.0,0.0,0.0,0.0,0.0,0.0,0.0,0.0,0.0,0.0,0.0,0.0,0.0,0.0,0.0,0.0,0.0,0.0,0.0,0.0,0.0,0.0,0.0,0.0,0.0,0.0,0.0,0.0,1.0,0.0,0.0,0.0,0.0,0.0,0.0,0.0,0.0,0.0,0.0,0.0,1.0,1.0,0.0,0.0,0.0,0.0,00-0035710,D.Jones,11.0,00-0027981,K.Rudolph,11.0,,,,,,,,,,,,,,,,,,,,,,,,,,,,,,,,,,,,,,,,,,,,,,,,,,,,00-0030459,T.Mathieu,KC,00-0036621,N.Bolton,KC,,,,,,,0.0,,,,,,,,,,,,,,,,,,,,,,,,,,,,,,,,0.0,,,,,0.0,,,0.0,0.0,0.0,0.0,,,2021,0.7527909,24.720907,25.0,1.0,First down,1664.0,"11/1/21, 20:15:34",2021-11-02T01:21:26Z,GEHA Field at Arrowhead Stadium,"Temp: 39° F, Humidity: 86%, Wind: Northeast 3 mph",c59968af-b37c-11eb-ba8a-ecb6fe06b3b0,0,0.0,PASS,0.0,,,,10.0,Field goal,2021-11-02T01:20:05Z,8.0,3:52,4.0,1.0,1.0,2.0,2.0,13.0,KICKOFF,FIELD_GOAL,06:37,02:45,NYG 9,KC 5,1626.0,1862.0,17,20,Home,3,37,10.5,53.0,0,outdoors,grass ,39.0,4.0,Andy Reid,Joe Judge,KAN00,GEHA Field at Arrowhead Stadium,0.0,1.0,D.Jones,8.0,,,K.Rudolph,80.0,1.0,0.0,1.0,0.0,1.0,00-0035710,,00-0027981,D.Jones,8.0,00-0035710,K.Rudolph,00-0027981,K.Rudolph,00-0027981,0.0,1.0,0.7321507,0.62304485,6.825422,6.0,0.507277,0.20924413,0.39556435,60.443565,2021_08_NYG_KC,NYG,SINGLEBACK,"1 RB, 2 TE, 2 WR",7.0,"4 DL, 3 LB, 4 DB",4.0,46144;43425;37090;52546;44835;46757;47846;42406;52585;53449;46090;43338;47789;43695;53487;40017;47954;46103;52471;46521;52507;37118,00-0032972;00-0027955;00-0033881;00-0036913;00-0034762;00-0035710;00-0032575;00-0035535;00-0034346;00-0036392;00-0027981,00-0034818;00-0036374;00-0034573;00-0035625;00-0032210;00-0036378;00-0032387;00-0036621;00-0030459;00-0036362;00-0034296,11.0,11.0,0.76,2.502,False,FLAT,ZONE_COVERAGE,COVER_6,,,,,,,36.0
1688.0,2021_08_NYG_KC,2021110100,KC,NYG,REG,8,NYG,away,KC,NYG,80.0,2021-11-01,357.0,357.0,2157.0,Half1,0.0,10.0,0.0,2.0,1.0,0,05:57,NYG 20,10.0,86.0,"(5:57) (No Huddle, Shotgun) 8-D.Jones pass short left to 3-S.Shepard to NYG 21 for 1 yard (38-L.Sneed).",pass,1.0,1.0,1.0,1.0,0.0,0.0,0.0,short,left,-3.0,4.0,,,,,,,2.0,1.0,0.0,,,,,1.0,2.0,14.0,7.0,7.0,14.0,-7.0,7.0,14.0,-7.0,0.35851133,0.110999584,0.002413422,0.14397924,0.14933874,0.001385954,0.23337178,0.0,0.0,0.73871034,-0.48324665,5.6722198,-5.6722198,4.948195,-4.948195,-1.7909219,1.7909219,-1.1247727,0.64152604,-1.1247727,0.64152604,-1.564986,1.564986,4.3049636,-4.3049636,7.449175,-7.449175,-9.240097,9.240097,0.28139994,0.71860003,0.71860003,0.28139994,-0.013769448,-0.0053010583,0.0053010583,0.73236954,0.2676305,0.13990396,0.86009604,0.085151225,-0.085151225,0.037345544,-0.037345544,0.0,-0.013769448,0.0,-0.013769448,-0.067203775,0.067203775,0.18532285,-0.18532285,-0.067203775,0.067203775,0.10454932,-0.10454932,0.0,0.0,0.0,0.0,0.0,0.0,0.0,0.0,0.0,0.0,0.0,0.0,0.0,0.0,0.0,0.0,0.0,0.0,0.0,0.0,0.0,0.0,0.0,0.0,1.0,0.0,0.0,0.0,0.0,0.0,0.0,0.0,0.0,1.0,0.0,0.0,0.0,0.0,0.0,0.0,0.0,0.0,0.0,0.0,0.0,1.0,0.0,0.0,0.0,0.0,0.0,00-0035710,D.Jones,1.0,00-0032385,S.Shepard,1.0,,,,,,,,,,,,,,,,,,,,,,,,,,,,,,,,,,,,,,,,,,,,,,KC,,00-0036374,,L.Sneed,,,,,,,,,,,,,,0.0,,,,,,,,,,,,,,,,,,,,,,,,,,,,,,,,0.0,,,,,0.0,,,0.0,0.0,0.0,0.0,,,2021,0.88063383,11.936617,26.0,1.0,First down,1688.0,"11/1/21, 20:15:34",2021-11-02T01:22:02Z,GEHA Field at Arrowhead Stadium,"Temp: 39° F, Humidity: 86%, Wind: Northeast 3 mph",c59968af-b37c-11eb-ba8a-ecb6fe06b3b0,0,0.0,PASS,0.0,,,,10.0,Field goal,2021-11-02T01:20:05Z,8.0,3:52,4.0,1.0,1.0,2.0,2.0,13.0,KICKOFF,FIELD_GOAL,06:37,02:45,NYG 9,KC 5,1626.0,1862.0,17,20,Home,3,37,10.5,53.0,0,outdoors,grass ,39.0,4.0,Andy Reid,Joe Judge,KAN00,GEHA Field at Arrowhead Stadium,0.0,0.0,D.Jones,8.0,,,S.Shepard,3.0,1.0,0.0,0.0,0.0,1.0,00-0035710,,00-0032385,D.Jones,8.0,00-0035710,S.Shepard,00-0032385,S.Shepard,00-0032385,0.0,1.0,-0.48324665,1.2224267,9.680263,8.0,0.48530182,0.23814963,0.49758068,50.241932,2021_08_NYG_KC,NYG,SHOTGUN,"1 RB, 2 TE, 2 WR",6.0,"4 DL, 3 LB, 4 DB",3.0,46144;43425;43329;37090;52546;44835;46757;47846;42406;52585;43338;46090;47789;43695;53487;40017;47954;52471;46103;46521;52507;37118,00-0032972;00-0032385;00-0027955;00-0033881;00-0034762;00-0035710;00-0032575;00-0035535;00-0034346;00-0036392;00-0027981,00-0034818;00-0036374;00-0034573;00-0035625;00-0032210;00-0036378;00-0032387;00-0036621;00-0030459;00-0036362;00-0034296,11.0,11.0,-2.51,1.168,False,SCREEN,ZONE_COVERAGE,COVER_2,,,,,,,36.0
1712.0,2021_08_NYG_KC,2021110100,KC,NYG,REG,8,NYG,away,KC,NYG,79.0,2021-11-01,321.0,321.0,2121.0,Half1,0.0,10.0,0.0,2.0,2.0,0,05:21,NYG 21,9.0,86.0,"(5:21) (No Huddle, Shotgun) 8-D.Jones pass short left to 28-D.Booker to NYG 33 for 12 yards (56-B.Niemann).",pass,12.0,1.0,1.0,1.0,0.0,0.0,0.0,short,left,-5.0,17.0,,,,,,,2.0,1.0,0.0,,,,,1.0,2.0,14.0,7.0,7.0,14.0,-7.0,7.0,14.0,-7.0,0.37744805,0.12556277,0.0019981896,0.16279191,0.13569039,0.0013880533,0.19512063,0.0,0.0,0.25546366,1.1908795,4.4813404,-4.4813404,4.948195,-4.948195,-2.9818015,2.9818015,-1.2596328,2.4505124,-1.2596328,2.4505124,-0.3053532,0.3053532,1.8544512,-1.8544512,8.708808,-8.708808,-11.690609,11.690609,0.2676305,0.73236954,0.73236954,0.2676305,0.02403593,0.014856055,-0.014856055,0.7083336,0.29166642,0.1346029,0.8653971,0.085151225,-0.085151225,0.013309613,-0.013309613,0.0,0.02403593,0.0,0.02403593,-0.067203775,0.067203775,0.16128692,-0.16128692,-0.067203775,0.067203775,0.08051339,-0.08051339,0.0,0.0,1.0,0.0,0.0,0.0,0.0,0.0,0.0,0.0,0.0,0.0,0.0,0.0,0.0,0.0,0.0,0.0,0.0,0.0,0.0,0.0,0.0,0.0,1.0,0.0,0.0,0.0,0.0,0.0,0.0,0.0,0.0,1.0,0.0,0.0,0.0,0.0,0.0,0.0,0.0,0.0,0.0,0.0,0.0,1.0,0.0,0.0,0.0,0.0,0.0,00-0035710,D.Jones,12.0,00-0032972,D.Booker,12.0,,,,,,,,,,,,,,,,,,,,,,,,,,,,,,,,,,,,,,,,,,,,,,KC,,00-0034296,,B.Niemann,,,,,,,,,,,,,,0.0,,,,,,,,,,,,,,,,,,,,,,,,,,,,,,,,0.0,,,,,0.0,,,0.0,0.0,0.0,0.0,,,2021,0.87318546,12.681455,26.0,1.0,First down,1712.0,"11/1/21, 20:15:34",2021-11-02T01:22:38Z,GEHA Field at Arrowhead Stadium,"Temp: 39° F, Humidity: 86%, Wind: Northeast 3 mph",c59968af-b37c-11eb-ba8a-ecb6fe06b3b0,0,0.0,PASS,0.0,,,,10.0,Field goal,2021-11-02T01:20:05Z,8.0,3:52,4.0,1.0,1.0,2.0,2.0,13.0,KICKOFF,FIELD_GOAL,06:37,02:45,NYG 9,KC 5,1626.0,1862.0,17,20,Home,3,37,10.5,53.0,0,outdoors,grass ,39.0,4.0,Andy Reid,Joe Judge,KAN00,GEHA Field at Arrowhead Stadium,0.0,1.0,D.Jones,8.0,,,D.Booker,28.0,1.0,0.0,1.0,0.0,1.0,00-0035710,,00-0032972,D.Jones,8.0,00-0035710,D.Booker,00-0032972,D.Booker,00-0032972,0.0,1.0,1.1908795,1.3446422,10.437891,9.0,0.39480582,0.2297646,0.72930855,27.069145,2021_08_NYG_KC,NYG,SHOTGUN,"1 RB, 1 TE, 3 WR",5.0,"4 DL, 2 LB, 5 DB",4.0,43425;43329;37090;52546;44835;46757;47846;42406;52585;53449;46090;43338;47789;43695;53487;47984;40017;47954;46103;46521;52507;43326,00-0032972;00-0032385;00-0027955;00-0033881;00-0036913;00-0034762;00-0035710;00-0032575;00-0035535;00-0034346;00-0036392,00-0036374;00-0034573;00-0035625;00-0032210;00-0036378;00-0032387;00-0036621;00-0035147;00-0030459;00-0034296;00-0032762,11.0,11.0,-5.46,2.102,True,SCREEN,ZONE_COVERAGE,COVER_2,,,,,,,35.0
1736.0,2021_08_NYG_KC,2021110100,KC,NYG,REG,8,NYG,away,KC,NYG,67.0,2021-11-01,286.0,286.0,2086.0,Half1,0.0,10.0,0.0,2.0,1.0,0,04:46,NYG 33,10.0,86.0,"(4:46) (No Huddle) 8-D.Jones pass short right to 28-D.Booker to KC 26 for 41 yards (22-J.Thornhill). PENALTY on KC-38-L.Sneed, Roughing the Passer, 13 yards, enforced at KC 26.",pass,41.0,0.0,1.0,1.0,0.0,0.0,0.0,short,right,2.0,39.0,,,,,,,2.0,1.0,0.0,,,,,1.0,2.0,14.0,7.0,7.0,14.0,-7.0,7.0,14.0,-7.0,0.4087036,0.06609542,0.0008890378,0.0974917,0.16195357,0.0022156236,0.26265106,0.0,0.0,1.4463432,3.330914,1.1504263,-1.1504263,4.948195,-4.948195,-6.3127155,6.3127155,-0.45439035,3.7853045,-0.45439035,3.7853045,0.14903714,-0.14903714,-1.9308534,1.9308534,9.163198,-9.163198,-15.475914,15.475914,0.29166642,0.7083336,0.7083336,0.29166642,0.08631611,0.053478926,-0.053478926,0.6220175,0.37798253,0.14945896,0.85054106,0.085151225,-0.085151225,-0.073006496,0.073006496,0.0,0.08631611,0.0,0.08631611,-0.067203775,0.067203775,0.07497081,-0.07497081,-0.067203775,0.067203775,-0.005802721,0.005802721,0.0,0.0,1.0,1.0,0.0,0.0,0.0,0.0,0.0,0.0,0.0,0.0,0.0,0.0,0.0,0.0,0.0,0.0,0.0,0.0,0.0,0.0,0.0,0.0,1.0,0.0,1.0,0.0,0.0,0.0,0.0,0.0,0.0,1.0,0.0,0.0,0.0,0.0,0.0,0.0,0.0,0.0,0.0,0.0,0.0,1.0,0.0,0.0,0.0,0.0,0.0,00-0035710,D.Jones,41.0,00-0032972,D.Booker,41.0,,,,,,,,,,,,,,,,,,,,,,,,,,,,,,,,,,,,,,,,,,,,,,KC,,00-0035625,,J.Thornhill,,,,,,,,,,,,,,0.0,,,,,,,,,,,,,,,,,,,,,,,,,,,,,,,,0.0,KC,00-0036374,L.Sneed,13.0,0.0,,Roughing the Passer,0.0,0.0,0.0,0.0,,,2021,0.80326384,19.673616,27.0,1.0,First down,1736.0,"11/1/21, 20:15:34",2021-11-02T01:23:13Z,GEHA Field at Arrowhead Stadium,"Temp: 39° F, Humidity: 86%, Wind: Northeast 3 mph",c59968af-b37c-11eb-ba8a-ecb6fe06b3b0,0,0.0,PASS,0.0,,,,10.0,Field goal,2021-11-02T01:20:05Z,8.0,3:52,4.0,1.0,1.0,2.0,2.0,13.0,KICKOFF,FIELD_GOAL,06:37,02:45,NYG 9,KC 5,1626.0,1862.0,17,20,Home,3,37,10.5,53.0,0,outdoors,grass ,39.0,4.0,Andy Reid,Joe Judge,KAN00,GEHA Field at Arrowhead Stadium,0.0,1.0,D.Jones,8.0,,,D.Booker,28.0,1.0,0.0,1.0,0.0,1.0,00-0035710,,00-0032972,D.Jones,8.0,00-0035710,D.Booker,00-0032972,D.Booker,00-0032972,0.0,1.0,3.330914,0.69970345,5.5536804,4.0,0.5398331,0.22739753,0.5501886,44.98114,2021_08_NYG_KC,NYG,SINGLEBACK,"1 RB, 3 TE, 1 WR",7.0,"4 DL, 3 LB, 4 DB",5.0,46144;43425;37090;52546;44835;46757;47846;42406;52585;46090;43338;47789;43695;53487;40017;46103;47959;52471;46521;52507;52573;37118,00-0032972;00-0027955;00-0033881;00-0034762;00-0035710;00-0032575;00-0034346;00-0034988;00-0036392;00-0036254;00-0027981,00-0034818;00-0036374;00-0034573;00-0035625;00-0032210;00-0036378;00-0032387;00-0036621;00-0030459;00-0036362;00-0034296,11.0,11.0,1.41,3.871,True,OUT,ZONE_COVERAGE,COVER_2,,,,,,,20.0
1776.0,2021_08_NYG_KC,2021110100,KC,NYG,REG,8,NYG,away,KC,KC,13.0,2021-11-01,266.0,266.0,2066.0,Half1,0.0,10.0,0.0,2.0,1.0,0,04:26,KC 13,10.0,86.0,(4:26) (Shotgun) 8-D.Jones sacked at KC 13 for 0 yards (91-D.Nnadi).,pass,0.0,1.0,0.0,1.0,0.0,0.0,0.0,,,,,,,,,,,2.0,1.0,0.0,,,,,1.0,2.0,14.0,7.0,7.0,14.0,-7.0,7.0,14.0,-7.0,0.0867577,0.00933381,0.0002735297,0.01791,0.3161691,0.0008445169,0.56871134,0.0,0.0,4.7772574,-0.40547627,1.5559026,-1.5559026,4.948195,-4.948195,-5.9072394,5.9072394,,,0.0,0.0,0.14903714,-0.14903714,-1.9308534,1.9308534,9.163198,-9.163198,-15.475914,15.475914,0.37798253,0.6220175,0.6220175,0.37798253,-0.013161242,-0.03384061,0.03384061,0.6351787,0.36482129,0.20293789,0.7970621,0.085151225,-0.085151225,-0.059845254,0.059845254,,,0.0,0.0,-0.067203775,0.067203775,0.07497081,-0.07497081,-0.067203775,0.067203775,-0.005802721,0.005802721,0.0,0.0,0.0,0.0,0.0,0.0,0.0,0.0,0.0,0.0,0.0,0.0,0.0,0.0,0.0,0.0,0.0,0.0,0.0,0.0,0.0,0.0,0.0,0.0,1.0,0.0,0.0,0.0,0.0,0.0,0.0,1.0,0.0,1.0,1.0,0.0,0.0,0.0,0.0,0.0,0.0,0.0,0.0,0.0,0.0,0.0,0.0,0.0,0.0,0.0,0.0,00-0035710,D.Jones,,,,,,,,,,,,,,,,,,,,,,,,,,,,,,,,,,,,,,,,00-0034818,D.Nnadi,,,,,,,,,KC,,00-0034818,,D.Nnadi,,,,,,,,,,,,,,0.0,,,,,,,,,,,,,,,,,,,,,,,,,00-0034818,D.Nnadi,,,,,,0.0,,,,,0.0,,,0.0,0.0,0.0,0.0,,,2021,,,28.0,0.0,Field goal,1776.0,"11/1/21, 20:15:34",2021-11-02T01:24:30Z,GEHA Field at Arrowhead Stadium,"Temp: 39° F, Humidity: 86%, Wind: Northeast 3 mph",c59968af-b37c-11eb-ba8a-ecb6fe06b3b0,0,0.0,SACK,0.0,,,,10.0,Field goal,2021-11-02T01:20:05Z,8.0,3:52,4.0,1.0,1.0,2.0,2.0,13.0,KICKOFF,FIELD_GOAL,06:37,02:45,NYG 9,KC 5,1626.0,1862.0,17,20,Home,3,37,10.5,53.0,0,outdoors,grass ,39.0,4.0,Andy Reid,Joe Judge,KAN00,GEHA Field at Arrowhead Stadium,0.0,0.0,D.Jones,8.0,,,,,1.0,0.0,0.0,0.0,1.0,00-0035710,,,D.Jones,8.0,00-0035710,,,,,0.0,1.0,-0.40547627,,,,,,0.4101355,58.98645,2021_08_NYG_KC,NYG,SHOTGUN,"1 RB, 1 TE, 3 WR",6.0,"4 DL, 2 LB, 5 DB",4.0,46144;43329;37090;52546;44835;46757;42406;43880;53449;52585;46090;47789;53487;43695;47984;40017;47954;52471;46103;52792;52507;41502,00-0032385;00-0027955;00-0033881;00-0032813;00-0036913;00-0034762;00-0035710;00-0032575;00-0035535;00-0034346;00-0036392,00-0034818;00-0036374;00-0034573;00-0032210;00-0036378;00-0036621;00-0035147;00-0030459;00-0036362;00-0035890;00-0030665,11.0,11.0,,,,,,,,,,,,,34.0
1795.0,2021_08_NYG_KC,2021110100,KC,NYG,REG,8,NYG,away,KC,KC,13.0,2021-11-01,232.0,232.0,2032.0,Half1,0.0,10.0,0.0,2.0,2.0,0,03:52,KC 13,10.0,86.0,(3:52) (Shotgun) 8-D.Jones left guard to KC 7 for 6 yards (50-W.Gay).,run,6.0,1.0,0.0,0.0,0.0,0.0,0.0,,,,,left,guard,,,,,2.0,1.0,0.0,,,,,1.0,2.0,14.0,7.0,7.0,14.0,-7.0,7.0,14.0,-7.0,0.108996056,0.010291961,0.0002925537,0.01861612,0.37359935,0.00093422976,0.48726976,0.0,0.0,4.371781,0.21084382,1.3450588,-1.3450588,4.737351,-4.737351,-5.9072394,5.9072394,,,0.0,0.0,0.14903714,-0.14903714,-1.9308534,1.9308534,9.163198,-9.163198,-15.475914,15.475914,0.36482129,0.6351787,0.6351787,0.36482129,-0.011606455,0.012664914,-0.012664914,0.64678514,0.35321483,0.16909727,0.8309027,0.09675768,-0.09675768,-0.059845254,0.059845254,,,0.0,0.0,-0.067203775,0.067203775,0.07497081,-0.07497081,-0.067203775,0.067203775,-0.005802721,0.005802721,0.0,0.0,0.0,0.0,0.0,0.0,0.0,0.0,0.0,0.0,0.0,0.0,0.0,0.0,0.0,0.0,0.0,0.0,0.0,0.0,0.0,0.0,0.0,0.0,1.0,0.0,0.0,0.0,0.0,0.0,0.0,0.0,1.0,0.0,0.0,0.0,0.0,0.0,0.0,0.0,0.0,0.0,0.0,0.0,0.0,0.0,0.0,0.0,0.0,0.0,0.0,,,,,,,00-0035710,D.Jones,6.0,,,,,,,,,,,,,,,,,,,,,,,,,,,,,,,,,,,,,,,,,,,KC,,00-0036362,,W.Gay,,,,,,,,,,,,,,0.0,,,,,,,,,,,,,,,,,,,,,,,,,,,,,,,,0.0,,,,,0.0,,,0.0,0.0,0.0,0.0,,,2021,,,28.0,0.0,Field goal,1795.0,"11/1/21, 20:15:34",2021-11-02T01:25:04Z,GEHA Field at Arrowhead Stadium,"Temp: 39° F, Humidity: 86%, Wind: Northeast 3 mph",c59968af-b37c-11eb-ba8a-ecb6fe06b3b0,0,0.0,RUSH,0.0,,,,10.0,Field goal,2021-11-02T01:20:05Z,8.0,3:52,4.0,1.0,1.0,2.0,2.0,13.0,KICKOFF,FIELD_GOAL,06:37,02:45,NYG 9,KC 5,1626.0,1862.0,17,20,Home,3,37,10.5,53.0,0,outdoors,grass ,39.0,4.0,Andy Reid,Joe Judge,KAN00,GEHA Field at Arrowhead Stadium,0.0,1.0,,,D.Jones,8.0,,,0.0,1.0,0.0,0.0,1.0,,00-0035710,,D.Jones,8.0,00-0035710,D.Jones,00-0035710,D.Jones,00-0035710,0.0,1.0,0.21084382,,,,,,0.6244107,-62.44107,2021_08_NYG_KC,NYG,SHOTGUN,"1 RB, 1 TE, 3 WR",7.0,"4 DL, 2 LB, 5 DB",,46144;43329;37090;52546;44835;46757;42406;43880;53449;52585;46090;47789;43695;53487;47984;40017;47954;52471;46103;52792;52507;41502,00-0032385;00-0027955;00-0033881;00-0032813;00-0036913;00-0034762;00-0035710;00-0032575;00-0035535;00-0034346;00-0036392,00-0034818;00-0036374;00-0034573;00-0032210;00-0036378;00-0036621;00-0035147;00-0030459;00-0036362;00-0035890;00-0030665,11.0,11.0,,,,,,,,,,,,,43.0
1816.0,2021_08_NYG_KC,2021110100,KC,NYG,REG,8,,,,,,2021-11-01,189.0,189.0,1989.0,Half1,0.0,10.0,0.0,2.0,,0,03:09,KC 7,0.0,86.0,Timeout #3 by NYG at 03:09.,no_play,0.0,0.0,0.0,0.0,0.0,0.0,0.0,,,,,,,,,,,2.0,0.0,1.0,NYG,,,,,,14.0,7.0,,,,,,,0.0,0.0,0.0,0.0,0.0,0.0,0.0,0.0,0.0,4.582625,-0.0,1.3450588,-1.3450588,4.737351,-4.737351,-5.9072394,5.9072394,,,0.0,0.0,0.14903714,-0.14903714,-1.9308534,1.9308534,9.163198,-9.163198,-15.475914,15.475914,0.35321483,0.64678514,0.64678514,0.35321483,-0.0,-0.0,0.0,,,0.18176219,0.8182378,0.09675768,-0.09675768,-0.059845254,0.059845254,,,0.0,0.0,-0.067203775,0.067203775,0.07497081,-0.07497081,-0.067203775,0.067203775,-0.005802721,0.005802721,0.0,0.0,0.0,0.0,0.0,0.0,0.0,0.0,0.0,0.0,0.0,0.0,0.0,0.0,0.0,0.0,0.0,0.0,0.0,0.0,0.0,0.0,0.0,0.0,0.0,0.0,0.0,0.0,0.0,0.0,0.0,0.0,0.0,0.0,0.0,0.0,0.0,0.0,0.0,0.0,0.0,0.0,0.0,0.0,0.0,0.0,0.0,0.0,0.0,0.0,0.0,,,,,,,,,,,,,,,,,,,,,,,,,,,,,,,,,,,,,,,,,,,,,,,,,,,,,,,,,,,,,,,,,,,,,,0.0,,,,,,,,,,,,,,,,,,,,,,,,,,,,,,,,0.0,,,,,0.0,,,0.0,0.0,0.0,0.0,,,2021,,,28.0,0.0,Field goal,1816.0,"11/1/21, 20:15:34",2021-11-02T01:26:00Z,GEHA Field at Arrowhead Stadium,"Temp: 39° F, Humidity: 86%, Wind: Northeast 3 mph",c59968af-b37c-11eb-ba8a-ecb6fe06b3b0,0,0.0,TIMEOUT,0.0,,,,10.0,Field goal,2021-11-02T01:20:05Z,8.0,3:52,4.0,1.0,1.0,2.0,2.0,13.0,KICKOFF,FIELD_GOAL,06:37,02:45,NYG 9,KC 5,1626.0,1862.0,17,20,Home,3,37,10.5,53.0,0,outdoors,grass ,39.0,4.0,Andy Reid,Joe Judge,KAN00,GEHA Field at Arrowhead Stadium,0.0,0.0,,,,,,,0.0,0.0,0.0,0.0,0.0,,,,,,,,,,,0.0,1.0,-0.0,,,,,,,,2021_08_NYG_KC,,,,,,,,,,0.0,0.0,,,,,,,,,,,,,0.0
1833.0,2021_08_NYG_KC,2021110100,KC,NYG,REG,8,NYG,away,KC,KC,7.0,2021-11-01,189.0,189.0,1989.0,Half1,0.0,10.0,0.0,2.0,3.0,0,03:09,KC 7,4.0,86.0,(3:09) (Shotgun) 8-D.Jones pass short right to 3-S.Shepard ran ob at KC 5 for 2 yards.,pass,2.0,1.0,0.0,1.0,0.0,0.0,0.0,short,right,2.0,0.0,,,,,,,2.0,0.0,0.0,,,,,0.0,2.0,14.0,7.0,7.0,14.0,-7.0,7.0,14.0,-7.0,0.13093218,0.0057216343,0.00025187185,0.017516341,0.29733467,0.0013597922,0.54688346,0.0,0.0,4.582625,-1.6484803,2.993539,-2.993539,4.737351,-4.737351,-4.258759,4.258759,-1.6484803,0.0,-1.6484803,0.0,1.7975175,-1.7975175,-1.9308534,1.9308534,10.811679,-10.811679,-15.475914,15.475914,0.35321483,0.64678514,0.64678514,0.35321483,-0.022245675,-0.017705724,0.017705724,0.66903085,0.33096915,0.18176219,0.8182378,0.09675768,-0.09675768,-0.03759958,0.03759958,-0.022245675,0.0,-0.022245675,0.0,-0.0449581,0.0449581,0.07497081,-0.07497081,-0.0449581,0.0449581,-0.005802721,0.005802721,0.0,0.0,0.0,0.0,0.0,1.0,0.0,0.0,0.0,0.0,0.0,0.0,0.0,0.0,0.0,0.0,0.0,0.0,0.0,0.0,0.0,0.0,0.0,0.0,0.0,0.0,0.0,0.0,0.0,0.0,0.0,0.0,0.0,1.0,0.0,0.0,0.0,0.0,0.0,0.0,0.0,0.0,0.0,0.0,0.0,1.0,0.0,0.0,0.0,0.0,0.0,00-0035710,D.Jones,2.0,00-0032385,S.Shepard,2.0,,,,,,,,,,,,,,,,,,,,,,,,,,,,,,,,,,,,,,,,,,,,,,,,,,,,,,,,,,,,,,,,0.0,,,,,,,,,,,,,,,,,,,,,,,,,,,,,,,,0.0,,,,,0.0,,,0.0,0.0,0.0,0.0,,,2021,0.68024075,31.975925,28.0,0.0,Field goal,1833.0,"11/1/21, 20:15:34",2021-11-02T01:26:54Z,GEHA Field at Arrowhead Stadium,"Temp: 39° F, Humidity: 86%, Wind: Northeast 3 mph",c59968af-b37c-11eb-ba8a-ecb6fe06b3b0,0,0.0,PASS,0.0,,,,10.0,Field goal,2021-11-02T01:20:05Z,8.0,3:52,4.0,1.0,1.0,2.0,2.0,13.0,KICKOFF,FIELD_GOAL,06:37,02:45,NYG 9,KC 5,1626.0,1862.0,17,20,Home,3,37,10.5,53.0,0,outdoors,grass ,39.0,4.0,Andy Reid,Joe Judge,KAN00,GEHA Field at Arrowhead Stadium,0.0,0.0,D.Jones,8.0,,,S.Shepard,3.0,1.0,0.0,0.0,0.0,1.0,00-0035710,,00-0032385,D.Jones,8.0,00-0035710,S.Shepard,00-0032385,S.Shepard,00-0032385,1.0,1.0,-1.6484803,2.6855216,2.8734963,3.0,0.6647147,0.6647147,0.921118,7.888198,2021_08_NYG_KC,NYG,SHOTGUN,"1 RB, 1 TE, 3 WR",7.0,"4 DL, 2 LB, 5 DB",4.0,43329;37090;52546;44835;46757;42406;43880;52585;53449;46090;47789;43695;53487;47984;40017;47954;46103;52792;46521;52507;41502;43326,00-0032385;00-0027955;00-0033881;00-0032813;00-0036913;00-0034762;00-0035710;00-0032575;00-0035535;00-0034346;00-0036392,00-0036374;00-0034573;00-0032210;00-0036378;00-0036621;00-0035147;00-0030459;00-0035890;00-0034296;00-0030665;00-0032762,11.0,11.0,2.06,2.002,False,OUT,MAN_COVERAGE,COVER_1,,,,,,,21.0
1862.0,2021_08_NYG_KC,2021110100,KC,NYG,REG,8,NYG,away,KC,KC,5.0,2021-11-01,168.0,168.0,1968.0,Half1,0.0,10.0,1.0,2.0,4.0,0,02:48,KC 5,2.0,86.0,"(2:48) 5-G.Gano 23 yard field goal is GOOD, Center-58-C.Kreiter, Holder-9-R.Dixon.",field_goal,0.0,0.0,0.0,0.0,0.0,0.0,0.0,,,,,,,made,23.0,,,2.0,0.0,0.0,,,,,0.0,2.0,14.0,10.0,7.0,14.0,-7.0,10.0,14.0,-4.0,0.010639148,0.0010343798,2.133653e-05,0.0032158524,0.9838881,5.4278175e-05,0.0011469166,0.0,0.0,2.9341445,0.06585554,2.9276836,-2.9276836,4.737351,-4.737351,-4.258759,4.258759,,,0.0,0.0,1.7975175,-1.7975175,-1.9308534,1.9308534,10.811679,-10.811679,-15.475914,15.475914,0.33096915,0.66903085,0.66903085,0.33096915,-0.00938499,-0.027949795,0.027949795,0.67841583,0.32158417,0.16405647,0.8359435,0.09675768,-0.09675768,-0.03759958,0.03759958,,,0.0,0.0,-0.0449581,0.0449581,0.07497081,-0.07497081,-0.0449581,0.0449581,-0.005802721,0.005802721,0.0,0.0,0.0,0.0,0.0,0.0,0.0,0.0,0.0,0.0,0.0,0.0,0.0,0.0,0.0,0.0,0.0,0.0,0.0,0.0,0.0,0.0,0.0,0.0,0.0,0.0,0.0,0.0,0.0,0.0,0.0,0.0,0.0,0.0,0.0,0.0,0.0,0.0,0.0,0.0,0.0,1.0,0.0,0.0,0.0,0.0,0.0,0.0,0.0,0.0,0.0,,,,,,,,,,,,,,,,,,,,,,,,,,,,,,,,G.Gano,00-0026858,,,,,,,,,,,,,,,,,,,,,,,,,,,,,,,,,,,,,0.0,,,,,,,,,,,,,,,,,,,,,,,,,,,,,,,,0.0,,,,,0.0,,,0.0,0.0,0.0,0.0,,,2021,,,28.0,0.0,Field goal,1862.0,"11/1/21, 20:15:34",2021-11-02T01:27:36Z,GEHA Field at Arrowhead Stadium,"Temp: 39° F, Humidity: 86%, Wind: Northeast 3 mph",c59968af-b37c-11eb-ba8a-ecb6fe06b3b0,0,0.0,FIELD_GOAL,0.0,,,,10.0,Field goal,2021-11-02T01:20:05Z,8.0,3:52,4.0,1.0,1.0,2.0,2.0,13.0,KICKOFF,FIELD_GOAL,06:37,02:45,NYG 9,KC 5,1626.0,1862.0,17,20,Home,3,37,10.5,53.0,0,outdoors,grass ,39.0,4.0,Andy Reid,Joe Judge,KAN00,GEHA Field at Arrowhead Stadium,0.0,1.0,,,,,,,0.0,0.0,0.0,1.0,0.0,,,,,,,,,,,0.0,1.0,0.06585554,,,,,,,,2021_08_NYG_KC,NYG,,,,,,46144;37090;41797;46407;52585;46090;47914;53487;46193;46323;46099;40051;46103;47800;52792;46169;46521;52507;43517;35102;37118;41502,00-0027955;00-0030957;00-0034762;00-0035263;00-0034687;00-0034346;00-0035683;00-0036392;00-0032943;00-0026858;00-0027981,00-0034818;00-0034145;00-0036378;00-0036621;00-0034680;00-0034843;00-0030503;00-0035890;00-0034781;00-0034296;00-0030665,11.0,11.0,,,,,,,,,,,,,3.0
1881.0,2021_08_NYG_KC,2021110100,KC,NYG,REG,8,KC,home,NYG,NYG,35.0,2021-11-01,165.0,165.0,1965.0,Half1,0.0,11.0,0.0,2.0,,0,02:45,NYG 35,0.0,12.0,"5-G.Gano kicks 65 yards from NYG 35 to end zone, Touchback.",kickoff,0.0,0.0,0.0,0.0,0.0,0.0,0.0,,,,,,,,65.0,,,2.0,0.0,0.0,,,,,2.0,0.0,14.0,10.0,14.0,10.0,4.0,14.0,10.0,4.0,0.65536785,0.061957207,0.0010221315,0.0649106,0.101980835,0.0019070371,0.1128544,0.0,0.0,0.4574473,0.0,2.9276836,-2.9276836,4.737351,-4.737351,-4.258759,4.258759,,,0.0,0.0,1.7975175,-1.7975175,-1.9308534,1.9308534,10.811679,-10.811679,-15.475914,15.475914,0.67841583,0.32158417,0.67841583,0.32158417,0.0,0.0,0.0,0.67841583,0.32158417,0.86389333,0.86389333,0.09675768,-0.09675768,-0.03759958,0.03759958,,,0.0,0.0,-0.0449581,0.0449581,0.07497081,-0.07497081,-0.0449581,0.0449581,-0.005802721,0.005802721,0.0,0.0,0.0,0.0,0.0,0.0,0.0,0.0,0.0,1.0,0.0,0.0,0.0,0.0,0.0,0.0,0.0,0.0,0.0,0.0,0.0,0.0,0.0,0.0,0.0,0.0,0.0,0.0,0.0,0.0,0.0,0.0,0.0,0.0,0.0,0.0,0.0,0.0,0.0,0.0,0.0,0.0,1.0,0.0,0.0,0.0,0.0,0.0,0.0,0.0,0.0,,,,,,,,,,,,,,,,,,,,,,,,,,,,,,,,G.Gano,00-0026858,,,,,,,,,,,,,,,,,,,,,,,,,,,,,,,,,,,,,0.0,,,,,,,,,,,,,,,,,,,,,,,,,,,,,,,KC,0.0,,,,,0.0,,,0.0,0.0,0.0,0.0,,,2021,,,29.0,1.0,First down,1881.0,"11/1/21, 20:15:34",2021-11-02T01:29:03Z,GEHA Field at Arrowhead Stadium,"Temp: 39° F, Humidity: 86%, Wind: Northeast 3 mph",c59968af-b37c-11eb-ba8a-ecb6fe06b3b0,0,0.0,KICK_OFF,1.0,,,,11.0,Punt,2021-11-02T01:29:03Z,4.0,1:09,1.0,0.0,0.0,2.0,2.0,-5.0,KICKOFF,PUNT,02:45,01:36,KC 25,KC 37,1881.0,2054.0,17,20,Home,3,37,10.5,53.0,0,outdoors,grass ,39.0,4.0,Andy Reid,Joe Judge,KAN00,GEHA Field at Arrowhead Stadium,0.0,0.0,,,,,,,0.0,0.0,0.0,1.0,0.0,,,,,,,,,,,0.0,1.0,0.0,,,,,,,,2021_08_NYG_KC,NYG,,,,,,48003;48259;46916;49476;52518;46407;43880;46312;41325;52591;42511;47891;46772;45369;46169;46521;53625;46522;42460;52573;35102;41502,00-0035304;00-0034736;00-0036394;00-0032813;00-0034435;00-0036400;00-0034974;00-0034588;00-0036569;00-0036254;00-0026858,00-0035157;00-0035715;00-0034145;00-0031376;00-0031595;00-0033481;00-0034781;00-0034296;00-0034297;00-0032062;00-0030665,11.0,11.0,,,,,,,,,,,,,0.0
1896.0,2021_08_NYG_KC,2021110100,KC,NYG,REG,8,KC,home,NYG,KC,75.0,2021-11-01,165.0,165.0,1965.0,Half1,0.0,11.0,0.0,2.0,1.0,0,02:45,KC 25,10.0,12.0,(2:45) (Shotgun) 15-P.Mahomes pass short left to 31-Da.Williams pushed ob at KC 42 for 17 yards (30-D.Holmes).,pass,17.0,1.0,0.0,1.0,0.0,0.0,0.0,short,left,2.0,15.0,,,,,,,2.0,0.0,0.0,,,,,2.0,0.0,14.0,10.0,14.0,10.0,4.0,14.0,10.0,4.0,0.65536785,0.061957207,0.0010221315,0.0649106,0.101980835,0.0019070371,0.1128544,0.0,0.0,0.4574473,0.40170068,3.3293843,-3.3293843,4.737351,-4.737351,-3.8570583,3.8570583,-0.3188238,0.7205245,-0.3188238,0.7205245,1.4786937,-1.4786937,-1.2103288,1.2103288,10.492855,-10.492855,-14.755389,14.755389,0.67841583,0.32158417,0.67841583,0.32158417,0.02810353,0.013240337,0.013240337,0.70651937,0.29348063,0.86389333,0.86389333,0.09675768,-0.09675768,-0.009496048,0.009496048,0.0,0.02810353,0.0,0.02810353,-0.0449581,0.0449581,0.10307434,-0.10307434,-0.0449581,0.0449581,0.02230081,-0.02230081,0.0,0.0,1.0,0.0,0.0,0.0,0.0,0.0,0.0,0.0,0.0,0.0,0.0,0.0,0.0,0.0,0.0,0.0,0.0,0.0,0.0,0.0,0.0,0.0,1.0,0.0,0.0,0.0,0.0,0.0,0.0,0.0,0.0,1.0,0.0,0.0,0.0,0.0,0.0,0.0,0.0,0.0,0.0,0.0,0.0,1.0,0.0,0.0,0.0,0.0,0.0,00-0033873,P.Mahomes,17.0,00-0034301,Da.Williams,17.0,,,,,,,,,,,,,,,,,,,,,,,,,,,,,,,,,,,,,,,,,,,,,,NYG,,00-0036394,,D.Holmes,,,,,,,,,,,,,,0.0,,,,,,,,,,,,,,,,,,,,,,,,,,,,,,,,0.0,,,,,0.0,,,0.0,0.0,0.0,0.0,,,2021,0.8102669,18.973309,29.0,1.0,First down,1896.0,"11/1/21, 20:15:34",2021-11-02T01:29:40Z,GEHA Field at Arrowhead Stadium,"Temp: 39° F, Humidity: 86%, Wind: Northeast 3 mph",c59968af-b37c-11eb-ba8a-ecb6fe06b3b0,0,0.0,PASS,0.0,,,,11.0,Punt,2021-11-02T01:29:03Z,4.0,1:09,1.0,0.0,0.0,2.0,2.0,-5.0,KICKOFF,PUNT,02:45,01:36,KC 25,KC 37,1881.0,2054.0,17,20,Home,3,37,10.5,53.0,0,outdoors,grass ,39.0,4.0,Andy Reid,Joe Judge,KAN00,GEHA Field at Arrowhead Stadium,0.0,1.0,P.Mahomes,15.0,,,Da.Williams,31.0,1.0,0.0,1.0,0.0,1.0,00-0033873,,00-0034301,P.Mahomes,15.0,00-0033873,Da.Williams,00-0034301,Da.Williams,00-0034301,1.0,1.0,0.40170068,0.35675237,5.5403485,4.0,0.5467209,0.23443194,0.5189535,48.10465,2021_08_NYG_KC,KC,SHOTGUN,"1 RB, 1 TE, 3 WR",6.0,"2 DL, 4 LB, 5 DB",4.0,43330;43332;52518;43367;53479;46152;40011;53645;42349;53492;44822;43351;53655;52663;52504;52444;46526;43454;44830;39646;47839;40031,00-0032391;00-0034752;00-0030506;00-0036623;00-0033873;00-0036660;00-0036367;00-0034301;00-0033040;00-0029664;00-0035140,00-0033058;00-0032763;00-0036394;00-0036552;00-0036845;00-0031933;00-0032890;00-0036167;00-0036388;00-0033878;00-0030411,11.0,11.0,0.92,3.704,False,FLAT,ZONE_COVERAGE,COVER_3,,,,,,,31.0
1920.0,2021_08_NYG_KC,2021110100,KC,NYG,REG,8,KC,home,NYG,KC,58.0,2021-11-01,134.0,134.0,1934.0,Half1,0.0,11.0,0.0,2.0,1.0,0,02:14,KC 42,10.0,12.0,(2:14) (Shotgun) 15-P.Mahomes pass incomplete deep right to 10-T.Hill.,pass,0.0,1.0,0.0,1.0,0.0,0.0,0.0,deep,right,16.0,,,,,,,,2.0,0.0,0.0,,,,,2.0,0.0,14.0,10.0,14.0,10.0,4.0,14.0,10.0,4.0,0.65418464,0.039212015,0.0005263227,0.045695256,0.12790851,0.002666976,0.12980628,0.0,0.0,0.85914797,-0.3428914,2.9864929,-2.9864929,4.737351,-4.737351,-4.1999497,4.1999497,0.46522436,-0.8081157,0.0,0.0,1.4786937,-1.4786937,-1.2103288,1.2103288,10.958079,-10.958079,-15.563505,15.563505,0.70651937,0.29348063,0.70651937,0.29348063,-0.015434027,-0.009142995,-0.009142995,0.69108534,0.30891466,0.87713367,0.87713367,0.09675768,-0.09675768,-0.024930075,0.024930075,0.0,-0.015434027,0.0,0.0,-0.0449581,0.0449581,0.10307434,-0.10307434,-0.0449581,0.0449581,0.006866783,-0.006866783,0.0,0.0,0.0,0.0,0.0,0.0,0.0,0.0,1.0,0.0,0.0,0.0,0.0,0.0,0.0,0.0,0.0,0.0,0.0,0.0,0.0,0.0,0.0,0.0,0.0,0.0,0.0,0.0,0.0,0.0,0.0,0.0,0.0,1.0,0.0,0.0,0.0,0.0,0.0,0.0,0.0,0.0,0.0,0.0,0.0,0.0,0.0,0.0,0.0,0.0,0.0,00-0033873,P.Mahomes,,00-0033040,T.Hill,,,,,,,,,,,,,,,,,,,,,,,,,,,,,,,,,,,,,,,,,,,,,,,,,,,,,,,,,,,,,,,,,0.0,,,,,,,,,,,,,,,,,,,,,,,,,,,,,,,,0.0,,,,,0.0,,,0.0,0.0,0.0,0.0,,,2021,0.5984993,-59.84993,30.0,0.0,Punt,1920.0,"11/1/21, 20:15:34",2021-11-02T01:30:18Z,GEHA Field at Arrowhead Stadium,"Temp: 39° F, Humidity: 86%, Wind: Northeast 3 mph",c59968af-b37c-11eb-ba8a-ecb6fe06b3b0,0,0.0,PASS,0.0,,,,11.0,Punt,2021-11-02T01:29:03Z,4.0,1:09,1.0,0.0,0.0,2.0,2.0,-5.0,KICKOFF,PUNT,02:45,01:36,KC 25,KC 37,1881.0,2054.0,17,20,Home,3,37,10.5,53.0,0,outdoors,grass ,39.0,4.0,Andy Reid,Joe Judge,KAN00,GEHA Field at Arrowhead Stadium,0.0,0.0,P.Mahomes,15.0,,,T.Hill,10.0,1.0,0.0,0.0,0.0,1.0,00-0033873,,00-0033040,P.Mahomes,15.0,00-0033873,T.Hill,00-0033040,T.Hill,00-0033040,0.0,1.0,-0.3428914,0.24856918,3.7617064,1.0,1.0,1.0,0.59431964,40.568035,2021_08_NYG_KC,KC,SHOTGUN,"1 RB, 1 TE, 3 WR",6.0,"2 DL, 4 LB, 5 DB",4.0,43330;43332;52518;43367;53479;46152;40011;53645;42349;53492;44822;43351;43415;52663;53655;52504;52444;46526;43454;44830;47839;40031,00-0032391;00-0034752;00-0030506;00-0036623;00-0033873;00-0032775;00-0036660;00-0036367;00-0034301;00-0033040;00-0035140,00-0033058;00-0032763;00-0036394;00-0036552;00-0036845;00-0031933;00-0032890;00-0036167;00-0036388;00-0033878;00-0030411,11.0,11.0,15.45,2.862,False,OUT,ZONE_COVERAGE,COVER_2,,,,,,,5.0
1942.0,2021_08_NYG_KC,2021110100,KC,NYG,REG,8,KC,home,NYG,KC,58.0,2021-11-01,129.0,129.0,1929.0,Half1,0.0,11.0,0.0,2.0,2.0,0,02:09,KC 42,10.0,12.0,"(2:09) (Shotgun) 15-P.Mahomes pass incomplete short left. PENALTY on KC-15-P.Mahomes, Intentional Grounding, 10 yards, enforced at KC 42.",pass,0.0,1.0,0.0,1.0,0.0,0.0,0.0,short,left,8.0,,,,,,,,2.0,0.0,0.0,,,,,2.0,0.0,14.0,10.0,14.0,10.0,4.0,14.0,10.0,4.0,0.7003803,0.0422778,0.0005530959,0.05234311,0.10165194,0.0027828333,0.100010924,0.0,0.0,0.5162566,-0.65255797,2.3339348,-2.3339348,4.737351,-4.737351,-4.8525076,4.8525076,0.087707736,-0.7402657,0.0,0.0,1.4786937,-1.4786937,-1.2103288,1.2103288,11.045787,-11.045787,-16.30377,16.30377,0.69108534,0.30891466,0.69108534,0.30891466,-0.047921956,-0.020048857,-0.020048857,0.6431634,0.35683662,0.8679907,0.8679907,0.09675768,-0.09675768,-0.07285203,0.07285203,0.0,-0.047921956,0.0,0.0,-0.0449581,0.0449581,0.10307434,-0.10307434,-0.0449581,0.0449581,-0.041055173,0.041055173,0.0,0.0,0.0,0.0,0.0,0.0,0.0,0.0,1.0,0.0,0.0,0.0,0.0,0.0,0.0,0.0,0.0,0.0,0.0,0.0,0.0,0.0,0.0,0.0,0.0,0.0,1.0,0.0,0.0,0.0,0.0,0.0,0.0,1.0,0.0,0.0,0.0,0.0,0.0,0.0,0.0,0.0,0.0,0.0,0.0,0.0,0.0,0.0,0.0,0.0,0.0,00-0033873,P.Mahomes,,,,,,,,,,,,,,,,,,,,,,,,,,,,,,,,,,,,,,,,,,,,,,,,,,,,,,,,,,,,,,,,,,,,0.0,,,,,,,,,,,,,,,,,,,,,,,,,,,,,,,,0.0,KC,00-0033873,P.Mahomes,10.0,0.0,,Intentional Grounding,0.0,0.0,0.0,0.0,,,2021,,,30.0,0.0,Punt,1942.0,"11/1/21, 20:15:34",2021-11-02T01:30:54Z,GEHA Field at Arrowhead Stadium,"Temp: 39° F, Humidity: 86%, Wind: Northeast 3 mph",c59968af-b37c-11eb-ba8a-ecb6fe06b3b0,0,0.0,PASS,0.0,,,,11.0,Punt,2021-11-02T01:29:03Z,4.0,1:09,1.0,0.0,0.0,2.0,2.0,-5.0,KICKOFF,PUNT,02:45,01:36,KC 25,KC 37,1881.0,2054.0,17,20,Home,3,37,10.5,53.0,0,outdoors,grass ,39.0,4.0,Andy Reid,Joe Judge,KAN00,GEHA Field at Arrowhead Stadium,0.0,0.0,P.Mahomes,15.0,,,,,1.0,0.0,0.0,0.0,1.0,00-0033873,,,P.Mahomes,15.0,00-0033873,,,,,0.0,1.0,-0.65255797,,,,,,0.65378,34.622,2021_08_NYG_KC,KC,EMPTY,"1 RB, 1 TE, 3 WR",4.0,"2 DL, 3 LB, 6 DB",4.0,52518;53479;43367;46152;40011;42349;53645;47891;53492;44822;52663;43351;53655;47800;52504;46522;52444;43454;44830;46526;47839;40031,00-0032391;00-0034752;00-0030506;00-0036623;00-0033873;00-0036660;00-0036367;00-0034297;00-0033040;00-0034301;00-0035140,00-0036394;00-0036552;00-0031933;00-0036845;00-0034974;00-0036167;00-0032890;00-0035683;00-0036388;00-0033878;00-0030411,11.0,11.0,,2.903,False,,ZONE_COVERAGE,COVER_3,,,,,,,4.0
1970.0,2021_08_NYG_KC,2021110100,KC,NYG,REG,8,KC,home,NYG,KC,68.0,2021-11-01,125.0,125.0,1925.0,Half1,0.0,11.0,0.0,2.0,3.0,0,02:05,KC 32,20.0,12.0,"(2:05) (Shotgun) 15-P.Mahomes pass incomplete deep right to 11-D.Robinson (22-A.Jackson). PENALTY on NYG-99-L.Williams, Defensive Offside, 5 yards, enforced at KC 32 - No Play.",no_play,0.0,1.0,0.0,0.0,0.0,0.0,0.0,,,,,,,,,,,2.0,0.0,0.0,,,,,2.0,0.0,14.0,10.0,14.0,10.0,4.0,14.0,10.0,4.0,0.7107993,0.07536881,0.0012061303,0.08111929,0.06310716,0.0016128289,0.06678645,0.0,0.0,-0.1363014,0.047358945,2.3812938,-2.3812938,4.737351,-4.737351,-4.8525076,4.8525076,,,0.0,0.0,1.4786937,-1.4786937,-1.2103288,1.2103288,11.045787,-11.045787,-16.30377,16.30377,0.6431634,0.35683662,0.6431634,0.35683662,0.007237613,0.0055526495,0.0055526495,0.650401,0.349599,0.8479418,0.8479418,0.09675768,-0.09675768,-0.07285203,0.07285203,,,0.0,0.0,-0.0449581,0.0449581,0.10307434,-0.10307434,-0.0449581,0.0449581,-0.041055173,0.041055173,0.0,0.0,0.0,0.0,0.0,0.0,0.0,0.0,0.0,0.0,0.0,0.0,0.0,0.0,0.0,0.0,0.0,0.0,0.0,0.0,0.0,0.0,0.0,0.0,0.0,0.0,1.0,0.0,0.0,0.0,0.0,0.0,0.0,0.0,0.0,0.0,0.0,0.0,0.0,0.0,0.0,0.0,0.0,0.0,0.0,0.0,0.0,0.0,0.0,0.0,0.0,,,,,,,,,,,,,,,,,,,,,,,,,,,,,,,,,,,,,,,,,,,,,,,,,,,,,,,,,,,,,,,,,,,,,,0.0,,,,,,,,,,,,,,,,,,,,,,,,,,,,,,,,0.0,NYG,00-0031933,L.Williams,5.0,0.0,,Defensive Offside,0.0,0.0,0.0,0.0,,,2021,,,30.0,0.0,Punt,1970.0,"11/1/21, 20:15:34",2021-11-02T01:32:12Z,GEHA Field at Arrowhead Stadium,"Temp: 39° F, Humidity: 86%, Wind: Northeast 3 mph",c59968af-b37c-11eb-ba8a-ecb6fe06b3b0,0,0.0,PENALTY,0.0,,,,11.0,Punt,2021-11-02T01:29:03Z,4.0,1:09,1.0,0.0,0.0,2.0,2.0,-5.0,KICKOFF,PUNT,02:45,01:36,KC 25,KC 37,1881.0,2054.0,17,20,Home,3,37,10.5,53.0,0,outdoors,grass ,39.0,4.0,Andy Reid,Joe Judge,KAN00,GEHA Field at Arrowhead Stadium,0.0,1.0,P.Mahomes,15.0,,,D.Robinson,11.0,1.0,0.0,0.0,0.0,1.0,00-0033873,,00-0032775,P.Mahomes,15.0,00-0033873,,,D.Robinson,00-0032775,0.0,1.0,0.047358945,,,,,,0.7748069,22.519308,2021_08_NYG_KC,KC,SHOTGUN,"1 RB, 1 TE, 3 WR",4.0,"2 DL, 3 LB, 6 DB",,52518;53479;43367;46152;40011;53645;41325;42349;47891;53492;44822;43415;53655;52663;43351;47800;52504;52444;43454;44830;47839;40031,00-0032391;00-0034752;00-0030506;00-0031376;00-0036623;00-0033873;00-0032775;00-0036660;00-0036367;00-0033040;00-0035140,00-0036394;00-0036552;00-0036845;00-0031933;00-0034974;00-0036167;00-0032890;00-0035683;00-0036388;00-0033878;00-0030411,11.0,11.0,,,,,,,,,,,,,8.0
2032.0,2021_08_NYG_KC,2021110100,KC,NYG,REG,8,KC,home,NYG,KC,63.0,2021-11-01,117.0,117.0,1917.0,Half1,0.0,11.0,0.0,2.0,3.0,0,01:57,KC 37,15.0,12.0,(1:57) (Shotgun) 15-P.Mahomes pass incomplete deep right to 17-M.Hardman.,pass,0.0,1.0,0.0,1.0,0.0,0.0,0.0,deep,right,43.0,,,,,,,,2.0,0.0,0.0,,,,,2.0,0.0,14.0,10.0,14.0,10.0,4.0,14.0,10.0,4.0,0.7403009,0.06889323,0.00070518604,0.06761371,0.06438621,0.0014840949,0.056616683,0.0,0.0,-0.08894246,-0.6416912,1.7396027,-1.7396027,4.737351,-4.737351,-5.494199,5.494199,3.0387814,-3.6804726,0.0,0.0,1.4786937,-1.4786937,-1.2103288,1.2103288,14.084568,-14.084568,-19.984243,19.984243,0.650401,0.349599,0.650401,0.349599,-0.025233388,-0.028276026,-0.028276026,0.6251676,0.3748324,0.85349447,0.85349447,0.09675768,-0.09675768,-0.09808542,0.09808542,0.0,-0.025233388,0.0,0.0,-0.0449581,0.0449581,0.10307434,-0.10307434,-0.0449581,0.0449581,-0.06628856,0.06628856,0.0,0.0,0.0,0.0,0.0,1.0,0.0,0.0,1.0,0.0,0.0,0.0,0.0,0.0,0.0,0.0,0.0,0.0,0.0,0.0,0.0,0.0,0.0,0.0,0.0,0.0,0.0,0.0,0.0,0.0,0.0,0.0,0.0,1.0,0.0,0.0,0.0,0.0,0.0,0.0,0.0,0.0,0.0,0.0,0.0,0.0,0.0,0.0,0.0,0.0,0.0,00-0033873,P.Mahomes,,00-0035140,M.Hardman,,,,,,,,,,,,,,,,,,,,,,,,,,,,,,,,,,,,,,,,,,,,,,,,,,,,,,,,,,,,,,,,,0.0,,,,,,,,,,,,,,,,,,,,,,,,,,,,,,,,0.0,,,,,0.0,,,0.0,0.0,0.0,0.0,,,2021,0.28471664,-28.471664,30.0,0.0,Punt,2032.0,"11/1/21, 20:15:34",2021-11-02T01:35:24Z,GEHA Field at Arrowhead Stadium,"Temp: 39° F, Humidity: 86%, Wind: Northeast 3 mph",c59968af-b37c-11eb-ba8a-ecb6fe06b3b0,0,0.0,PASS,0.0,,,,11.0,Punt,2021-11-02T01:29:03Z,4.0,1:09,1.0,0.0,0.0,2.0,2.0,-5.0,KICKOFF,PUNT,02:45,01:36,KC 25,KC 37,1881.0,2054.0,17,20,Home,3,37,10.5,53.0,0,outdoors,grass ,39.0,4.0,Andy Reid,Joe Judge,KAN00,GEHA Field at Arrowhead Stadium,0.0,0.0,P.Mahomes,15.0,,,M.Hardman,17.0,1.0,0.0,0.0,0.0,1.0,00-0033873,,00-0035140,P.Mahomes,15.0,00-0033873,M.Hardman,00-0035140,M.Hardman,00-0035140,0.0,1.0,-0.6416912,1.1009496,7.0112934,4.0,1.0,1.0,0.8506588,14.934122,2021_08_NYG_KC,KC,SHOTGUN,"1 RB, 1 TE, 3 WR",5.0,"1 DL, 4 LB, 6 DB",4.0,52518;43367;53479;46152;40011;53645;41325;42349;52591;47891;53492;44822;53655;52663;43351;52504;52444;43454;44830;39646;47839;40031,00-0032391;00-0034752;00-0030506;00-0031376;00-0036623;00-0033873;00-0036660;00-0036367;00-0033040;00-0029664;00-0035140,00-0036394;00-0036552;00-0036845;00-0031933;00-0036400;00-0034974;00-0036167;00-0032890;00-0036388;00-0033878;00-0030411,11.0,11.0,42.44,7.174,True,POST,ZONE_COVERAGE,COVER_2,,,,,,,11.0
2054.0,2021_08_NYG_KC,2021110100,KC,NYG,REG,8,KC,home,NYG,KC,63.0,2021-11-01,106.0,106.0,1906.0,Half1,0.0,11.0,0.0,2.0,4.0,0,01:46,KC 37,15.0,12.0,"(1:46) 5-T.Townsend punts 52 yards to NYG 11, Center-41-J.Winchester. 89-K.Toney to NYG 11 for no gain (85-M.Kemp). PENALTY on KC-85-M.Kemp, Unnecessary Roughness, 15 yards, enforced at NYG 11.",punt,0.0,0.0,0.0,0.0,0.0,0.0,0.0,,,,,,,,52.0,,,2.0,0.0,0.0,,,,,2.0,0.0,14.0,10.0,14.0,10.0,4.0,14.0,10.0,4.0,0.723562,0.08878899,0.0007690617,0.11578147,0.03559181,0.0015160515,0.033990603,0.0,0.0,-0.7306336,-0.29629973,1.4433029,-1.4433029,4.737351,-4.737351,-5.494199,5.494199,,,0.0,0.0,1.4786937,-1.4786937,-1.2103288,1.2103288,14.084568,-14.084568,-19.984243,19.984243,0.6251676,0.3748324,0.6251676,0.3748324,0.010476649,0.015529975,0.015529975,0.63564426,0.36435574,0.82521844,0.82521844,0.09675768,-0.09675768,-0.09808542,0.09808542,,,0.0,0.0,-0.0449581,0.0449581,0.10307434,-0.10307434,-0.0449581,0.0449581,-0.06628856,0.06628856,0.0,0.0,0.0,0.0,0.0,0.0,0.0,0.0,0.0,0.0,0.0,1.0,0.0,0.0,0.0,0.0,0.0,0.0,0.0,0.0,0.0,0.0,0.0,0.0,1.0,0.0,1.0,0.0,0.0,0.0,0.0,0.0,0.0,0.0,0.0,0.0,0.0,0.0,0.0,0.0,0.0,0.0,0.0,1.0,0.0,0.0,0.0,0.0,0.0,0.0,0.0,,,,,,,,,,,,,,,,,,,,,,00-0036913,K.Toney,,,,,,,00-0035889,T.Townsend,,,,,,,,,,,,,,,,,,,,,KC,,00-0033481,,M.Kemp,,,,,,,,,,,,,,0.0,,,,,,,,,,,,,,,,,,,,,,,,,,,,,,,NYG,0.0,KC,00-0033481,M.Kemp,15.0,0.0,,Unnecessary Roughness,0.0,0.0,0.0,0.0,,,2021,,,30.0,0.0,Punt,2054.0,"11/1/21, 20:15:34",2021-11-02T01:36:04Z,GEHA Field at Arrowhead Stadium,"Temp: 39° F, Humidity: 86%, Wind: Northeast 3 mph",c59968af-b37c-11eb-ba8a-ecb6fe06b3b0,0,0.0,PUNT,1.0,,,,11.0,Punt,2021-11-02T01:29:03Z,4.0,1:09,1.0,0.0,0.0,2.0,2.0,-5.0,KICKOFF,PUNT,02:45,01:36,KC 25,KC 37,1881.0,2054.0,17,20,Home,3,37,10.5,53.0,0,outdoors,grass ,39.0,4.0,Andy Reid,Joe Judge,KAN00,GEHA Field at Arrowhead Stadium,0.0,0.0,,,,,,,0.0,0.0,0.0,1.0,0.0,,,,,,,,,,,0.0,1.0,-0.29629973,,,,,,,,2021_08_NYG_KC,KC,,,,,,40994;48003;48259;46916;46983;46407;46312;43880;53449;53645;52591;42511;46193;46772;52791;53591;46521;53625;45369;46169;53500;46526,00-0030615;00-0035157;00-0034145;00-0031595;00-0034680;00-0035889;00-0036637;00-0034296;00-0033481;00-0034781;00-0034301,00-0035304;00-0034736;00-0034839;00-0034435;00-0032813;00-0036913;00-0036845;00-0036400;00-0034588;00-0036569;00-0036899,11.0,11.0,,,,,,,,,,,,,10.0
2096.0,2021_08_NYG_KC,2021110100,KC,NYG,REG,8,NYG,away,KC,NYG,74.0,2021-11-01,96.0,96.0,1896.0,Half1,0.0,12.0,0.0,2.0,1.0,0,01:36,NYG 26,10.0,12.0,(1:36) (Shotgun) 8-D.Jones pass short right to 89-K.Toney to NYG 31 for 5 yards (35-C.Ward; 32-T.Mathieu).,pass,5.0,1.0,0.0,1.0,0.0,0.0,0.0,short,right,5.0,0.0,,,,,,,2.0,0.0,0.0,,,,,0.0,2.0,14.0,10.0,10.0,14.0,-4.0,10.0,14.0,-4.0,0.68196046,0.0319346,0.00083399145,0.03344782,0.0999895,0.00085278676,0.15098083,0.0,0.0,1.0269333,-0.37746927,1.8207722,-1.8207722,4.737351,-4.737351,-5.1167297,5.1167297,-0.37746927,0.0,-0.37746927,0.0,1.8561629,-1.8561629,-1.2103288,1.2103288,14.462037,-14.462037,-19.984243,19.984243,0.36435574,0.63564426,0.63564426,0.36435574,0.0064300597,0.011837423,-0.011837423,0.62921417,0.3707858,0.15925159,0.8407484,0.09675768,-0.09675768,-0.10451548,0.10451548,0.0064300597,0.0,0.0064300597,0.0,-0.05138816,0.05138816,0.10307434,-0.10307434,-0.05138816,0.05138816,-0.06628856,0.06628856,0.0,0.0,0.0,0.0,0.0,0.0,0.0,0.0,0.0,0.0,0.0,0.0,0.0,0.0,0.0,0.0,0.0,0.0,0.0,0.0,0.0,0.0,0.0,0.0,0.0,0.0,0.0,0.0,0.0,0.0,0.0,0.0,0.0,1.0,0.0,0.0,0.0,0.0,0.0,0.0,0.0,0.0,0.0,0.0,0.0,1.0,1.0,0.0,0.0,0.0,0.0,00-0035710,D.Jones,5.0,00-0036913,K.Toney,5.0,,,,,,,,,,,,,,,,,,,,,,,,,,,,,,,,,,,,,,,,,,,,,,,,,,,,00-0034573,C.Ward,KC,00-0030459,T.Mathieu,KC,,,,,,,0.0,,,,,,,,,,,,,,,,,,,,,,,,,,,,,,,,0.0,,,,,0.0,,,0.0,0.0,0.0,0.0,,,2021,0.7633175,23.668247,31.0,1.0,First down,2096.0,"11/1/21, 20:15:34",2021-11-02T01:37:39Z,GEHA Field at Arrowhead Stadium,"Temp: 39° F, Humidity: 86%, Wind: Northeast 3 mph",c59968af-b37c-11eb-ba8a-ecb6fe06b3b0,0,0.0,PASS,0.0,,,,12.0,End of half,2021-11-02T01:37:39Z,5.0,1:36,2.0,0.0,0.0,2.0,2.0,-12.0,PUNT,END_HALF,01:36,00:00,NYG 26,NYG 39,2096.0,2333.0,17,20,Home,3,37,10.5,53.0,0,outdoors,grass ,39.0,4.0,Andy Reid,Joe Judge,KAN00,GEHA Field at Arrowhead Stadium,0.0,0.0,D.Jones,8.0,,,K.Toney,89.0,1.0,0.0,0.0,0.0,1.0,00-0035710,,00-0036913,D.Jones,8.0,00-0035710,K.Toney,00-0036913,K.Toney,00-0036913,0.0,1.0,-0.37746927,0.6516734,3.8763092,2.0,0.9869192,0.26090482,0.8800808,11.991919,2021_08_NYG_KC,NYG,SHOTGUN,"1 RB, 1 TE, 3 WR",6.0,"4 DL, 1 LB, 6 DB",5.0,43329;43425;37090;52546;44835;46757;47846;42406;53449;46090;43338;47789;43695;47984;40017;47954;40051;46103;46521;52507;43326;41502,00-0032385;00-0032972;00-0027955;00-0033881;00-0036913;00-0034762;00-0035710;00-0032575;00-0035535;00-0034346;00-0036392,00-0036374;00-0034573;00-0035625;00-0032210;00-0032387;00-0035147;00-0030459;00-0030503;00-0034296;00-0032762;00-0030665,11.0,11.0,4.59,1.801,False,SLANT,ZONE_COVERAGE,COVER_4,,,,,,,27.0
2120.0,2021_08_NYG_KC,2021110100,KC,NYG,REG,8,NYG,away,KC,NYG,69.0,2021-11-01,69.0,69.0,1869.0,Half1,0.0,12.0,0.0,2.0,2.0,0,01:09,NYG 31,5.0,12.0,"(1:09) (No Huddle, Shotgun) 8-D.Jones pass short right to 28-D.Booker to NYG 35 for 4 yards (55-F.Clark; 56-B.Niemann).",pass,4.0,1.0,1.0,1.0,0.0,0.0,0.0,short,right,0.0,4.0,,,,,,,2.0,0.0,0.0,,,,,0.0,2.0,14.0,10.0,10.0,14.0,-4.0,10.0,14.0,-4.0,0.7440402,0.026910642,0.0007563829,0.02839487,0.116533145,0.000535983,0.08282878,0.0,0.0,0.6494641,-0.20727915,2.0280514,-2.0280514,4.737351,-4.737351,-4.9094505,4.9094505,-0.24279325,0.035514098,-0.24279325,0.035514098,2.098956,-2.098956,-1.2458429,1.2458429,14.704831,-14.704831,-20.019758,20.019758,0.3707858,0.62921417,0.62921417,0.3707858,-0.0004672706,0.025302947,-0.025302947,0.62968147,0.37031853,0.17108901,0.828911,0.09675768,-0.09675768,-0.10404821,0.10404821,0.0,-0.0004672706,0.0,-0.0004672706,-0.05138816,0.05138816,0.10354161,-0.10354161,-0.05138816,0.05138816,-0.06582129,0.06582129,0.0,0.0,0.0,0.0,0.0,0.0,0.0,0.0,0.0,0.0,0.0,0.0,0.0,0.0,0.0,0.0,0.0,0.0,0.0,0.0,0.0,0.0,0.0,0.0,0.0,0.0,0.0,0.0,0.0,0.0,0.0,0.0,0.0,1.0,0.0,0.0,0.0,0.0,0.0,0.0,0.0,0.0,0.0,0.0,0.0,1.0,1.0,0.0,0.0,0.0,0.0,00-0035710,D.Jones,4.0,00-0032972,D.Booker,4.0,,,,,,,,,,,,,,,,,,,,,,,,,,,,,,,,,,,,,,,,,,,,,,,,,,,,00-0032210,F.Clark,KC,00-0034296,B.Niemann,KC,,,,,,,0.0,,,,,,,,,,,,,,,,,,,,,,,,,,,,,,,,0.0,,,,,0.0,,,0.0,0.0,0.0,0.0,,,2021,0.74112546,25.887453,31.0,1.0,First down,2120.0,"11/1/21, 20:15:34",2021-11-02T01:38:06Z,GEHA Field at Arrowhead Stadium,"Temp: 39° F, Humidity: 86%, Wind: Northeast 3 mph",c59968af-b37c-11eb-ba8a-ecb6fe06b3b0,0,0.0,PASS,0.0,,,,12.0,End of half,2021-11-02T01:37:39Z,5.0,1:36,2.0,0.0,0.0,2.0,2.0,-12.0,PUNT,END_HALF,01:36,00:00,NYG 26,NYG 39,2096.0,2333.0,17,20,Home,3,37,10.5,53.0,0,outdoors,grass ,39.0,4.0,Andy Reid,Joe Judge,KAN00,GEHA Field at Arrowhead Stadium,0.0,0.0,D.Jones,8.0,,,D.Booker,28.0,1.0,0.0,0.0,0.0,1.0,00-0035710,,00-0032972,D.Jones,8.0,00-0035710,D.Booker,00-0032972,D.Booker,00-0032972,0.0,1.0,-0.20727915,0.54579794,6.7769575,5.0,0.5393031,0.5393031,0.9174093,8.259069,2021_08_NYG_KC,NYG,SHOTGUN,"1 RB, 1 TE, 3 WR",6.0,"4 DL, 1 LB, 6 DB",4.0,43329;43425;52546;37090;44835;46757;47846;42406;53449;46090;43338;47789;43695;47984;40017;47954;40051;46103;46521;52507;41502;43326,00-0032385;00-0032972;00-0027955;00-0033881;00-0036913;00-0034762;00-0035710;00-0032575;00-0035535;00-0034346;00-0036392,00-0036374;00-0034573;00-0035625;00-0032210;00-0032387;00-0035147;00-0030459;00-0030503;00-0034296;00-0030665;00-0032762,11.0,11.0,0.57,3.07,True,OUT,ZONE_COVERAGE,COVER_3,,,,,,,26.0
2144.0,2021_08_NYG_KC,2021110100,KC,NYG,REG,8,NYG,away,KC,NYG,65.0,2021-11-01,43.0,43.0,1843.0,Half1,0.0,12.0,0.0,2.0,3.0,0,00:43,NYG 35,1.0,12.0,"(:43) (No Huddle, Shotgun) 28-D.Booker up the middle to NYG 37 for 2 yards (95-C.Jones).",run,2.0,1.0,1.0,0.0,0.0,0.0,0.0,,,,,middle,,,,,,2.0,0.0,0.0,,,,,0.0,2.0,14.0,10.0,10.0,14.0,-4.0,10.0,14.0,-4.0,0.8118883,0.02055542,0.0005446914,0.018249037,0.10176763,0.00031674968,0.046678208,0.0,0.0,0.44218495,-0.072099715,2.100151,-2.100151,4.8094506,-4.8094506,-4.9094505,4.9094505,,,0.0,0.0,2.098956,-2.098956,-1.2458429,1.2458429,14.704831,-14.704831,-20.019758,20.019758,0.37031853,0.62968147,0.62968147,0.37031853,0.022658616,0.0045866966,-0.0045866966,0.6070229,0.39297715,0.19639196,0.80360806,0.074099064,-0.074099064,-0.10404821,0.10404821,,,0.0,0.0,-0.05138816,0.05138816,0.10354161,-0.10354161,-0.05138816,0.05138816,-0.06582129,0.06582129,0.0,1.0,0.0,0.0,1.0,0.0,0.0,0.0,0.0,0.0,0.0,0.0,0.0,0.0,0.0,0.0,0.0,0.0,0.0,0.0,0.0,0.0,0.0,0.0,1.0,0.0,0.0,0.0,0.0,0.0,0.0,0.0,1.0,0.0,0.0,0.0,0.0,0.0,0.0,0.0,0.0,0.0,0.0,0.0,0.0,0.0,0.0,0.0,0.0,0.0,0.0,,,,,,,00-0032972,D.Booker,2.0,,,,,,,,,,,,,,,,,,,,,,,,,,,,,,,,,,,,,,,,,,,KC,,00-0032762,,C.Jones,,,,,,,,,,,,,,0.0,,,,,,,,,,,,,,,,,,,,,,,,,,,,,,,,0.0,,,,,0.0,,,0.0,0.0,0.0,0.0,,,2021,,,31.0,1.0,First down,2144.0,"11/1/21, 20:15:34",2021-11-02T01:38:35Z,GEHA Field at Arrowhead Stadium,"Temp: 39° F, Humidity: 86%, Wind: Northeast 3 mph",c59968af-b37c-11eb-ba8a-ecb6fe06b3b0,0,0.0,RUSH,0.0,,,,12.0,End of half,2021-11-02T01:37:39Z,5.0,1:36,2.0,0.0,0.0,2.0,2.0,-12.0,PUNT,END_HALF,01:36,00:00,NYG 26,NYG 39,2096.0,2333.0,17,20,Home,3,37,10.5,53.0,0,outdoors,grass ,39.0,4.0,Andy Reid,Joe Judge,KAN00,GEHA Field at Arrowhead Stadium,0.0,0.0,,,D.Booker,28.0,,,0.0,1.0,1.0,0.0,1.0,,00-0032972,,D.Booker,28.0,00-0032972,D.Booker,00-0032972,D.Booker,00-0032972,0.0,1.0,-0.072099715,,,,,,0.6029822,-60.29822,2021_08_NYG_KC,NYG,SHOTGUN,"1 RB, 1 TE, 3 WR",6.0,"4 DL, 1 LB, 6 DB",,43329;43425;37090;52546;44835;46757;47846;42406;53449;46090;43338;47789;43695;47984;40017;47954;40051;46103;46521;52507;41502;43326,00-0032385;00-0032972;00-0027955;00-0033881;00-0036913;00-0034762;00-0035710;00-0032575;00-0035535;00-0034346;00-0036392,00-0036374;00-0034573;00-0035625;00-0032210;00-0032387;00-0035147;00-0030459;00-0030503;00-0034296;00-0030665;00-0032762,11.0,11.0,,,,,,,,,,,,,18.0
2165.0,2021_08_NYG_KC,2021110100,KC,NYG,REG,8,NYG,away,KC,NYG,63.0,2021-11-01,25.0,25.0,1825.0,Half1,0.0,12.0,0.0,2.0,1.0,0,00:25,NYG 37,10.0,12.0,"(:25) (No Huddle, Shotgun) 8-D.Jones pass incomplete short left to 3-S.Shepard. NYG-3-S.Shepard was injured during the play. PENALTY on KC-38-L.Sneed, Defensive Pass Interference, 8 yards, enforced at NYG 37 - No Play.",no_play,0.0,1.0,1.0,0.0,0.0,0.0,0.0,,,,,,,,,,,2.0,0.0,0.0,,,,,0.0,2.0,14.0,10.0,10.0,14.0,-4.0,10.0,14.0,-4.0,0.8684538,0.00564799,0.00030545093,0.007538758,0.096232764,0.00020713384,0.021614121,0.0,0.0,0.37008524,0.26968244,1.8304687,-1.8304687,4.8094506,-4.8094506,-4.9094505,4.9094505,,,0.0,0.0,2.098956,-2.098956,-1.2458429,1.2458429,14.704831,-14.704831,-20.019758,20.019758,0.39297715,0.6070229,0.6070229,0.39297715,0.007255316,-0.0039631277,0.0039631277,0.59976757,0.40023246,0.20097865,0.79902136,0.074099064,-0.074099064,-0.10404821,0.10404821,,,0.0,0.0,-0.05138816,0.05138816,0.10354161,-0.10354161,-0.05138816,0.05138816,-0.06582129,0.06582129,0.0,0.0,0.0,1.0,0.0,0.0,0.0,0.0,0.0,0.0,0.0,0.0,0.0,0.0,0.0,0.0,0.0,0.0,0.0,0.0,0.0,0.0,0.0,0.0,0.0,0.0,1.0,0.0,0.0,0.0,0.0,0.0,0.0,0.0,0.0,0.0,0.0,0.0,0.0,0.0,0.0,0.0,0.0,0.0,0.0,0.0,0.0,0.0,0.0,0.0,0.0,,,,,,,,,,,,,,,,,,,,,,,,,,,,,,,,,,,,,,,,,,,,,,,,,,,,,,,,,,,,,,,,,,,,,,0.0,,,,,,,,,,,,,,,,,,,,,,,,,,,,,,,,0.0,KC,00-0036374,L.Sneed,8.0,0.0,,Defensive Pass Interference,0.0,0.0,0.0,0.0,,,2021,,,32.0,1.0,First down,2165.0,"11/1/21, 20:15:34",2021-11-02T01:38:52Z,GEHA Field at Arrowhead Stadium,"Temp: 39° F, Humidity: 86%, Wind: Northeast 3 mph",c59968af-b37c-11eb-ba8a-ecb6fe06b3b0,0,0.0,PENALTY,0.0,,,,12.0,End of half,2021-11-02T01:37:39Z,5.0,1:36,2.0,0.0,0.0,2.0,2.0,-12.0,PUNT,END_HALF,01:36,00:00,NYG 26,NYG 39,2096.0,2333.0,17,20,Home,3,37,10.5,53.0,0,outdoors,grass ,39.0,4.0,Andy Reid,Joe Judge,KAN00,GEHA Field at Arrowhead Stadium,0.0,1.0,D.Jones,8.0,,,S.Shepard,3.0,1.0,0.0,1.0,0.0,1.0,00-0035710,,00-0032385,D.Jones,8.0,00-0035710,,,S.Shepard,00-0032385,0.0,1.0,0.26968244,,,,,,0.95845366,4.1546345,2021_08_NYG_KC,NYG,SHOTGUN,"1 RB, 1 TE, 3 WR",6.0,"4 DL, 1 LB, 6 DB",,43329;43425;37090;52546;44835;46757;47846;42406;53449;46090;43338;47789;43695;47984;40017;47954;40051;46103;46521;52507;41502;43326,00-0032385;00-0032972;00-0027955;00-0033881;00-0036913;00-0034762;00-0035710;00-0032575;00-0035535;00-0034346;00-0036392,00-0036374;00-0034573;00-0035625;00-0032210;00-0032387;00-0035147;00-0030459;00-0030503;00-0034296;00-0030665;00-0032762,11.0,11.0,,,,,,,,,,,,,4.0
2199.0,2021_08_NYG_KC,2021110100,KC,NYG,REG,8,NYG,away,KC,NYG,55.0,2021-11-01,21.0,21.0,1821.0,Half1,0.0,12.0,0.0,2.0,1.0,0,00:21,NYG 45,10.0,12.0,"(:21) (Shotgun) PENALTY on NYG-71-W.Hernandez, False Start, 5 yards, enforced at NYG 45 - No Play.",no_play,0.0,1.0,0.0,0.0,0.0,0.0,0.0,,,,,,,,,,,2.0,0.0,0.0,,,,,0.0,2.0,14.0,10.0,10.0,14.0,-4.0,10.0,14.0,-4.0,0.80616486,0.0051095653,0.00030035005,0.006058074,0.1442981,0.00025482092,0.03781423,0.0,0.0,0.63976765,-0.20080698,2.0312755,-2.0312755,4.8094506,-4.8094506,-4.9094505,4.9094505,,,0.0,0.0,2.098956,-2.098956,-1.2458429,1.2458429,14.704831,-14.704831,-20.019758,20.019758,0.40023246,0.59976757,0.59976757,0.40023246,-0.0054008663,-0.0072755218,0.0072755218,0.59976757,0.40023246,0.19701552,0.8029845,0.074099064,-0.074099064,-0.10404821,0.10404821,,,0.0,0.0,-0.05138816,0.05138816,0.10354161,-0.10354161,-0.05138816,0.05138816,-0.06582129,0.06582129,0.0,0.0,0.0,0.0,0.0,0.0,0.0,0.0,0.0,0.0,0.0,0.0,0.0,0.0,0.0,0.0,0.0,0.0,0.0,0.0,0.0,0.0,0.0,0.0,0.0,0.0,1.0,0.0,0.0,0.0,0.0,0.0,0.0,0.0,0.0,0.0,0.0,0.0,0.0,0.0,0.0,0.0,0.0,0.0,0.0,0.0,0.0,0.0,0.0,0.0,0.0,,,,,,,,,,,,,,,,,,,,,,,,,,,,,,,,,,,,,,,,,,,,,,,,,,,,,,,,,,,,,,,,,,,,,,0.0,,,,,,,,,,,,,,,,,,,,,,,,,,,,,,,,0.0,NYG,00-0034346,W.Hernandez,5.0,0.0,,False Start,0.0,0.0,0.0,0.0,,,2021,,,33.0,0.0,QB kneel,2199.0,"11/1/21, 20:15:34",2021-11-02T01:42:50Z,GEHA Field at Arrowhead Stadium,"Temp: 39° F, Humidity: 86%, Wind: Northeast 3 mph",c59968af-b37c-11eb-ba8a-ecb6fe06b3b0,0,0.0,PENALTY,0.0,,,,12.0,End of half,2021-11-02T01:37:39Z,5.0,1:36,2.0,0.0,0.0,2.0,2.0,-12.0,PUNT,END_HALF,01:36,00:00,NYG 26,NYG 39,2096.0,2333.0,17,20,Home,3,37,10.5,53.0,0,outdoors,grass ,39.0,4.0,Andy Reid,Joe Judge,KAN00,GEHA Field at Arrowhead Stadium,0.0,0.0,,,,,,,0.0,0.0,0.0,0.0,1.0,,,,,,,,,,,0.0,1.0,-0.20080698,,,,,,0.96537125,,2021_08_NYG_KC,NYG,,"1 RB, 1 TE, 3 WR",,"4 DL, 1 LB, 6 DB",,43425;37090;52546;44835;46757;47846;42406;53449;52585;46090;47789;43695;47984;40017;47954;44821;46103;52792;46521;52507;41502;43326,00-0032972;00-0027955;00-0033881;00-0036913;00-0034762;00-0035710;00-0032575;00-0035535;00-0033460;00-0034346;00-0036392,00-0036374;00-0034573;00-0035625;00-0032210;00-0036378;00-0035147;00-0030459;00-0035890;00-0034296;00-0030665;00-0032762,11.0,11.0,,,,,,,,,,,,,0.0
2226.0,2021_08_NYG_KC,2021110100,KC,NYG,REG,8,NYG,away,KC,NYG,60.0,2021-11-01,21.0,21.0,1821.0,Half1,0.0,12.0,0.0,2.0,1.0,0,00:21,NYG 40,15.0,12.0,"(:21) (Shotgun) 8-D.Jones scrambles right end pushed ob at NYG 42 for 2 yards (55-F.Clark). PENALTY on NYG-76-N.Solder, Offensive Holding, 10 yards, enforced at NYG 40 - No Play.",no_play,0.0,1.0,0.0,0.0,0.0,0.0,1.0,,,,,,,,,,,2.0,0.0,0.0,,,,,0.0,2.0,14.0,10.0,10.0,14.0,-4.0,10.0,14.0,-4.0,0.85186225,0.0058373515,0.0003843265,0.0066108718,0.11058786,0.00025350496,0.024463844,0.0,0.0,0.43896067,-0.39675304,2.4280286,-2.4280286,4.8094506,-4.8094506,-4.9094505,4.9094505,,,0.0,0.0,2.098956,-2.098956,-1.2458429,1.2458429,14.704831,-14.704831,-20.019758,20.019758,0.3948316,0.6051684,0.6051684,0.3948316,-0.020469993,-0.0074622184,0.0074622184,0.6051684,0.3948316,0.18974,0.81026,0.074099064,-0.074099064,-0.10404821,0.10404821,,,0.0,0.0,-0.05138816,0.05138816,0.10354161,-0.10354161,-0.05138816,0.05138816,-0.06582129,0.06582129,0.0,0.0,0.0,0.0,0.0,0.0,0.0,0.0,0.0,0.0,0.0,0.0,0.0,0.0,0.0,0.0,0.0,0.0,0.0,0.0,0.0,0.0,0.0,0.0,0.0,0.0,1.0,0.0,0.0,0.0,0.0,0.0,0.0,0.0,0.0,0.0,0.0,0.0,0.0,0.0,0.0,0.0,0.0,0.0,0.0,0.0,0.0,0.0,0.0,0.0,0.0,,,,,,,,,,,,,,,,,,,,,,,,,,,,,,,,,,,,,,,,,,,,,,,,,,,,,,,,,,,,,,,,,,,,,,0.0,,,,,,,,,,,,,,,,,,,,,,,,,,,,,,,,0.0,NYG,00-0027955,N.Solder,10.0,0.0,,Offensive Holding,0.0,0.0,0.0,0.0,,,2021,,,33.0,0.0,QB kneel,2226.0,"11/1/21, 20:15:34",2021-11-02T01:43:21Z,GEHA Field at Arrowhead Stadium,"Temp: 39° F, Humidity: 86%, Wind: Northeast 3 mph",c59968af-b37c-11eb-ba8a-ecb6fe06b3b0,0,0.0,PENALTY,0.0,,,,12.0,End of half,2021-11-02T01:37:39Z,5.0,1:36,2.0,0.0,0.0,2.0,2.0,-12.0,PUNT,END_HALF,01:36,00:00,NYG 26,NYG 39,2096.0,2333.0,17,20,Home,3,37,10.5,53.0,0,outdoors,grass ,39.0,4.0,Andy Reid,Joe Judge,KAN00,GEHA Field at Arrowhead Stadium,0.0,0.0,D.Jones,8.0,,8.0,,,1.0,0.0,0.0,0.0,1.0,00-0035710,,,D.Jones,8.0,00-0035710,,,D.Jones,00-0035710,1.0,1.0,-0.39675304,,,,,,0.9429181,5.708188,2021_08_NYG_KC,NYG,SHOTGUN,"1 RB, 1 TE, 3 WR",5.0,"4 DL, 1 LB, 6 DB",,43425;37090;52546;44835;46757;47846;42406;53449;52585;46090;47789;43695;47984;40017;47954;44821;46103;52792;46521;52507;41502;43326,00-0032972;00-0027955;00-0033881;00-0036913;00-0034762;00-0035710;00-0032575;00-0035535;00-0033460;00-0034346;00-0036392,00-0036374;00-0034573;00-0035625;00-0032210;00-0036378;00-0035147;00-0030459;00-0035890;00-0034296;00-0030665;00-0032762,11.0,11.0,,,,,,,,,,,,,7.0
2263.0,2021_08_NYG_KC,2021110100,KC,NYG,REG,8,NYG,away,KC,NYG,70.0,2021-11-01,14.0,14.0,1814.0,Half1,0.0,12.0,0.0,2.0,1.0,0,00:14,NYG 30,25.0,12.0,(:14) (Shotgun) 28-D.Booker up the middle pushed ob at NYG 44 for 14 yards (32-T.Mathieu; 27-R.Fenton).,run,14.0,1.0,0.0,0.0,0.0,0.0,0.0,,,,,middle,,,,,,2.0,0.0,0.0,,,,,0.0,2.0,14.0,10.0,10.0,14.0,-4.0,10.0,14.0,-4.0,0.96567243,0.0035128735,0.0005770807,0.007335673,0.013429197,0.00026932659,0.0092034135,0.0,0.0,0.042207643,0.13848396,2.2895446,-2.2895446,4.6709666,-4.6709666,-4.9094505,4.9094505,,,0.0,0.0,2.098956,-2.098956,-1.2458429,1.2458429,14.704831,-14.704831,-20.019758,20.019758,0.3743616,0.62563837,0.62563837,0.3743616,0.004791707,0.0053693205,-0.0053693205,0.6208467,0.3791533,0.18227778,0.8177222,0.06930736,-0.06930736,-0.10404821,0.10404821,,,0.0,0.0,-0.05138816,0.05138816,0.10354161,-0.10354161,-0.05138816,0.05138816,-0.06582129,0.06582129,0.0,0.0,0.0,0.0,0.0,0.0,0.0,0.0,0.0,0.0,0.0,0.0,0.0,0.0,0.0,0.0,0.0,0.0,0.0,0.0,0.0,0.0,0.0,0.0,0.0,0.0,0.0,0.0,0.0,0.0,0.0,0.0,1.0,0.0,0.0,0.0,0.0,0.0,0.0,0.0,0.0,0.0,0.0,0.0,0.0,0.0,1.0,0.0,0.0,0.0,0.0,,,,,,,00-0032972,D.Booker,14.0,,,,,,,,,,,,,,,,,,,,,,,,,,,,,,,,,,,,,,,,,,,,,,,,,00-0030459,T.Mathieu,KC,00-0035147,R.Fenton,KC,,,,,,,0.0,,,,,,,,,,,,,,,,,,,,,,,,,,,,,,,,0.0,,,,,0.0,,,0.0,0.0,0.0,0.0,,,2021,,,33.0,0.0,QB kneel,2263.0,"11/1/21, 20:15:34",2021-11-02T01:44:20Z,GEHA Field at Arrowhead Stadium,"Temp: 39° F, Humidity: 86%, Wind: Northeast 3 mph",c59968af-b37c-11eb-ba8a-ecb6fe06b3b0,0,0.0,RUSH,0.0,,,,12.0,End of half,2021-11-02T01:37:39Z,5.0,1:36,2.0,0.0,0.0,2.0,2.0,-12.0,PUNT,END_HALF,01:36,00:00,NYG 26,NYG 39,2096.0,2333.0,17,20,Home,3,37,10.5,53.0,0,outdoors,grass ,39.0,4.0,Andy Reid,Joe Judge,KAN00,GEHA Field at Arrowhead Stadium,0.0,1.0,,,D.Booker,28.0,,,0.0,1.0,0.0,0.0,1.0,,00-0032972,,D.Booker,28.0,00-0032972,D.Booker,00-0032972,D.Booker,00-0032972,1.0,1.0,0.13848396,,,,,,0.6730515,-67.305145,2021_08_NYG_KC,NYG,SHOTGUN,"1 RB, 1 TE, 3 WR",5.0,"4 DL, 1 LB, 6 DB",,43425;37090;52546;44835;46757;47846;42406;52585;53449;46090;47789;43695;47984;40017;47954;44821;46103;52792;46521;52507;41502;43326,00-0032972;00-0027955;00-0033881;00-0036913;00-0034762;00-0035710;00-0032575;00-0035535;00-0033460;00-0034346;00-0036392,00-0036374;00-0034573;00-0035625;00-0032210;00-0036378;00-0035147;00-0030459;00-0035890;00-0034296;00-0030665;00-0032762,11.0,11.0,,,,,,,,,,,,,9.0
2289.0,2021_08_NYG_KC,2021110100,KC,NYG,REG,8,NYG,away,KC,NYG,56.0,2021-11-01,5.0,5.0,1805.0,Half1,0.0,12.0,0.0,2.0,2.0,0,00:05,NYG 44,11.0,12.0,"(:05) (Shotgun) PENALTY on NYG, Delay of Game, 5 yards, enforced at NYG 44 - No Play.",no_play,0.0,1.0,0.0,0.0,0.0,0.0,0.0,,,,,,,,,,,2.0,0.0,0.0,,,,,0.0,2.0,14.0,10.0,10.0,14.0,-4.0,10.0,14.0,-4.0,0.9364513,0.001350813,0.00040608126,0.0052626603,0.043051858,0.00022032276,0.013256944,0.0,0.0,0.1806916,-0.1806916,2.4702363,-2.4702363,4.6709666,-4.6709666,-4.9094505,4.9094505,,,0.0,0.0,2.098956,-2.098956,-1.2458429,1.2458429,14.704831,-14.704831,-20.019758,20.019758,0.3791533,0.6208467,0.6208467,0.3791533,-0.00032702088,-0.00398238,0.00398238,0.62117374,0.3788263,0.1876471,0.8123529,0.06930736,-0.06930736,-0.10404821,0.10404821,,,0.0,0.0,-0.05138816,0.05138816,0.10354161,-0.10354161,-0.05138816,0.05138816,-0.06582129,0.06582129,0.0,0.0,0.0,0.0,0.0,0.0,0.0,0.0,0.0,0.0,0.0,0.0,0.0,0.0,0.0,0.0,0.0,0.0,0.0,0.0,0.0,0.0,0.0,0.0,0.0,0.0,1.0,0.0,0.0,0.0,0.0,0.0,0.0,0.0,0.0,0.0,0.0,0.0,0.0,0.0,0.0,0.0,0.0,0.0,0.0,0.0,0.0,0.0,0.0,0.0,0.0,,,,,,,,,,,,,,,,,,,,,,,,,,,,,,,,,,,,,,,,,,,,,,,,,,,,,,,,,,,,,,,,,,,,,,0.0,,,,,,,,,,,,,,,,,,,,,,,,,,,,,,,,0.0,NYG,,,5.0,0.0,,Delay of Game,0.0,0.0,0.0,0.0,,,2021,,,33.0,0.0,QB kneel,2289.0,"11/1/21, 20:15:34",2021-11-02T01:45:13Z,GEHA Field at Arrowhead Stadium,"Temp: 39° F, Humidity: 86%, Wind: Northeast 3 mph",c59968af-b37c-11eb-ba8a-ecb6fe06b3b0,0,0.0,PENALTY,0.0,,,,12.0,End of half,2021-11-02T01:37:39Z,5.0,1:36,2.0,0.0,0.0,2.0,2.0,-12.0,PUNT,END_HALF,01:36,00:00,NYG 26,NYG 39,2096.0,2333.0,17,20,Home,3,37,10.5,53.0,0,outdoors,grass ,39.0,4.0,Andy Reid,Joe Judge,KAN00,GEHA Field at Arrowhead Stadium,0.0,0.0,,,,,,,0.0,0.0,0.0,0.0,1.0,,,,,,,,,,,0.0,1.0,-0.1806916,,,,,,0.916024,,2021_08_NYG_KC,NYG,,"1 RB, 2 TE, 2 WR",,"4 DL, 1 LB, 6 DB",,43425;37090;52546;44835;46757;47846;42406;52585;53449;43338;46090;47789;43695;47984;40017;47954;46103;46521;52507;37118;41502;43326,00-0032972;00-0027955;00-0033881;00-0036913;00-0034762;00-0035710;00-0032575;00-0035535;00-0034346;00-0036392;00-0027981,00-0036374;00-0034573;00-0035625;00-0032210;00-0036378;00-0032387;00-0035147;00-0030459;00-0034296;00-0030665;00-0032762,11.0,11.0,,,,,,,,,,,,,0.0
2312.0,2021_08_NYG_KC,2021110100,KC,NYG,REG,8,NYG,away,KC,NYG,61.0,2021-11-01,5.0,5.0,1805.0,Half1,0.0,12.0,0.0,2.0,2.0,0,00:05,NYG 39,16.0,12.0,(:05) 8-D.Jones kneels to NYG 38 for -1 yards.,qb_kneel,-1.0,0.0,0.0,0.0,1.0,0.0,0.0,,,,,,,,,,,2.0,0.0,0.0,,,,,0.0,2.0,14.0,10.0,10.0,14.0,-4.0,10.0,14.0,-4.0,1.0,0.0,0.0,0.0,0.0,0.0,0.0,0.0,0.0,0.0,0.0,2.4702363,-2.4702363,4.6709666,-4.6709666,-4.9094505,4.9094505,,,0.0,0.0,2.098956,-2.098956,-1.2458429,1.2458429,14.704831,-14.704831,-20.019758,20.019758,0.3788263,0.62117374,0.62117374,0.3788263,,,-0.031883046,,,0.18366472,0.81633526,0.06930736,-0.06930736,-0.10404821,0.10404821,,,0.0,0.0,-0.05138816,0.05138816,0.10354161,-0.10354161,-0.05138816,0.05138816,-0.06582129,0.06582129,0.0,0.0,0.0,0.0,0.0,0.0,0.0,0.0,0.0,0.0,0.0,0.0,0.0,0.0,0.0,0.0,0.0,0.0,0.0,0.0,0.0,0.0,0.0,0.0,0.0,0.0,0.0,0.0,0.0,0.0,0.0,0.0,1.0,0.0,0.0,0.0,0.0,0.0,0.0,0.0,0.0,0.0,0.0,0.0,0.0,0.0,0.0,0.0,0.0,0.0,0.0,,,,,,,00-0035710,D.Jones,-1.0,,,,,,,,,,,,,,,,,,,,,,,,,,,,,,,,,,,,,,,,,,,,,,,,,,,,,,,,,,,,,0.0,,,,,,,,,,,,,,,,,,,,,,,,,,,,,,,,0.0,,,,,0.0,,,0.0,0.0,0.0,0.0,,,2021,,,33.0,0.0,QB kneel,2312.0,"11/1/21, 20:15:34",2021-11-02T01:45:41Z,GEHA Field at Arrowhead Stadium,"Temp: 39° F, Humidity: 86%, Wind: Northeast 3 mph",c59968af-b37c-11eb-ba8a-ecb6fe06b3b0,0,0.0,RUSH,0.0,,,,12.0,End of half,2021-11-02T01:37:39Z,5.0,1:36,2.0,0.0,0.0,2.0,2.0,-12.0,PUNT,END_HALF,01:36,00:00,NYG 26,NYG 39,2096.0,2333.0,17,20,Home,3,37,10.5,53.0,0,outdoors,grass ,39.0,4.0,Andy Reid,Joe Judge,KAN00,GEHA Field at Arrowhead Stadium,0.0,0.0,,,D.Jones,,,,0.0,0.0,0.0,0.0,0.0,,00-0035710,,D.Jones,,00-0035710,D.Jones,00-0035710,D.Jones,00-0035710,0.0,1.0,0.0,,,,,,,,2021_08_NYG_KC,NYG,,"1 RB, 2 TE, 2 WR",6.0,"4 DL, 1 LB, 6 DB",,43425;37090;52546;44835;46757;47846;42406;52585;53449;43338;46090;47789;43695;47984;40017;47954;46103;46521;52507;37118;41502;43326,00-0032972;00-0027955;00-0033881;00-0036913;00-0034762;00-0035710;00-0032575;00-0035535;00-0034346;00-0036392;00-0027981,00-0036374;00-0034573;00-0035625;00-0032210;00-0036378;00-0032387;00-0035147;00-0030459;00-0034296;00-0030665;00-0032762,11.0,11.0,,,,,,,,,,,,,5.0
2333.0,2021_08_NYG_KC,2021110100,KC,NYG,REG,8,,,,,,2021-11-01,0.0,0.0,1800.0,Half1,1.0,12.0,0.0,2.0,,0,00:00,KC 35,0.0,12.0,END QUARTER 2,,,0.0,0.0,,0.0,0.0,0.0,,,,,,,,,,,2.0,0.0,,,,,,,,14.0,10.0,,,,,,,0.0,0.0,0.0,0.0,0.0,0.0,0.0,0.0,0.0,,,2.4702363,-2.4702363,4.6709666,-4.6709666,-4.9094505,4.9094505,,,,,2.098956,-2.098956,-1.2458429,1.2458429,14.704831,-14.704831,-20.019758,20.019758,0.34305206,0.656948,0.656948,0.34305206,-0.0,-0.0,0.0,,,0.21554777,0.7844522,0.06930736,-0.06930736,-0.10404821,0.10404821,,,,,-0.05138816,0.05138816,0.10354161,-0.10354161,-0.05138816,0.05138816,-0.06582129,0.06582129,,,,,,,,,,0.0,,,,,,,,,,,,,,,,,,,,,,,,,,,,,,,,,,,,,,,,,,,,,,,,,,,,,,,,,,,,,,,,,,,,,,,,,,,,,,,,,,,,,,,,,,,,,,,,,,,,,,,,,,,,,,,,,,,,,,,,,,,,,,,,,,,,,,,,,,,,,,,,,,,,0.0,,,,,,,,,2021,,,33.0,0.0,QB kneel,2333.0,"11/1/21, 20:15:34",,GEHA Field at Arrowhead Stadium,"Temp: 39° F, Humidity: 86%, Wind: Northeast 3 mph",c59968af-b37c-11eb-ba8a-ecb6fe06b3b0,0,0.0,END_QUARTER,0.0,,,,12.0,End of half,2021-11-02T01:37:39Z,5.0,1:36,2.0,0.0,0.0,2.0,2.0,-12.0,PUNT,END_HALF,01:36,00:00,NYG 26,NYG 39,2096.0,2333.0,17,20,Home,3,37,10.5,53.0,0,outdoors,grass ,39.0,4.0,Andy Reid,Joe Judge,KAN00,GEHA Field at Arrowhead Stadium,0.0,,,,,,,,0.0,0.0,,0.0,0.0,,,,,,,,,,,0.0,1.0,,,,,,,,,2021_08_NYG_KC,,,,,,,,,,0.0,0.0,,,,,,,,,,,,,0.0
2352.0,2021_08_NYG_KC,2021110100,KC,NYG,REG,8,NYG,away,KC,KC,35.0,2021-11-01,900.0,1800.0,1800.0,Half2,0.0,13.0,0.0,3.0,,0,15:00,KC 35,0.0,9.0,"7-H.Butker kicks 64 yards from KC 35 to NYG 1. 30-D.Holmes MUFFS catch, and recovers at NYG 3. 30-D.Holmes to NYG 25 for 22 yards (47-D.Harris).",kickoff,0.0,0.0,0.0,0.0,0.0,0.0,0.0,,,,,,,,64.0,,,3.0,3.0,0.0,,,,,3.0,3.0,14.0,10.0,10.0,14.0,-4.0,10.0,14.0,-4.0,0.004567968,0.14358531,0.0023245513,0.27598566,0.21522638,0.003264584,0.35504553,0.0,0.0,0.77022237,0.02930574,2.4409306,-2.4409306,4.6709666,-4.6709666,-4.9094505,4.9094505,,,0.0,0.0,2.098956,-2.098956,-1.2458429,1.2458429,14.704831,-14.704831,-20.019758,20.019758,0.34305206,0.656948,0.656948,0.34305206,-0.0,-0.0030512959,0.0030512959,0.656948,0.34305206,0.21554777,0.7844522,0.06930736,-0.06930736,-0.10404821,0.10404821,,,0.0,0.0,-0.05138816,0.05138816,0.10354161,-0.10354161,-0.05138816,0.05138816,-0.06582129,0.06582129,0.0,0.0,0.0,0.0,0.0,0.0,0.0,0.0,0.0,0.0,0.0,0.0,0.0,0.0,0.0,0.0,0.0,0.0,0.0,0.0,0.0,0.0,0.0,0.0,1.0,0.0,0.0,0.0,0.0,0.0,0.0,0.0,0.0,0.0,0.0,0.0,0.0,0.0,0.0,0.0,0.0,0.0,1.0,0.0,0.0,0.0,0.0,0.0,0.0,0.0,0.0,,,,,,,,,,,,,,,,,,,,,,,,,,D.Holmes,00-0036394,,,,,H.Butker,00-0033303,,,,,,,,,,,,,,,,,,,KC,,00-0035157,,D.Harris,,,,,,,,,,,,,,0.0,,,,,,,,,,,,,,,,,,,,,,,,,,,,,,,NYG,22.0,,,,,0.0,,,0.0,0.0,0.0,0.0,,,2021,,,34.0,0.0,Punt,2352.0,"11/1/21, 20:15:34",2021-11-02T01:59:39Z,GEHA Field at Arrowhead Stadium,"Temp: 39° F, Humidity: 86%, Wind: Northeast 3 mph",c59968af-b37c-11eb-ba8a-ecb6fe06b3b0,0,0.0,KICK_OFF,1.0,,,,13.0,Punt,2021-11-02T01:59:39Z,3.0,2:20,0.0,0.0,0.0,3.0,3.0,0.0,KICKOFF,PUNT,15:00,12:40,NYG 25,NYG 34,2352.0,2437.0,17,20,Home,3,37,10.5,53.0,0,outdoors,grass ,39.0,4.0,Andy Reid,Joe Judge,KAN00,GEHA Field at Arrowhead Stadium,0.0,1.0,,,,,,,0.0,0.0,0.0,1.0,0.0,,,,,,,,,,,0.0,1.0,0.02930574,,,,,,,,2021_08_NYG_KC,KC,,,,,,43330;48003;48259;49476;46916;52518;46407;43880;41325;53645;52591;47984;46193;46099;46772;45046;47959;53591;46169;53625;45369;52573,00-0035157;00-0035715;00-0034145;00-0031376;00-0035147;00-0034680;00-0034843;00-0033303;00-0036637;00-0034781;00-0033481,00-0033058;00-0035304;00-0034736;00-0036394;00-0032813;00-0036845;00-0036400;00-0034588;00-0034988;00-0036569;00-0036254,11.0,11.0,,,,,,,,,,,,,6.0
2374.0,2021_08_NYG_KC,2021110100,KC,NYG,REG,8,NYG,away,KC,NYG,75.0,2021-11-01,894.0,1794.0,1794.0,Half2,0.0,13.0,0.0,3.0,1.0,0,14:54,NYG 25,10.0,9.0,"(14:54) 28-D.Booker right end to NYG 30 for 5 yards (54-N.Bolton, 22-J.Thornhill).",run,5.0,0.0,0.0,0.0,0.0,0.0,0.0,,,,,right,end,,,,,3.0,3.0,0.0,,,,,3.0,3.0,14.0,10.0,10.0,14.0,-4.0,10.0,14.0,-4.0,0.004771649,0.14256042,0.002257069,0.2741031,0.21667258,0.0034037724,0.35623142,0.0,0.0,0.7995281,0.046106555,2.394824,-2.394824,4.6248603,-4.6248603,-4.9094505,4.9094505,,,0.0,0.0,2.098956,-2.098956,-1.2458429,1.2458429,14.704831,-14.704831,-20.019758,20.019758,0.34305206,0.656948,0.656948,0.34305206,-0.008304328,2.9459596e-05,-2.9459596e-05,0.66525227,0.33474773,0.21249647,0.78750354,0.077611685,-0.077611685,-0.10404821,0.10404821,,,0.0,0.0,-0.05138816,0.05138816,0.10354161,-0.10354161,-0.05138816,0.05138816,-0.06582129,0.06582129,0.0,0.0,0.0,0.0,0.0,0.0,0.0,0.0,0.0,0.0,0.0,0.0,0.0,0.0,0.0,0.0,0.0,0.0,0.0,0.0,0.0,0.0,0.0,0.0,0.0,0.0,0.0,0.0,0.0,0.0,0.0,0.0,1.0,0.0,0.0,0.0,0.0,0.0,0.0,0.0,0.0,0.0,0.0,0.0,0.0,0.0,1.0,0.0,0.0,0.0,0.0,,,,,,,00-0032972,D.Booker,5.0,,,,,,,,,,,,,,,,,,,,,,,,,,,,,,,,,,,,,,,,,,,,,,,,,00-0035625,J.Thornhill,KC,,,,,,,,,,1.0,00-0036621,N.Bolton,KC,,,,,,,,,,,,,,,,,,,,,,,,,,,,,0.0,,,,,0.0,,,0.0,0.0,0.0,0.0,,,2021,,,34.0,0.0,Punt,2374.0,"11/1/21, 20:15:34",2021-11-02T02:00:38Z,GEHA Field at Arrowhead Stadium,"Temp: 39° F, Humidity: 86%, Wind: Northeast 3 mph",c59968af-b37c-11eb-ba8a-ecb6fe06b3b0,0,0.0,RUSH,0.0,,,,13.0,Punt,2021-11-02T01:59:39Z,3.0,2:20,0.0,0.0,0.0,3.0,3.0,0.0,KICKOFF,PUNT,15:00,12:40,NYG 25,NYG 34,2352.0,2437.0,17,20,Home,3,37,10.5,53.0,0,outdoors,grass ,39.0,4.0,Andy Reid,Joe Judge,KAN00,GEHA Field at Arrowhead Stadium,0.0,1.0,,,D.Booker,28.0,,,0.0,1.0,0.0,0.0,1.0,,00-0032972,,D.Booker,28.0,00-0032972,D.Booker,00-0032972,D.Booker,00-0032972,0.0,1.0,0.046106555,,,,,,0.4381589,-43.81589,2021_08_NYG_KC,NYG,SINGLEBACK,"1 RB, 2 TE, 2 WR",6.0,"4 DL, 3 LB, 4 DB",,46144;43425;37090;52546;46757;47846;42406;43338;46090;47789;43695;53487;40017;47954;44821;46103;47959;52471;46521;52507;37118;43326,00-0032972;00-0027955;00-0034762;00-0035710;00-0032575;00-0035535;00-0033460;00-0034346;00-0034988;00-0036392;00-0027981,00-0034818;00-0036374;00-0034573;00-0035625;00-0032210;00-0032387;00-0036621;00-0030459;00-0036362;00-0034296;00-0032762,11.0,11.0,,,,,,,,,,,,,38.0
2395.0,2021_08_NYG_KC,2021110100,KC,NYG,REG,8,NYG,away,KC,NYG,70.0,2021-11-01,856.0,1756.0,1756.0,Half2,0.0,13.0,0.0,3.0,2.0,0,14:16,NYG 30,5.0,9.0,(14:16) (No Huddle) 28-D.Booker up the middle to NYG 34 for 4 yards (50-W.Gay; 91-D.Nnadi).,run,4.0,0.0,1.0,0.0,0.0,0.0,0.0,,,,,middle,,,,,,3.0,3.0,0.0,,,,,3.0,3.0,14.0,10.0,10.0,14.0,-4.0,10.0,14.0,-4.0,0.005222357,0.14792827,0.0024379455,0.2683805,0.2107567,0.003246127,0.36202806,0.0,0.0,0.84563464,0.24205609,2.152768,-2.152768,4.3828044,-4.3828044,-4.9094505,4.9094505,,,0.0,0.0,2.098956,-2.098956,-1.2458429,1.2458429,14.704831,-14.704831,-20.019758,20.019758,0.33474773,0.66525227,0.66525227,0.33474773,0.0066497326,0.0035078824,-0.0035078824,0.65860254,0.34139746,0.21252593,0.78747404,0.07096195,-0.07096195,-0.10404821,0.10404821,,,0.0,0.0,-0.05138816,0.05138816,0.10354161,-0.10354161,-0.05138816,0.05138816,-0.06582129,0.06582129,0.0,0.0,0.0,0.0,0.0,0.0,0.0,0.0,0.0,0.0,0.0,0.0,0.0,0.0,0.0,0.0,0.0,0.0,0.0,0.0,0.0,0.0,0.0,0.0,0.0,0.0,0.0,0.0,0.0,0.0,0.0,0.0,1.0,0.0,0.0,0.0,0.0,0.0,0.0,0.0,0.0,0.0,0.0,0.0,0.0,0.0,1.0,0.0,0.0,0.0,0.0,,,,,,,00-0032972,D.Booker,4.0,,,,,,,,,,,,,,,,,,,,,,,,,,,,,,,,,,,,,,,,,,,,,,,,,00-0036362,W.Gay,KC,00-0034818,D.Nnadi,KC,,,,,,,0.0,,,,,,,,,,,,,,,,,,,,,,,,,,,,,,,,0.0,,,,,0.0,,,0.0,0.0,0.0,0.0,,,2021,,,34.0,0.0,Punt,2395.0,"11/1/21, 20:15:34",2021-11-02T02:01:17Z,GEHA Field at Arrowhead Stadium,"Temp: 39° F, Humidity: 86%, Wind: Northeast 3 mph",c59968af-b37c-11eb-ba8a-ecb6fe06b3b0,0,0.0,RUSH,0.0,,,,13.0,Punt,2021-11-02T01:59:39Z,3.0,2:20,0.0,0.0,0.0,3.0,3.0,0.0,KICKOFF,PUNT,15:00,12:40,NYG 25,NYG 34,2352.0,2437.0,17,20,Home,3,37,10.5,53.0,0,outdoors,grass ,39.0,4.0,Andy Reid,Joe Judge,KAN00,GEHA Field at Arrowhead Stadium,0.0,1.0,,,D.Booker,28.0,,,0.0,1.0,0.0,0.0,1.0,,00-0032972,,D.Booker,28.0,00-0032972,D.Booker,00-0032972,D.Booker,00-0032972,0.0,1.0,0.24205609,,,,,,0.5225457,-52.25457,2021_08_NYG_KC,NYG,SINGLEBACK,"1 RB, 2 TE, 2 WR",8.0,"4 DL, 3 LB, 4 DB",,46144;43425;52546;37090;44835;46757;47846;42406;43338;46090;47789;43695;53487;40017;47954;44821;46103;52471;46521;52507;37118;43326,00-0032972;00-0027955;00-0033881;00-0034762;00-0035710;00-0032575;00-0035535;00-0033460;00-0034346;00-0036392;00-0027981,00-0034818;00-0036374;00-0034573;00-0035625;00-0032210;00-0032387;00-0036621;00-0030459;00-0036362;00-0034296;00-0032762,11.0,11.0,,,,,,,,,,,,,42.0
2416.0,2021_08_NYG_KC,2021110100,KC,NYG,REG,8,NYG,away,KC,NYG,66.0,2021-11-01,814.0,1714.0,1714.0,Half2,0.0,13.0,0.0,3.0,3.0,0,13:34,NYG 34,1.0,9.0,(13:34) 8-D.Jones right end to NYG 34 for no gain (50-W.Gay).,run,0.0,0.0,0.0,0.0,0.0,0.0,0.0,,,,,right,end,,,,,3.0,3.0,0.0,,,,,3.0,3.0,14.0,10.0,10.0,14.0,-4.0,10.0,14.0,-4.0,0.005335126,0.14424717,0.0023930736,0.2501043,0.22218584,0.004150078,0.37158442,0.0,0.0,1.0876907,-1.7239285,3.8766963,-3.8766963,6.106733,-6.106733,-4.9094505,4.9094505,,,0.0,0.0,2.098956,-2.098956,-1.2458429,1.2458429,14.704831,-14.704831,-20.019758,20.019758,0.34139746,0.65860254,0.65860254,0.34139746,-0.023708522,-0.02032563,0.02032563,0.68231106,0.31768894,0.21603382,0.7839662,0.094670475,-0.094670475,-0.10404821,0.10404821,,,0.0,0.0,-0.05138816,0.05138816,0.10354161,-0.10354161,-0.05138816,0.05138816,-0.06582129,0.06582129,0.0,0.0,0.0,0.0,0.0,1.0,0.0,0.0,0.0,0.0,0.0,0.0,0.0,0.0,0.0,0.0,0.0,0.0,0.0,0.0,0.0,0.0,0.0,0.0,1.0,0.0,0.0,0.0,0.0,0.0,0.0,0.0,1.0,0.0,0.0,0.0,0.0,0.0,0.0,0.0,0.0,0.0,0.0,0.0,0.0,0.0,0.0,0.0,0.0,0.0,0.0,,,,,,,00-0035710,D.Jones,0.0,,,,,,,,,,,,,,,,,,,,,,,,,,,,,,,,,,,,,,,,,,,KC,,00-0036362,,W.Gay,,,,,,,,,,,,,,0.0,,,,,,,,,,,,,,,,,,,,,,,,,,,,,,,,0.0,,,,,0.0,,,0.0,0.0,0.0,0.0,,,2021,,,34.0,0.0,Punt,2416.0,"11/1/21, 20:15:34",2021-11-02T02:01:58Z,GEHA Field at Arrowhead Stadium,"Temp: 39° F, Humidity: 86%, Wind: Northeast 3 mph",c59968af-b37c-11eb-ba8a-ecb6fe06b3b0,0,0.0,RUSH,0.0,,,,13.0,Punt,2021-11-02T01:59:39Z,3.0,2:20,0.0,0.0,0.0,3.0,3.0,0.0,KICKOFF,PUNT,15:00,12:40,NYG 25,NYG 34,2352.0,2437.0,17,20,Home,3,37,10.5,53.0,0,outdoors,grass ,39.0,4.0,Andy Reid,Joe Judge,KAN00,GEHA Field at Arrowhead Stadium,0.0,0.0,,,D.Jones,8.0,,,0.0,1.0,0.0,0.0,1.0,,00-0035710,,D.Jones,8.0,00-0035710,D.Jones,00-0035710,D.Jones,00-0035710,0.0,1.0,-1.7239285,,,,,,0.26124606,-26.124605,2021_08_NYG_KC,NYG,I_FORM,"2 RB, 1 TE, 2 WR",7.0,"4 DL, 3 LB, 4 DB",6.0,46144;43425;37090;52546;46757;47846;42406;43880;53449;46090;43338;47789;43695;53487;40017;47954;46103;47959;52471;46521;52507;43326,00-0032972;00-0027955;00-0032813;00-0036913;00-0034762;00-0035710;00-0032575;00-0035535;00-0034346;00-0034988;00-0036392,00-0034818;00-0036374;00-0034573;00-0035625;00-0032210;00-0032387;00-0036621;00-0030459;00-0036362;00-0034296;00-0032762,11.0,11.0,,,,,,,,,,,,,43.0
2437.0,2021_08_NYG_KC,2021110100,KC,NYG,REG,8,NYG,away,KC,NYG,66.0,2021-11-01,771.0,1671.0,1671.0,Half2,0.0,13.0,0.0,3.0,4.0,0,12:51,NYG 34,1.0,9.0,"(12:51) 9-R.Dixon punts 51 yards to KC 15, Center-58-C.Kreiter, downed by NYG-47-C.Brown. PENALTY on KC-90-J.Reed, Offensive Holding, 7 yards, enforced at KC 15.",punt,0.0,0.0,0.0,0.0,0.0,0.0,0.0,,,,,,,,51.0,,,3.0,3.0,0.0,,,,,3.0,3.0,14.0,10.0,10.0,14.0,-4.0,10.0,14.0,-4.0,0.0055504115,0.19524989,0.0032930023,0.35442013,0.15848471,0.0038856778,0.27911618,0.0,0.0,-0.63623774,0.4842452,3.3924513,-3.3924513,6.106733,-6.106733,-4.9094505,4.9094505,,,0.0,0.0,2.098956,-2.098956,-1.2458429,1.2458429,14.704831,-14.704831,-20.019758,20.019758,0.31768894,0.68231106,0.68231106,0.31768894,-0.014468014,-0.04195574,0.04195574,0.6967791,0.30322093,0.19570819,0.80429184,0.094670475,-0.094670475,-0.10404821,0.10404821,,,0.0,0.0,-0.05138816,0.05138816,0.10354161,-0.10354161,-0.05138816,0.05138816,-0.06582129,0.06582129,0.0,0.0,0.0,0.0,0.0,0.0,0.0,0.0,0.0,0.0,0.0,1.0,0.0,0.0,1.0,0.0,0.0,0.0,0.0,0.0,0.0,0.0,0.0,0.0,0.0,0.0,1.0,0.0,0.0,0.0,0.0,0.0,0.0,0.0,0.0,0.0,0.0,0.0,0.0,0.0,0.0,0.0,0.0,1.0,0.0,0.0,0.0,0.0,0.0,0.0,0.0,,,,,,,,,,,,,,,,,,,,,,,,,,,,,,00-0032943,R.Dixon,,,,,,,,,,,,,,,,,,,,,,,,,,,,,,,,,,,,,,,0.0,,,,,,,,,,,,,,,,,,,,,,,,,,,,,,,KC,0.0,KC,00-0032387,J.Reed,7.0,0.0,,Offensive Holding,0.0,0.0,0.0,0.0,,,2021,,,34.0,0.0,Punt,2437.0,"11/1/21, 20:15:34",2021-11-02T02:02:41Z,GEHA Field at Arrowhead Stadium,"Temp: 39° F, Humidity: 86%, Wind: Northeast 3 mph",c59968af-b37c-11eb-ba8a-ecb6fe06b3b0,0,0.0,PUNT,1.0,,,,13.0,Punt,2021-11-02T01:59:39Z,3.0,2:20,0.0,0.0,0.0,3.0,3.0,0.0,KICKOFF,PUNT,15:00,12:40,NYG 25,NYG 34,2352.0,2437.0,17,20,Home,3,37,10.5,53.0,0,outdoors,grass ,39.0,4.0,Andy Reid,Joe Judge,KAN00,GEHA Field at Arrowhead Stadium,0.0,1.0,,,,,,,0.0,0.0,0.0,1.0,0.0,,,,,,,,,,,0.0,1.0,0.4842452,,,,,,,,2021_08_NYG_KC,NYG,,,,,,46144;43330;52546;48003;46757;41797;43880;46312;52585;43338;53487;52591;46193;46099;47891;46772;47959;52792;46521;53625;43517;41502,00-0033058;00-0035304;00-0030957;00-0032813;00-0034435;00-0036400;00-0034974;00-0034588;00-0034988;00-0036569;00-0032943,00-0034818;00-0036374;00-0034573;00-0036378;00-0032387;00-0036621;00-0034680;00-0034843;00-0035890;00-0034296;00-0030665,11.0,11.0,,,,,,,,,,,,,11.0
2477.0,2021_08_NYG_KC,2021110100,KC,NYG,REG,8,KC,home,NYG,KC,92.0,2021-11-01,760.0,1660.0,1660.0,Half2,0.0,14.0,0.0,3.0,1.0,0,12:40,KC 8,10.0,31.0,(12:40) (Shotgun) 15-P.Mahomes pass short right to 10-T.Hill pushed ob at KC 17 for 9 yards (22-A.Jackson).,pass,9.0,1.0,0.0,1.0,0.0,0.0,0.0,short,right,-2.0,11.0,,,,,,,3.0,3.0,0.0,,,,,3.0,3.0,14.0,10.0,14.0,10.0,4.0,14.0,10.0,4.0,0.0055168825,0.20027836,0.011347513,0.28316367,0.18305142,0.0015961869,0.31504595,0.0,0.0,0.15199254,0.879733,4.2721844,-4.2721844,6.106733,-6.106733,-4.0297174,4.0297174,-1.0764298,1.9561628,-1.0764298,1.9561628,1.0225264,-1.0225264,0.7103199,-0.7103199,13.628401,-13.628401,-18.063595,18.063595,0.6967791,0.30322093,0.6967791,0.30322093,0.029684246,0.01621437,0.01621437,0.7264633,0.27353668,0.84624755,0.84624755,0.094670475,-0.094670475,-0.07436396,0.07436396,0.0,0.029684246,0.0,0.029684246,-0.05138816,0.05138816,0.13322586,-0.13322586,-0.05138816,0.05138816,-0.036137044,0.036137044,0.0,0.0,0.0,0.0,0.0,0.0,0.0,0.0,0.0,0.0,0.0,0.0,0.0,0.0,0.0,0.0,0.0,0.0,0.0,0.0,0.0,0.0,0.0,0.0,1.0,0.0,0.0,0.0,0.0,0.0,0.0,0.0,0.0,1.0,0.0,0.0,0.0,0.0,0.0,0.0,0.0,0.0,0.0,0.0,0.0,1.0,0.0,0.0,0.0,0.0,0.0,00-0033873,P.Mahomes,9.0,00-0033040,T.Hill,9.0,,,,,,,,,,,,,,,,,,,,,,,,,,,,,,,,,,,,,,,,,,,,,,NYG,,00-0033878,,A.Jackson,,,,,,,,,,,,,,0.0,,,,,,,,,,,,,,,,,,,,,,,,,,,,,,,,0.0,,,,,0.0,,,0.0,0.0,0.0,0.0,,,2021,0.876777,12.322301,35.0,1.0,First down,2477.0,"11/1/21, 20:15:34",2021-11-02T02:06:00Z,GEHA Field at Arrowhead Stadium,"Temp: 39° F, Humidity: 86%, Wind: Northeast 3 mph",c59968af-b37c-11eb-ba8a-ecb6fe06b3b0,0,0.0,PASS,0.0,,,,14.0,Punt,2021-11-02T02:06:00Z,6.0,3:02,2.0,0.0,0.0,3.0,3.0,0.0,PUNT,PUNT,12:40,09:38,KC 8,KC 39,2477.0,2615.0,17,20,Home,3,37,10.5,53.0,0,outdoors,grass ,39.0,4.0,Andy Reid,Joe Judge,KAN00,GEHA Field at Arrowhead Stadium,0.0,1.0,P.Mahomes,15.0,,,T.Hill,10.0,1.0,0.0,0.0,0.0,1.0,00-0033873,,00-0033040,P.Mahomes,15.0,00-0033873,T.Hill,00-0033040,T.Hill,00-0033040,1.0,1.0,0.879733,1.2234662,8.488415,7.0,0.45852238,0.20496261,0.36427945,63.572056,2021_08_NYG_KC,KC,SHOTGUN,"1 RB, 2 TE, 2 WR",7.0,"3 DL, 4 LB, 4 DB",2.0,43330;43332;43367;53479;46152;40011;53645;42349;53492;44822;43351;53655;52663;47800;52504;52444;42460;44830;46526;43454;39646;40031,00-0032391;00-0034752;00-0030506;00-0036623;00-0033873;00-0036660;00-0036367;00-0032062;00-0034301;00-0033040;00-0029664,00-0033058;00-0032763;00-0036552;00-0036845;00-0031933;00-0032890;00-0036167;00-0035683;00-0036388;00-0033878;00-0030411,11.0,11.0,-2.57,1.101,False,SCREEN,ZONE_COVERAGE,COVER_2,,,,,,,26.0
2506.0,2021_08_NYG_KC,2021110100,KC,NYG,REG,8,KC,home,NYG,KC,83.0,2021-11-01,734.0,1634.0,1634.0,Half2,0.0,14.0,0.0,3.0,2.0,0,12:14,KC 17,1.0,31.0,(12:14) (Shotgun) 31-Da.Williams up the middle to KC 25 for 8 yards (99-L.Williams; 29-X.McKinney).,run,8.0,1.0,0.0,0.0,0.0,0.0,0.0,,,,,middle,,,,,,3.0,3.0,0.0,,,,,3.0,3.0,14.0,10.0,14.0,10.0,4.0,14.0,10.0,4.0,0.005974703,0.16420326,0.0026134972,0.24709646,0.19641562,0.0031769713,0.38051954,0.0,0.0,1.0317255,0.40675068,4.678935,-4.678935,6.5134835,-6.5134835,-4.0297174,4.0297174,,,0.0,0.0,1.0225264,-1.0225264,0.7103199,-0.7103199,13.628401,-13.628401,-18.063595,18.063595,0.7264633,0.27353668,0.7264633,0.27353668,-0.016089737,0.0010378957,0.0010378957,0.7103736,0.28962642,0.8624619,0.8624619,0.07858074,-0.07858074,-0.07436396,0.07436396,,,0.0,0.0,-0.05138816,0.05138816,0.13322586,-0.13322586,-0.05138816,0.05138816,-0.036137044,0.036137044,0.0,1.0,0.0,0.0,0.0,0.0,0.0,0.0,0.0,0.0,0.0,0.0,0.0,0.0,0.0,0.0,0.0,0.0,0.0,0.0,0.0,0.0,0.0,0.0,0.0,0.0,0.0,0.0,0.0,0.0,0.0,0.0,1.0,0.0,0.0,0.0,0.0,0.0,0.0,0.0,0.0,0.0,0.0,0.0,0.0,0.0,1.0,0.0,0.0,0.0,0.0,,,,,,,00-0034301,Da.Williams,8.0,,,,,,,,,,,,,,,,,,,,,,,,,,,,,,,,,,,,,,,,,,,,,,,,,00-0031933,L.Williams,NYG,00-0036388,X.McKinney,NYG,,,,,,,0.0,,,,,,,,,,,,,,,,,,,,,,,,,,,,,,,,0.0,,,,,0.0,,,0.0,0.0,0.0,0.0,,,2021,,,35.0,1.0,First down,2506.0,"11/1/21, 20:15:34",2021-11-02T02:06:30Z,GEHA Field at Arrowhead Stadium,"Temp: 39° F, Humidity: 86%, Wind: Northeast 3 mph",c59968af-b37c-11eb-ba8a-ecb6fe06b3b0,0,0.0,RUSH,0.0,,,,14.0,Punt,2021-11-02T02:06:00Z,6.0,3:02,2.0,0.0,0.0,3.0,3.0,0.0,PUNT,PUNT,12:40,09:38,KC 8,KC 39,2477.0,2615.0,17,20,Home,3,37,10.5,53.0,0,outdoors,grass ,39.0,4.0,Andy Reid,Joe Judge,KAN00,GEHA Field at Arrowhead Stadium,0.0,1.0,,,Da.Williams,31.0,,,0.0,1.0,1.0,0.0,1.0,,00-0034301,,Da.Williams,31.0,00-0034301,Da.Williams,00-0034301,Da.Williams,00-0034301,0.0,1.0,0.40675068,,,,,,0.1867921,-18.67921,2021_08_NYG_KC,KC,SHOTGUN,"1 RB, 1 TE, 3 WR",6.0,"2 DL, 4 LB, 5 DB",,43330;43332;52518;43367;53479;46152;40011;42349;53645;53492;44822;43351;43415;53655;52663;52504;46522;52444;44830;46526;40031;47839,00-0032391;00-0034752;00-0030506;00-0036623;00-0033873;00-0032775;00-0036660;00-0036367;00-0034297;00-0034301;00-0035140,00-0033058;00-0032763;00-0036394;00-0036552;00-0031933;00-0036845;00-0032890;00-0036167;00-0036388;00-0033878;00-0030411,11.0,11.0,,,,,,,,,,,,,36.0
2527.0,2021_08_NYG_KC,2021110100,KC,NYG,REG,8,KC,home,NYG,KC,75.0,2021-11-01,698.0,1598.0,1598.0,Half2,0.0,14.0,0.0,3.0,1.0,0,11:38,KC 25,10.0,31.0,(11:38) (Shotgun) 31-Da.Williams up the middle to KC 37 for 12 yards (23-L.Ryan).,run,12.0,1.0,0.0,0.0,0.0,0.0,0.0,,,,,middle,,,,,,3.0,3.0,0.0,,,,,3.0,3.0,14.0,10.0,14.0,10.0,4.0,14.0,10.0,4.0,0.0064458605,0.13944083,0.0019662813,0.23097965,0.2135026,0.003314447,0.4043503,0.0,0.0,1.4384762,0.79276353,5.4716983,-5.4716983,7.3062468,-7.3062468,-4.0297174,4.0297174,,,0.0,0.0,1.0225264,-1.0225264,0.7103199,-0.7103199,13.628401,-13.628401,-18.063595,18.063595,0.7103736,0.28962642,0.7103736,0.28962642,0.022907674,0.009039044,0.009039044,0.73328125,0.26671875,0.8634998,0.8634998,0.10148841,-0.10148841,-0.07436396,0.07436396,,,0.0,0.0,-0.05138816,0.05138816,0.13322586,-0.13322586,-0.05138816,0.05138816,-0.036137044,0.036137044,0.0,1.0,0.0,0.0,0.0,0.0,0.0,0.0,0.0,0.0,0.0,0.0,0.0,0.0,0.0,0.0,0.0,0.0,0.0,0.0,0.0,0.0,0.0,0.0,1.0,0.0,0.0,0.0,0.0,0.0,0.0,0.0,1.0,0.0,0.0,0.0,0.0,0.0,0.0,0.0,0.0,0.0,0.0,0.0,0.0,0.0,0.0,0.0,0.0,0.0,0.0,,,,,,,00-0034301,Da.Williams,12.0,,,,,,,,,,,,,,,,,,,,,,,,,,,,,,,,,,,,,,,,,,,NYG,,00-0030411,,L.Ryan,,,,,,,,,,,,,,0.0,,,,,,,,,,,,,,,,,,,,,,,,,,,,,,,,0.0,,,,,0.0,,,0.0,0.0,0.0,0.0,,,2021,,,36.0,1.0,First down,2527.0,"11/1/21, 20:15:34",2021-11-02T02:07:06Z,GEHA Field at Arrowhead Stadium,"Temp: 39° F, Humidity: 86%, Wind: Northeast 3 mph",c59968af-b37c-11eb-ba8a-ecb6fe06b3b0,0,0.0,RUSH,0.0,,,,14.0,Punt,2021-11-02T02:06:00Z,6.0,3:02,2.0,0.0,0.0,3.0,3.0,0.0,PUNT,PUNT,12:40,09:38,KC 8,KC 39,2477.0,2615.0,17,20,Home,3,37,10.5,53.0,0,outdoors,grass ,39.0,4.0,Andy Reid,Joe Judge,KAN00,GEHA Field at Arrowhead Stadium,0.0,1.0,,,Da.Williams,31.0,,,0.0,1.0,1.0,0.0,1.0,,00-0034301,,Da.Williams,31.0,00-0034301,Da.Williams,00-0034301,Da.Williams,00-0034301,0.0,1.0,0.79276353,,,,,,0.45985663,-45.985664,2021_08_NYG_KC,KC,SHOTGUN,"1 RB, 1 TE, 3 WR",6.0,"2 DL, 4 LB, 5 DB",,43330;43332;52518;43367;53479;46152;40011;53645;42349;53492;44822;43351;43415;53655;52663;52504;52444;46526;44830;39646;47839;40031,00-0032391;00-0034752;00-0030506;00-0036623;00-0033873;00-0032775;00-0036660;00-0036367;00-0034301;00-0029664;00-0035140,00-0033058;00-0032763;00-0036394;00-0036552;00-0036845;00-0031933;00-0032890;00-0036167;00-0036388;00-0033878;00-0030411,11.0,11.0,,,,,,,,,,,,,38.0
2548.0,2021_08_NYG_KC,2021110100,KC,NYG,REG,8,KC,home,NYG,KC,63.0,2021-11-01,660.0,1560.0,1560.0,Half2,0.0,14.0,0.0,3.0,1.0,0,11:00,KC 37,10.0,31.0,(11:00) 40-D.Gore up the middle to KC 36 for -1 yards (95-Q.Roche).,run,-1.0,0.0,0.0,0.0,0.0,0.0,0.0,,,,,middle,,,,,,3.0,3.0,0.0,,,,,3.0,3.0,14.0,10.0,14.0,10.0,4.0,14.0,10.0,4.0,0.006579302,0.11268077,0.0016896238,0.18791905,0.2322934,0.0041300617,0.45470777,0.0,0.0,2.2312398,-0.7760733,4.6956253,-4.6956253,6.530174,-6.530174,-4.0297174,4.0297174,,,0.0,0.0,1.0225264,-1.0225264,0.7103199,-0.7103199,13.628401,-13.628401,-18.063595,18.063595,0.73328125,0.26671875,0.73328125,0.26671875,-0.025075138,-0.01297003,-0.01297003,0.7082061,0.29179388,0.87253886,0.87253886,0.076413274,-0.076413274,-0.07436396,0.07436396,,,0.0,0.0,-0.05138816,0.05138816,0.13322586,-0.13322586,-0.05138816,0.05138816,-0.036137044,0.036137044,0.0,0.0,0.0,0.0,0.0,0.0,0.0,0.0,0.0,0.0,0.0,0.0,0.0,0.0,0.0,0.0,0.0,0.0,0.0,0.0,0.0,0.0,0.0,0.0,1.0,0.0,0.0,1.0,0.0,0.0,0.0,0.0,1.0,0.0,0.0,0.0,0.0,0.0,0.0,0.0,0.0,0.0,0.0,0.0,0.0,0.0,0.0,0.0,0.0,0.0,0.0,,,,,,,00-0035715,D.Gore,-1.0,,,,,,,,,,,,,,,,,,,,,,,,,,,,,00-0036845,Q.Roche,,,,,,,,,,,,,NYG,,00-0036845,,Q.Roche,,,,,,,,,,,,,,0.0,,,,,,,,,,,,,,,,,,,,,,,,,,,,,,,,0.0,,,,,0.0,,,0.0,0.0,0.0,0.0,,,2021,,,37.0,0.0,Punt,2548.0,"11/1/21, 20:15:34",2021-11-02T02:07:44Z,GEHA Field at Arrowhead Stadium,"Temp: 39° F, Humidity: 86%, Wind: Northeast 3 mph",c59968af-b37c-11eb-ba8a-ecb6fe06b3b0,0,0.0,RUSH,0.0,,,,14.0,Punt,2021-11-02T02:06:00Z,6.0,3:02,2.0,0.0,0.0,3.0,3.0,0.0,PUNT,PUNT,12:40,09:38,KC 8,KC 39,2477.0,2615.0,17,20,Home,3,37,10.5,53.0,0,outdoors,grass ,39.0,4.0,Andy Reid,Joe Judge,KAN00,GEHA Field at Arrowhead Stadium,0.0,0.0,,,D.Gore,40.0,,,0.0,1.0,0.0,0.0,1.0,,00-0035715,,D.Gore,40.0,00-0035715,D.Gore,00-0035715,D.Gore,00-0035715,0.0,1.0,-0.7760733,,,,,,0.4605002,-46.050022,2021_08_NYG_KC,KC,I_FORM,"2 RB, 2 TE, 1 WR",7.0,"3 DL, 4 LB, 4 DB",,43330;43332;49476;43367;53479;46152;40011;42349;53645;42511;53492;44822;43351;53655;52663;47800;52504;46522;52444;42460;44830;40031,00-0035715;00-0032391;00-0034752;00-0030506;00-0031595;00-0036623;00-0033873;00-0036660;00-0036367;00-0034297;00-0032062,00-0033058;00-0032763;00-0036552;00-0031933;00-0036845;00-0032890;00-0036167;00-0035683;00-0036388;00-0033878;00-0030411,11.0,11.0,,,,,,,,,,,,,33.0
2569.0,2021_08_NYG_KC,2021110100,KC,NYG,REG,8,KC,home,NYG,KC,64.0,2021-11-01,627.0,1527.0,1527.0,Half2,0.0,14.0,0.0,3.0,2.0,0,10:27,KC 36,11.0,31.0,(10:27) (Shotgun) 15-P.Mahomes pass short left to 17-M.Hardman to KC 39 for 3 yards (22-A.Jackson).,pass,3.0,1.0,0.0,1.0,0.0,0.0,0.0,short,left,2.0,1.0,,,,,,,3.0,3.0,0.0,,,,,3.0,3.0,14.0,10.0,14.0,10.0,4.0,14.0,10.0,4.0,0.006893267,0.13901287,0.002488144,0.22986154,0.21109995,0.004319385,0.4063248,0.0,0.0,1.4551666,-0.5320855,4.16354,-4.16354,6.530174,-6.530174,-4.561803,4.561803,-0.57917166,0.047086213,-0.57917166,0.047086213,0.4433547,-0.4433547,0.7574061,-0.7574061,13.04923,-13.04923,-18.016508,18.016508,0.7082061,0.29179388,0.7082061,0.29179388,-0.008826733,-0.009854615,-0.009854615,0.6993794,0.30062062,0.85956883,0.85956883,0.076413274,-0.076413274,-0.083190694,0.083190694,0.0,-0.008826733,0.0,-0.008826733,-0.05138816,0.05138816,0.124399126,-0.124399126,-0.05138816,0.05138816,-0.044963777,0.044963777,0.0,0.0,0.0,0.0,0.0,0.0,0.0,0.0,0.0,0.0,0.0,0.0,0.0,0.0,0.0,0.0,0.0,0.0,0.0,0.0,0.0,0.0,0.0,0.0,1.0,0.0,0.0,0.0,0.0,0.0,0.0,0.0,0.0,1.0,0.0,0.0,0.0,0.0,0.0,0.0,0.0,0.0,0.0,0.0,0.0,1.0,0.0,0.0,0.0,0.0,0.0,00-0033873,P.Mahomes,3.0,00-0035140,M.Hardman,3.0,,,,,,,,,,,,,,,,,,,,,,,,,,,,,,,,,,,,,,,,,,,,,,NYG,,00-0033878,,A.Jackson,,,,,,,,,,,,,,0.0,,,,,,,,,,,,,,,,,,,,,,,,,,,,,,,,0.0,,,,,0.0,,,0.0,0.0,0.0,0.0,,,2021,0.8075089,19.249111,37.0,0.0,Punt,2569.0,"11/1/21, 20:15:34",2021-11-02T02:08:17Z,GEHA Field at Arrowhead Stadium,"Temp: 39° F, Humidity: 86%, Wind: Northeast 3 mph",c59968af-b37c-11eb-ba8a-ecb6fe06b3b0,0,0.0,PASS,0.0,,,,14.0,Punt,2021-11-02T02:06:00Z,6.0,3:02,2.0,0.0,0.0,3.0,3.0,0.0,PUNT,PUNT,12:40,09:38,KC 8,KC 39,2477.0,2615.0,17,20,Home,3,37,10.5,53.0,0,outdoors,grass ,39.0,4.0,Andy Reid,Joe Judge,KAN00,GEHA Field at Arrowhead Stadium,0.0,0.0,P.Mahomes,15.0,,,M.Hardman,17.0,1.0,0.0,0.0,0.0,1.0,00-0033873,,00-0035140,P.Mahomes,15.0,00-0033873,M.Hardman,00-0035140,M.Hardman,00-0035140,0.0,1.0,-0.5320855,0.810972,5.456367,4.0,0.45164326,0.18963346,0.8206997,17.93003,2021_08_NYG_KC,KC,SHOTGUN,"1 RB, 1 TE, 3 WR",5.0,"2 DL, 3 LB, 6 DB",4.0,52518;43367;53479;46152;40011;42349;53645;47891;53492;44822;43351;52663;53655;47800;52504;52444;39646;43454;44830;46526;40031;47839,00-0032391;00-0034752;00-0030506;00-0036623;00-0033873;00-0036660;00-0036367;00-0029664;00-0033040;00-0034301;00-0035140,00-0036394;00-0036552;00-0031933;00-0036845;00-0034974;00-0032890;00-0036167;00-0035683;00-0036388;00-0033878;00-0030411,11.0,11.0,2.07,1.702,False,HITCH,ZONE_COVERAGE,COVER_3,,,,,,,36.0
2593.0,2021_08_NYG_KC,2021110100,KC,NYG,REG,8,KC,home,NYG,KC,61.0,2021-11-01,591.0,1491.0,1491.0,Half2,0.0,14.0,0.0,3.0,3.0,0,09:51,KC 39,8.0,31.0,(9:51) (Shotgun) 15-P.Mahomes pass incomplete deep left to 87-T.Kelce.,pass,0.0,1.0,0.0,1.0,0.0,0.0,0.0,deep,left,20.0,,,,,,,,3.0,3.0,0.0,,,,,3.0,3.0,14.0,10.0,14.0,10.0,4.0,14.0,10.0,4.0,0.008896234,0.15136832,0.0019536167,0.2594091,0.20726952,0.004514869,0.36658838,0.0,0.0,0.9230811,-1.4416487,2.7218912,-2.7218912,6.530174,-6.530174,-6.0034513,6.0034513,2.657128,-4.098777,0.0,0.0,0.4433547,-0.4433547,0.7574061,-0.7574061,15.706357,-15.706357,-22.115286,22.115286,0.6993794,0.30062062,0.6993794,0.30062062,-0.02284056,-0.02184236,-0.02184236,0.6765388,0.32346117,0.8497142,0.8497142,0.076413274,-0.076413274,-0.106031254,0.106031254,0.0,-0.02284056,0.0,0.0,-0.05138816,0.05138816,0.124399126,-0.124399126,-0.05138816,0.05138816,-0.06780434,0.06780434,0.0,0.0,0.0,0.0,0.0,1.0,0.0,0.0,1.0,0.0,0.0,0.0,0.0,0.0,0.0,0.0,0.0,0.0,0.0,0.0,0.0,0.0,0.0,0.0,0.0,0.0,0.0,0.0,0.0,0.0,0.0,0.0,0.0,1.0,0.0,0.0,0.0,0.0,0.0,0.0,0.0,0.0,0.0,0.0,0.0,0.0,0.0,0.0,0.0,0.0,0.0,00-0033873,P.Mahomes,,00-0030506,T.Kelce,,,,,,,,,,,,,,,,,,,,,,,,,,,,,,,,,,,,,,,,,,,,,,,,,,,,,,,,,,,,,,,,,0.0,,,,,,,,,,,,,,,,,,,,,,,,,,,,,,,,0.0,,,,,0.0,,,0.0,0.0,0.0,0.0,,,2021,0.4341225,-43.41225,37.0,0.0,Punt,2593.0,"11/1/21, 20:15:34",2021-11-02T02:08:53Z,GEHA Field at Arrowhead Stadium,"Temp: 39° F, Humidity: 86%, Wind: Northeast 3 mph",c59968af-b37c-11eb-ba8a-ecb6fe06b3b0,0,0.0,PASS,0.0,,,,14.0,Punt,2021-11-02T02:06:00Z,6.0,3:02,2.0,0.0,0.0,3.0,3.0,0.0,PUNT,PUNT,12:40,09:38,KC 8,KC 39,2477.0,2615.0,17,20,Home,3,37,10.5,53.0,0,outdoors,grass ,39.0,4.0,Andy Reid,Joe Judge,KAN00,GEHA Field at Arrowhead Stadium,0.0,0.0,P.Mahomes,15.0,,,T.Kelce,87.0,1.0,0.0,0.0,0.0,1.0,00-0033873,,00-0030506,P.Mahomes,15.0,00-0033873,T.Kelce,00-0030506,T.Kelce,00-0030506,0.0,1.0,-1.4416487,0.34189,5.5008645,2.0,1.0,1.0,0.9815197,1.8480301,2021_08_NYG_KC,KC,SHOTGUN,"1 RB, 1 TE, 3 WR",5.0,"1 DL, 4 LB, 6 DB",3.0,52518;43367;53479;46152;40011;41325;42349;53645;52591;47891;53492;44822;43351;52663;53655;52504;52444;39646;43454;44830;40031;47839,00-0032391;00-0034752;00-0030506;00-0031376;00-0036623;00-0033873;00-0036660;00-0036367;00-0029664;00-0033040;00-0035140,00-0036394;00-0036552;00-0031933;00-0036845;00-0036400;00-0034974;00-0032890;00-0036167;00-0036388;00-0033878;00-0030411,11.0,11.0,16.21,3.037,False,GO,MAN_COVERAGE,2_MAN,,,,,,,6.0
2615.0,2021_08_NYG_KC,2021110100,KC,NYG,REG,8,KC,home,NYG,KC,61.0,2021-11-01,585.0,1485.0,1485.0,Half2,0.0,14.0,0.0,3.0,4.0,0,09:45,KC 39,8.0,31.0,"(9:45) 5-T.Townsend punts 43 yards to NYG 18, Center-41-J.Winchester, fair catch by 89-K.Toney.",punt,0.0,0.0,0.0,0.0,0.0,0.0,0.0,,,,,,,,43.0,,,3.0,3.0,0.0,,,,,3.0,3.0,14.0,10.0,14.0,10.0,4.0,14.0,10.0,4.0,0.0095427735,0.19570366,0.0024727301,0.34296003,0.16026236,0.0059974934,0.283061,0.0,0.0,-0.51856756,0.23108272,2.9529738,-2.9529738,6.530174,-6.530174,-6.0034513,6.0034513,,,0.0,0.0,0.4433547,-0.4433547,0.7574061,-0.7574061,15.706357,-15.706357,-22.115286,22.115286,0.6765388,0.32346117,0.6765388,0.32346117,0.0039340258,-0.019844383,-0.019844383,0.68047285,0.31952715,0.82787186,0.82787186,0.076413274,-0.076413274,-0.106031254,0.106031254,,,0.0,0.0,-0.05138816,0.05138816,0.124399126,-0.124399126,-0.05138816,0.05138816,-0.06780434,0.06780434,0.0,0.0,0.0,0.0,0.0,0.0,0.0,0.0,0.0,0.0,0.0,1.0,0.0,0.0,0.0,1.0,0.0,0.0,0.0,0.0,0.0,0.0,0.0,0.0,0.0,0.0,0.0,0.0,0.0,0.0,0.0,0.0,0.0,0.0,0.0,0.0,0.0,0.0,0.0,0.0,0.0,0.0,0.0,1.0,0.0,0.0,0.0,0.0,0.0,0.0,0.0,,,,,,,,,,,,,,,,,,,,,,00-0036913,K.Toney,,,,,,,00-0035889,T.Townsend,,,,,,,,,,,,,,,,,,,,,,,,,,,,,,,,,,,,,,,0.0,,,,,,,,,,,,,,,,,,,,,,,,,,,,,,,NYG,0.0,,,,,0.0,,,0.0,0.0,0.0,0.0,,,2021,,,37.0,0.0,Punt,2615.0,"11/1/21, 20:15:34",2021-11-02T02:09:26Z,GEHA Field at Arrowhead Stadium,"Temp: 39° F, Humidity: 86%, Wind: Northeast 3 mph",c59968af-b37c-11eb-ba8a-ecb6fe06b3b0,0,0.0,PUNT,1.0,,,,14.0,Punt,2021-11-02T02:06:00Z,6.0,3:02,2.0,0.0,0.0,3.0,3.0,0.0,PUNT,PUNT,12:40,09:38,KC 8,KC 39,2477.0,2615.0,17,20,Home,3,37,10.5,53.0,0,outdoors,grass ,39.0,4.0,Andy Reid,Joe Judge,KAN00,GEHA Field at Arrowhead Stadium,0.0,1.0,,,,,,,0.0,0.0,0.0,1.0,0.0,,,,,,,,,,,0.0,1.0,0.23108272,,,,,,,,2021_08_NYG_KC,KC,,,,,,40994;48003;48259;43332;46407;43880;46312;53449;42349;42511;52591;46193;47891;46772;52791;53591;47800;45369;46169;46521;53500;46526,00-0030615;00-0035157;00-0034145;00-0031595;00-0034680;00-0035889;00-0036637;00-0033481;00-0034781;00-0034296;00-0034301,00-0035304;00-0032763;00-0032813;00-0034435;00-0036913;00-0031933;00-0036400;00-0034974;00-0034588;00-0035683;00-0036899,11.0,11.0,,,,,,,,,,,,,7.0
2643.0,2021_08_NYG_KC,2021110100,KC,NYG,REG,8,NYG,away,KC,NYG,82.0,2021-11-01,578.0,1478.0,1478.0,Half2,0.0,15.0,0.0,3.0,1.0,0,09:38,NYG 18,10.0,29.0,(9:38) (Shotgun) 8-D.Jones pass deep right to 12-J.Ross to NYG 40 for 22 yards (54-N.Bolton; 22-J.Thornhill).,pass,22.0,1.0,0.0,1.0,0.0,0.0,0.0,deep,right,16.0,6.0,,,,,,,3.0,3.0,0.0,,,,,3.0,3.0,14.0,10.0,10.0,14.0,-4.0,10.0,14.0,-4.0,0.009635695,0.16088088,0.0024554548,0.29986367,0.19999094,0.0032205288,0.32395288,0.0,0.0,0.28748485,1.5053939,1.44758,-1.44758,6.530174,-6.530174,-7.5088453,7.5088453,1.1170057,0.38838813,1.1170057,0.38838813,-0.673651,0.673651,0.36901796,-0.36901796,14.589352,-14.589352,-22.503674,22.503674,0.31952715,0.68047285,0.68047285,0.31952715,0.037231147,0.014491528,-0.014491528,0.6432417,0.3567583,0.19197252,0.8080275,0.076413274,-0.076413274,-0.1432624,0.1432624,0.0,0.037231147,0.0,0.037231147,-0.05138816,0.05138816,0.08716798,-0.08716798,-0.05138816,0.05138816,-0.105035484,0.105035484,0.0,0.0,1.0,0.0,0.0,0.0,0.0,0.0,0.0,0.0,0.0,0.0,0.0,0.0,0.0,0.0,0.0,0.0,0.0,0.0,0.0,0.0,0.0,0.0,0.0,0.0,0.0,0.0,0.0,0.0,0.0,0.0,0.0,1.0,0.0,0.0,0.0,0.0,0.0,0.0,0.0,0.0,0.0,0.0,0.0,1.0,1.0,0.0,0.0,0.0,0.0,00-0035710,D.Jones,22.0,00-0033460,J.Ross,22.0,,,,,,,,,,,,,,,,,,,,,,,,,,,,,,,,,,,,,,,,,,,,,,,,,,,,00-0036621,N.Bolton,KC,00-0035625,J.Thornhill,KC,,,,,,,0.0,,,,,,,,,,,,,,,,,,,,,,,,,,,,,,,,0.0,,,,,0.0,,,0.0,0.0,0.0,0.0,,,2021,0.6040838,39.59162,38.0,1.0,First down,2643.0,"11/1/21, 20:15:34",2021-11-02T02:12:30Z,GEHA Field at Arrowhead Stadium,"Temp: 39° F, Humidity: 86%, Wind: Northeast 3 mph",c59968af-b37c-11eb-ba8a-ecb6fe06b3b0,0,0.0,PASS,0.0,,,,15.0,Punt,2021-11-02T02:12:30Z,4.0,2:05,1.0,0.0,0.0,3.0,3.0,0.0,PUNT,PUNT,09:38,07:33,NYG 18,NYG 47,2643.0,2734.0,17,20,Home,3,37,10.5,53.0,0,outdoors,grass ,39.0,4.0,Andy Reid,Joe Judge,KAN00,GEHA Field at Arrowhead Stadium,0.0,1.0,D.Jones,8.0,,,J.Ross,12.0,1.0,0.0,1.0,0.0,1.0,00-0035710,,00-0033460,D.Jones,8.0,00-0035710,J.Ross,00-0033460,J.Ross,00-0033460,0.0,1.0,1.5053939,0.29142553,4.0832987,1.0,1.0,1.0,0.47369456,52.630543,2021_08_NYG_KC,NYG,SHOTGUN,"1 RB, 2 TE, 2 WR",7.0,"4 DL, 3 LB, 4 DB",4.0,43425;52546;37090;44835;46757;47846;42406;43338;46090;47789;53487;43695;40017;47954;40051;44821;46103;52471;52792;46521;52507;37118,00-0032972;00-0027955;00-0033881;00-0034762;00-0035710;00-0032575;00-0035535;00-0033460;00-0034346;00-0036392;00-0027981,00-0036374;00-0034573;00-0035625;00-0032210;00-0032387;00-0036621;00-0030459;00-0030503;00-0036362;00-0035890;00-0034296,11.0,11.0,15.1,3.17,False,HITCH,ZONE_COVERAGE,COVER_2,,,,,,,35.0
2667.0,2021_08_NYG_KC,2021110100,KC,NYG,REG,8,NYG,away,KC,NYG,60.0,2021-11-01,543.0,1443.0,1443.0,Half2,0.0,15.0,0.0,3.0,1.0,0,09:03,NYG 40,10.0,29.0,(9:03) (No Huddle) 28-D.Booker right guard to NYG 43 for 3 yards (97-A.Okafor; 90-J.Reed).,run,3.0,0.0,1.0,0.0,0.0,0.0,0.0,,,,,right,guard,,,,,3.0,3.0,0.0,,,,,3.0,3.0,14.0,10.0,10.0,14.0,-4.0,10.0,14.0,-4.0,0.010218252,0.10917338,0.0018268208,0.21275626,0.25676766,0.0043519894,0.40490562,0.0,0.0,1.7928786,-0.14971566,1.5972956,-1.5972956,6.679889,-6.679889,-7.5088453,7.5088453,,,0.0,0.0,-0.673651,0.673651,0.36901796,-0.36901796,14.589352,-14.589352,-22.503674,22.503674,0.3567583,0.6432417,0.6432417,0.3567583,0.010391384,-0.004551798,0.004551798,0.6328503,0.36714968,0.20646405,0.79353595,0.06602189,-0.06602189,-0.1432624,0.1432624,,,0.0,0.0,-0.05138816,0.05138816,0.08716798,-0.08716798,-0.05138816,0.05138816,-0.105035484,0.105035484,0.0,0.0,0.0,0.0,0.0,0.0,0.0,0.0,0.0,0.0,0.0,0.0,0.0,0.0,0.0,0.0,0.0,0.0,0.0,0.0,0.0,0.0,0.0,0.0,0.0,0.0,0.0,0.0,0.0,0.0,0.0,0.0,1.0,0.0,0.0,0.0,0.0,0.0,0.0,0.0,0.0,0.0,0.0,0.0,0.0,0.0,1.0,0.0,0.0,0.0,0.0,,,,,,,00-0032972,D.Booker,3.0,,,,,,,,,,,,,,,,,,,,,,,,,,,,,,,,,,,,,,,,,,,,,,,,,00-0030503,A.Okafor,KC,00-0032387,J.Reed,KC,,,,,,,0.0,,,,,,,,,,,,,,,,,,,,,,,,,,,,,,,,0.0,,,,,0.0,,,0.0,0.0,0.0,0.0,,,2021,,,39.0,0.0,Punt,2667.0,"11/1/21, 20:15:34",2021-11-02T02:13:04Z,GEHA Field at Arrowhead Stadium,"Temp: 39° F, Humidity: 86%, Wind: Northeast 3 mph",c59968af-b37c-11eb-ba8a-ecb6fe06b3b0,0,0.0,RUSH,0.0,,,,15.0,Punt,2021-11-02T02:12:30Z,4.0,2:05,1.0,0.0,0.0,3.0,3.0,0.0,PUNT,PUNT,09:38,07:33,NYG 18,NYG 47,2643.0,2734.0,17,20,Home,3,37,10.5,53.0,0,outdoors,grass ,39.0,4.0,Andy Reid,Joe Judge,KAN00,GEHA Field at Arrowhead Stadium,0.0,0.0,,,D.Booker,28.0,,,0.0,1.0,0.0,0.0,1.0,,00-0032972,,D.Booker,28.0,00-0032972,D.Booker,00-0032972,D.Booker,00-0032972,0.0,1.0,-0.14971566,,,,,,0.48569137,-48.569138,2021_08_NYG_KC,NYG,SINGLEBACK,"1 RB, 2 TE, 2 WR",6.0,"4 DL, 3 LB, 4 DB",,43425;37090;52546;44835;46757;47846;42406;53449;46090;43338;47789;43695;53487;40017;47954;40051;46103;47959;52471;52792;46521;52507,00-0032972;00-0027955;00-0033881;00-0036913;00-0034762;00-0035710;00-0032575;00-0035535;00-0034346;00-0034988;00-0036392,00-0036374;00-0034573;00-0035625;00-0032210;00-0032387;00-0036621;00-0030459;00-0030503;00-0036362;00-0035890;00-0034296,11.0,11.0,,,,,,,,,,,,,41.0
2688.0,2021_08_NYG_KC,2021110100,KC,NYG,REG,8,NYG,away,KC,NYG,57.0,2021-11-01,502.0,1402.0,1402.0,Half2,0.0,15.0,0.0,3.0,2.0,0,08:22,NYG 43,7.0,29.0,"(8:22) (No Huddle, Shotgun) 8-D.Jones pass short right to 89-K.Toney to NYG 47 for 4 yards (35-C.Ward).",pass,4.0,1.0,1.0,1.0,0.0,0.0,0.0,short,right,2.0,2.0,,,,,,,3.0,3.0,0.0,,,,,3.0,3.0,14.0,10.0,10.0,14.0,-4.0,10.0,14.0,-4.0,0.011933492,0.117014706,0.0017986705,0.21750578,0.25464627,0.0046603847,0.39244077,0.0,0.0,1.643163,-0.18485159,1.7821473,-1.7821473,6.679889,-6.679889,-7.3239937,7.3239937,-0.5966636,0.41181204,-0.5966636,0.41181204,-0.076987356,0.076987356,-0.042794056,0.042794056,15.186015,-15.186015,-22.915485,22.915485,0.36714968,0.6328503,0.6328503,0.36714968,-0.025063515,-0.0059069097,0.0059069097,0.6579138,0.34208617,0.20191225,0.7980877,0.06602189,-0.06602189,-0.11819889,0.11819889,0.0,-0.025063515,0.0,-0.025063515,-0.05138816,0.05138816,0.11223149,-0.11223149,-0.05138816,0.05138816,-0.07997197,0.07997197,0.0,0.0,0.0,0.0,0.0,0.0,0.0,0.0,0.0,0.0,0.0,0.0,0.0,0.0,0.0,0.0,0.0,0.0,0.0,0.0,0.0,0.0,0.0,0.0,1.0,0.0,0.0,0.0,0.0,0.0,0.0,0.0,0.0,1.0,0.0,0.0,0.0,0.0,0.0,0.0,0.0,0.0,0.0,0.0,0.0,1.0,0.0,0.0,0.0,0.0,0.0,00-0035710,D.Jones,4.0,00-0036913,K.Toney,4.0,,,,,,,,,,,,,,,,,,,,,,,,,,,,,,,,,,,,,,,,,,,,,,KC,,00-0034573,,C.Ward,,,,,,,,,,,,,,0.0,,,,,,,,,,,,,,,,,,,,,,,,,,,,,,,,0.0,,,,,0.0,,,0.0,0.0,0.0,0.0,,,2021,0.7920011,20.799887,39.0,0.0,Punt,2688.0,"11/1/21, 20:15:34",2021-11-02T02:13:46Z,GEHA Field at Arrowhead Stadium,"Temp: 39° F, Humidity: 86%, Wind: Northeast 3 mph",c59968af-b37c-11eb-ba8a-ecb6fe06b3b0,0,0.0,PASS,0.0,,,,15.0,Punt,2021-11-02T02:12:30Z,4.0,2:05,1.0,0.0,0.0,3.0,3.0,0.0,PUNT,PUNT,09:38,07:33,NYG 18,NYG 47,2643.0,2734.0,17,20,Home,3,37,10.5,53.0,0,outdoors,grass ,39.0,4.0,Andy Reid,Joe Judge,KAN00,GEHA Field at Arrowhead Stadium,0.0,0.0,D.Jones,8.0,,,K.Toney,89.0,1.0,0.0,0.0,0.0,1.0,00-0035710,,00-0036913,D.Jones,8.0,00-0035710,K.Toney,00-0036913,K.Toney,00-0036913,0.0,1.0,-0.18485159,1.0164078,5.2311144,4.0,0.6073097,0.40729743,0.68698585,31.301414,2021_08_NYG_KC,NYG,SHOTGUN,"1 RB, 1 TE, 3 WR",5.0,"4 DL, 2 LB, 5 DB",5.0,43425;37090;52546;44835;46757;47846;42406;53449;46090;43338;47789;43695;53487;47984;40017;47954;40051;44821;46103;52471;52792;52507,00-0032972;00-0027955;00-0033881;00-0036913;00-0034762;00-0035710;00-0032575;00-0035535;00-0033460;00-0034346;00-0036392,00-0036374;00-0034573;00-0035625;00-0032210;00-0032387;00-0036621;00-0035147;00-0030459;00-0030503;00-0036362;00-0035890,11.0,11.0,3.33,1.969,False,SLANT,ZONE_COVERAGE,COVER_4,,,,,,,38.0
2712.0,2021_08_NYG_KC,2021110100,KC,NYG,REG,8,NYG,away,KC,NYG,53.0,2021-11-01,464.0,1364.0,1364.0,Half2,0.0,15.0,0.0,3.0,3.0,0,07:44,NYG 47,3.0,29.0,"(7:44) (No Huddle, Shotgun) 8-D.Jones pass incomplete short right to 89-K.Toney.",pass,0.0,1.0,1.0,1.0,0.0,0.0,0.0,short,right,6.0,,,,,,,,3.0,3.0,0.0,,,,,3.0,3.0,14.0,10.0,10.0,14.0,-4.0,10.0,14.0,-4.0,0.013156823,0.12590663,0.0016523851,0.22687086,0.2438511,0.0048112217,0.38375092,0.0,0.0,1.4583114,-1.7713364,3.5534837,-3.5534837,6.679889,-6.679889,-5.552657,5.552657,1.310371,-3.0817075,0.0,0.0,-0.076987356,0.076987356,-0.042794056,0.042794056,13.875644,-13.875644,-19.833778,19.833778,0.34208617,0.6579138,0.6579138,0.34208617,-0.04010424,-0.022590265,0.022590265,0.6980181,0.30198193,0.19600534,0.80399466,0.06602189,-0.06602189,-0.07809465,0.07809465,0.0,-0.04010424,0.0,0.0,-0.05138816,0.05138816,0.11223149,-0.11223149,-0.05138816,0.05138816,-0.03986773,0.03986773,0.0,0.0,0.0,0.0,0.0,1.0,0.0,0.0,1.0,0.0,0.0,0.0,0.0,0.0,0.0,0.0,0.0,0.0,0.0,0.0,0.0,0.0,0.0,0.0,0.0,0.0,0.0,0.0,0.0,0.0,0.0,0.0,0.0,1.0,0.0,0.0,0.0,0.0,0.0,0.0,0.0,0.0,0.0,0.0,0.0,0.0,0.0,0.0,0.0,0.0,0.0,00-0035710,D.Jones,,00-0036913,K.Toney,,,,,,,,,,,,,,,,,,,,,,,,,,,,,,,,,,,,,,,,,,,,,,,,,,,,,,,,,,,,,,,,,0.0,,,,,,,,,,,,,,,,,,,,,,,,,,,,,,,,0.0,,,,,0.0,,,0.0,0.0,0.0,0.0,,,2021,0.67899674,-67.89967,39.0,0.0,Punt,2712.0,"11/1/21, 20:15:34",2021-11-02T02:14:23Z,GEHA Field at Arrowhead Stadium,"Temp: 39° F, Humidity: 86%, Wind: Northeast 3 mph",c59968af-b37c-11eb-ba8a-ecb6fe06b3b0,0,0.0,PASS,0.0,,,,15.0,Punt,2021-11-02T02:12:30Z,4.0,2:05,1.0,0.0,0.0,3.0,3.0,0.0,PUNT,PUNT,09:38,07:33,NYG 18,NYG 47,2643.0,2734.0,17,20,Home,3,37,10.5,53.0,0,outdoors,grass ,39.0,4.0,Andy Reid,Joe Judge,KAN00,GEHA Field at Arrowhead Stadium,0.0,0.0,D.Jones,8.0,,,K.Toney,89.0,1.0,0.0,0.0,0.0,1.0,00-0035710,,00-0036913,D.Jones,8.0,00-0035710,K.Toney,00-0036913,K.Toney,00-0036913,0.0,1.0,-1.7713364,0.2126576,3.5196579,1.0,0.99910855,0.99910855,0.8947881,10.521192,2021_08_NYG_KC,NYG,SHOTGUN,"1 RB, 1 TE, 3 WR",6.0,"4 DL, 2 LB, 5 DB",4.0,43425;37090;52546;44835;46757;47846;42406;53449;46090;43338;47789;43695;53487;47984;40017;47954;40051;46103;52471;52792;52507;52573,00-0032972;00-0027955;00-0033881;00-0036913;00-0034762;00-0035710;00-0032575;00-0035535;00-0034346;00-0036392;00-0036254,00-0036374;00-0034573;00-0035625;00-0032210;00-0032387;00-0036621;00-0035147;00-0030459;00-0030503;00-0036362;00-0035890,11.0,11.0,5.89,2.002,False,SLANT,MAN_COVERAGE,COVER_1,,,,,,,4.0
2734.0,2021_08_NYG_KC,2021110100,KC,NYG,REG,8,NYG,away,KC,NYG,53.0,2021-11-01,460.0,1360.0,1360.0,Half2,0.0,15.0,0.0,3.0,4.0,0,07:40,NYG 47,3.0,29.0,"(7:40) 9-R.Dixon punts 34 yards to KC 19, Center-58-C.Kreiter, out of bounds.",punt,0.0,0.0,0.0,0.0,0.0,0.0,0.0,,,,,,,,34.0,,,3.0,3.0,0.0,,,,,3.0,3.0,14.0,10.0,10.0,14.0,-4.0,10.0,14.0,-4.0,0.014921137,0.17921974,0.002212573,0.32926366,0.18668063,0.008010513,0.27969173,0.0,0.0,-0.31302497,-0.5430693,4.096553,-4.096553,6.679889,-6.679889,-5.552657,5.552657,,,0.0,0.0,-0.076987356,0.076987356,-0.042794056,0.042794056,13.875644,-13.875644,-19.833778,19.833778,0.30198193,0.6980181,0.6980181,0.30198193,-0.015751898,-0.0070177466,0.0070177466,0.71377,0.28623003,0.17341508,0.82658494,0.06602189,-0.06602189,-0.07809465,0.07809465,,,0.0,0.0,-0.05138816,0.05138816,0.11223149,-0.11223149,-0.05138816,0.05138816,-0.03986773,0.03986773,0.0,0.0,0.0,0.0,0.0,0.0,0.0,0.0,0.0,0.0,0.0,1.0,0.0,1.0,0.0,0.0,0.0,0.0,0.0,0.0,0.0,0.0,0.0,0.0,0.0,0.0,0.0,0.0,0.0,0.0,0.0,0.0,0.0,0.0,0.0,0.0,0.0,0.0,0.0,0.0,0.0,0.0,0.0,1.0,0.0,0.0,0.0,0.0,0.0,0.0,0.0,,,,,,,,,,,,,,,,,,,,,,,,,,,,,,00-0032943,R.Dixon,,,,,,,,,,,,,,,,,,,,,,,,,,,,,,,,,,,,,,,0.0,,,,,,,,,,,,,,,,,,,,,,,,,,,,,,,KC,0.0,,,,,0.0,,,0.0,0.0,0.0,0.0,,,2021,,,39.0,0.0,Punt,2734.0,"11/1/21, 20:15:34",2021-11-02T02:15:03Z,GEHA Field at Arrowhead Stadium,"Temp: 39° F, Humidity: 86%, Wind: Northeast 3 mph",c59968af-b37c-11eb-ba8a-ecb6fe06b3b0,0,0.0,PUNT,1.0,,,,15.0,Punt,2021-11-02T02:12:30Z,4.0,2:05,1.0,0.0,0.0,3.0,3.0,0.0,PUNT,PUNT,09:38,07:33,NYG 18,NYG 47,2643.0,2734.0,17,20,Home,3,37,10.5,53.0,0,outdoors,grass ,39.0,4.0,Andy Reid,Joe Judge,KAN00,GEHA Field at Arrowhead Stadium,0.0,0.0,,,,,,,0.0,0.0,0.0,1.0,0.0,,,,,,,,,,,0.0,1.0,-0.5430693,,,,,,,,2021_08_NYG_KC,NYG,,,,,,43330;52546;48003;48259;41797;46407;46312;43880;52591;46193;47891;46772;47959;53591;52471;45369;46169;53625;46522;43517;41502;47839,00-0033058;00-0035304;00-0030957;00-0034435;00-0032813;00-0036400;00-0034974;00-0034588;00-0034988;00-0036569;00-0032943,00-0036374;00-0035157;00-0034145;00-0034680;00-0036637;00-0036362;00-0033481;00-0034781;00-0034297;00-0030665;00-0035140,11.0,11.0,,,,,,,,,,,,,7.0
2761.0,2021_08_NYG_KC,2021110100,KC,NYG,REG,8,KC,home,NYG,KC,81.0,2021-11-01,453.0,1353.0,1353.0,Half2,0.0,16.0,0.0,3.0,1.0,0,07:33,KC 19,10.0,51.0,(7:33) (Shotgun) 15-P.Mahomes pass incomplete deep middle to 10-T.Hill (22-A.Jackson).,pass,0.0,1.0,0.0,1.0,0.0,0.0,0.0,deep,middle,54.0,,,,,,,,3.0,3.0,0.0,,,,,3.0,3.0,14.0,10.0,14.0,10.0,4.0,14.0,10.0,4.0,0.015876368,0.15673228,0.0022977022,0.26072422,0.1945549,0.0032820946,0.36653244,0.0,0.0,0.85609424,-0.602461,3.494092,-3.494092,6.679889,-6.679889,-6.1551185,6.1551185,3.552539,-4.155,0.0,0.0,-0.076987356,0.076987356,-0.042794056,0.042794056,17.428183,-17.428183,-23.988777,23.988777,0.71377,0.28623003,0.71377,0.28623003,-0.0131441355,-0.010304987,-0.010304987,0.70062584,0.29937416,0.83360267,0.83360267,0.06602189,-0.06602189,-0.09123878,0.09123878,0.0,-0.0131441355,0.0,0.0,-0.05138816,0.05138816,0.11223149,-0.11223149,-0.05138816,0.05138816,-0.053011864,0.053011864,0.0,0.0,0.0,0.0,0.0,0.0,0.0,0.0,1.0,0.0,0.0,0.0,0.0,0.0,0.0,0.0,0.0,0.0,0.0,0.0,0.0,0.0,0.0,0.0,0.0,0.0,0.0,0.0,0.0,0.0,0.0,0.0,0.0,1.0,0.0,0.0,0.0,0.0,0.0,0.0,0.0,0.0,0.0,0.0,0.0,0.0,0.0,0.0,0.0,0.0,0.0,00-0033873,P.Mahomes,,00-0033040,T.Hill,,,,,,,,,,,,,,,,,,,,,,,,,,,,,,,,,,,,,,,,,,,,,,,,,,,,,,,,,,,,,,,,,0.0,,,,,,,00-0033878,A.Jackson,,,,,,,,,,,,,,,,,,,,,,,,0.0,,,,,0.0,,,0.0,0.0,0.0,0.0,,,2021,0.27504513,-27.504513,40.0,1.0,First down,2761.0,"11/1/21, 20:15:34",2021-11-02T02:18:00Z,GEHA Field at Arrowhead Stadium,"Temp: 39° F, Humidity: 86%, Wind: Northeast 3 mph",c59968af-b37c-11eb-ba8a-ecb6fe06b3b0,0,0.0,PASS,0.0,,,,16.0,Turnover,2021-11-02T02:18:00Z,8.0,4:06,4.0,0.0,0.0,3.0,3.0,-10.0,PUNT,FUMBLE,07:33,03:27,KC 19,NYG 38,2761.0,2976.0,17,20,Home,3,37,10.5,53.0,0,outdoors,grass ,39.0,4.0,Andy Reid,Joe Judge,KAN00,GEHA Field at Arrowhead Stadium,0.0,0.0,P.Mahomes,15.0,,,T.Hill,10.0,1.0,0.0,0.0,0.0,1.0,00-0033873,,00-0033040,P.Mahomes,15.0,00-0033873,T.Hill,00-0033040,T.Hill,00-0033040,0.0,1.0,-0.602461,0.6142903,7.819878,4.0,1.0,1.0,0.49022508,50.977493,2021_08_NYG_KC,KC,SHOTGUN,"1 RB, 2 TE, 2 WR",6.0,"3 DL, 3 LB, 5 DB",3.0,43332;43367;53479;46152;40011;42349;42386;47891;53492;44822;43351;52663;53655;47800;52504;52444;42460;46526;43454;44830;47839;40031,00-0032391;00-0034752;00-0030506;00-0036623;00-0033873;00-0036660;00-0036367;00-0032062;00-0034301;00-0033040;00-0035140,00-0032763;00-0036552;00-0031933;00-0031553;00-0034974;00-0032890;00-0036167;00-0035683;00-0036388;00-0033878;00-0030411,11.0,11.0,51.17,3.837,False,POST,ZONE_COVERAGE,COVER_3,,,,,,,8.0
2783.0,2021_08_NYG_KC,2021110100,KC,NYG,REG,8,KC,home,NYG,KC,81.0,2021-11-01,445.0,1345.0,1345.0,Half2,0.0,16.0,0.0,3.0,2.0,0,07:25,KC 19,10.0,51.0,(7:25) (Shotgun) 15-P.Mahomes pass short right to 31-Da.Williams to KC 30 for 11 yards (24-J.Bradberry).,pass,11.0,1.0,0.0,1.0,0.0,0.0,0.0,short,right,-6.0,17.0,,,,,,,3.0,3.0,0.0,,,,,3.0,3.0,14.0,10.0,14.0,10.0,4.0,14.0,10.0,4.0,0.015786815,0.17555588,0.0023638762,0.29475266,0.17951633,0.0028845335,0.3291399,0.0,0.0,0.25363326,1.4779919,4.972084,-4.972084,6.679889,-6.679889,-4.6771264,4.6771264,-1.591009,3.069001,-1.591009,3.069001,-1.6679964,1.6679964,3.026207,-3.026207,15.837174,-15.837174,-20.919777,20.919777,0.70062584,0.29937416,0.70062584,0.29937416,0.028842151,0.016523898,0.016523898,0.729468,0.270532,0.8232977,0.8232977,0.06602189,-0.06602189,-0.06239663,0.06239663,0.0,0.028842151,0.0,0.028842151,-0.05138816,0.05138816,0.14107364,-0.14107364,-0.05138816,0.05138816,-0.024169713,0.024169713,0.0,0.0,1.0,0.0,0.0,0.0,0.0,0.0,0.0,0.0,0.0,0.0,0.0,0.0,0.0,0.0,0.0,0.0,0.0,0.0,0.0,0.0,0.0,0.0,1.0,0.0,0.0,0.0,0.0,0.0,0.0,0.0,0.0,1.0,0.0,0.0,0.0,0.0,0.0,0.0,0.0,0.0,0.0,0.0,0.0,1.0,0.0,0.0,0.0,0.0,0.0,00-0033873,P.Mahomes,11.0,00-0034301,Da.Williams,11.0,,,,,,,,,,,,,,,,,,,,,,,,,,,,,,,,,,,,,,,,,,,,,,NYG,,00-0032890,,J.Bradberry,,,,,,,,,,,,,,0.0,,,,,,,,,,,,,,,,,,,,,,,,,,,,,,,,0.0,,,,,0.0,,,0.0,0.0,0.0,0.0,,,2021,0.87770754,12.229246,40.0,1.0,First down,2783.0,"11/1/21, 20:15:34",2021-11-02T02:18:43Z,GEHA Field at Arrowhead Stadium,"Temp: 39° F, Humidity: 86%, Wind: Northeast 3 mph",c59968af-b37c-11eb-ba8a-ecb6fe06b3b0,0,0.0,PASS,0.0,,,,16.0,Turnover,2021-11-02T02:18:00Z,8.0,4:06,4.0,0.0,0.0,3.0,3.0,-10.0,PUNT,FUMBLE,07:33,03:27,KC 19,NYG 38,2761.0,2976.0,17,20,Home,3,37,10.5,53.0,0,outdoors,grass ,39.0,4.0,Andy Reid,Joe Judge,KAN00,GEHA Field at Arrowhead Stadium,0.0,1.0,P.Mahomes,15.0,,,Da.Williams,31.0,1.0,0.0,1.0,0.0,1.0,00-0033873,,00-0034301,P.Mahomes,15.0,00-0033873,Da.Williams,00-0034301,Da.Williams,00-0034301,0.0,1.0,1.4779919,1.5376861,11.081478,10.0,0.40589193,0.19432952,0.61651766,38.348232,2021_08_NYG_KC,KC,SHOTGUN,"1 RB, 1 TE, 3 WR",6.0,"2 DL, 3 LB, 6 DB",5.0,47878;52518;43367;53479;46152;40011;42349;47891;53492;44822;43415;43351;53655;52663;47800;52504;46522;52444;44830;46526;40031;47839,00-0032391;00-0034752;00-0030506;00-0036623;00-0033873;00-0032775;00-0036660;00-0036367;00-0034297;00-0034301;00-0035140,00-0035708;00-0036394;00-0036552;00-0031933;00-0034974;00-0032890;00-0036167;00-0035683;00-0036388;00-0033878;00-0030411,11.0,11.0,-5.7,1.969,False,FLAT,MAN_COVERAGE,COVER_1,,,,,,,41.0
2807.0,2021_08_NYG_KC,2021110100,KC,NYG,REG,8,KC,home,NYG,KC,70.0,2021-11-01,404.0,1304.0,1304.0,Half2,0.0,16.0,0.0,3.0,1.0,0,06:44,KC 30,10.0,51.0,(6:44) (Shotgun) 15-P.Mahomes pass short middle to 17-M.Hardman pushed ob at KC 42 for 12 yards (23-L.Ryan).,pass,12.0,1.0,0.0,1.0,0.0,0.0,0.0,short,middle,-4.0,16.0,,,,,,,3.0,3.0,0.0,,,,,3.0,3.0,14.0,10.0,14.0,10.0,4.0,14.0,10.0,4.0,0.016873753,0.12549596,0.0019389061,0.21533181,0.21234383,0.0027656169,0.4252501,0.0,0.0,1.7316252,0.7343151,5.706399,-5.706399,6.679889,-6.679889,-3.9428113,3.9428113,-1.2109991,1.9453143,-1.2109991,1.9453143,-2.8789957,2.8789957,4.9715214,-4.9715214,14.626175,-14.626175,-18.974463,18.974463,0.729468,0.270532,0.729468,0.270532,0.02239126,0.026113927,0.026113927,0.75185925,0.24814075,0.8398216,0.8398216,0.06602189,-0.06602189,-0.04000537,0.04000537,0.0,0.02239126,0.0,0.02239126,-0.05138816,0.05138816,0.1634649,-0.1634649,-0.05138816,0.05138816,-0.0017784536,0.0017784536,0.0,0.0,1.0,0.0,0.0,0.0,0.0,0.0,0.0,0.0,0.0,0.0,0.0,0.0,0.0,0.0,0.0,0.0,0.0,0.0,0.0,0.0,0.0,0.0,1.0,0.0,0.0,0.0,0.0,0.0,0.0,0.0,0.0,1.0,0.0,0.0,0.0,0.0,0.0,0.0,0.0,0.0,0.0,0.0,0.0,1.0,0.0,0.0,0.0,0.0,0.0,00-0033873,P.Mahomes,12.0,00-0035140,M.Hardman,12.0,,,,,,,,,,,,,,,,,,,,,,,,,,,,,,,,,,,,,,,,,,,,,,NYG,,00-0030411,,L.Ryan,,,,,,,,,,,,,,0.0,,,,,,,,,,,,,,,,,,,,,,,,,,,,,,,,0.0,,,,,0.0,,,0.0,0.0,0.0,0.0,,,2021,0.83355415,16.644585,41.0,1.0,First down,2807.0,"11/1/21, 20:15:34",2021-11-02T02:19:24Z,GEHA Field at Arrowhead Stadium,"Temp: 39° F, Humidity: 86%, Wind: Northeast 3 mph",c59968af-b37c-11eb-ba8a-ecb6fe06b3b0,0,0.0,PASS,0.0,,,,16.0,Turnover,2021-11-02T02:18:00Z,8.0,4:06,4.0,0.0,0.0,3.0,3.0,-10.0,PUNT,FUMBLE,07:33,03:27,KC 19,NYG 38,2761.0,2976.0,17,20,Home,3,37,10.5,53.0,0,outdoors,grass ,39.0,4.0,Andy Reid,Joe Judge,KAN00,GEHA Field at Arrowhead Stadium,0.0,1.0,P.Mahomes,15.0,,,M.Hardman,17.0,1.0,0.0,1.0,0.0,1.0,00-0033873,,00-0035140,P.Mahomes,15.0,00-0033873,M.Hardman,00-0035140,M.Hardman,00-0035140,1.0,1.0,0.7343151,1.332348,10.760521,9.0,0.47609043,0.26057008,0.4801244,51.98756,2021_08_NYG_KC,KC,SHOTGUN,"1 RB, 1 TE, 3 WR",6.0,"3 DL, 3 LB, 5 DB",5.0,43332;43367;53479;46152;40011;42349;42386;47891;53492;44822;43351;53655;52663;47800;52504;52444;46526;43454;44830;39646;47839;40031,00-0032391;00-0034752;00-0030506;00-0036623;00-0033873;00-0036660;00-0036367;00-0034301;00-0033040;00-0029664;00-0035140,00-0032763;00-0036552;00-0031933;00-0031553;00-0034974;00-0032890;00-0036167;00-0035683;00-0036388;00-0033878;00-0030411,11.0,11.0,-3.8,0.667,False,CROSS,ZONE_COVERAGE,COVER_3,,,,,,,30.0
2836.0,2021_08_NYG_KC,2021110100,KC,NYG,REG,8,KC,home,NYG,KC,58.0,2021-11-01,374.0,1274.0,1274.0,Half2,0.0,16.0,0.0,3.0,1.0,0,06:14,KC 42,10.0,51.0,(6:14) (Shotgun) 15-P.Mahomes pass short left to 17-M.Hardman to NYG 49 for 9 yards (29-X.McKinney).,pass,9.0,1.0,0.0,1.0,0.0,0.0,0.0,short,left,-4.0,13.0,,,,,,,3.0,3.0,0.0,,,,,3.0,3.0,14.0,10.0,14.0,10.0,4.0,14.0,10.0,4.0,0.016217148,0.09893997,0.0016180644,0.17259696,0.24511304,0.003953545,0.46156126,0.0,0.0,2.4659402,0.7962834,6.502682,-6.502682,6.679889,-6.679889,-3.1465278,3.1465278,-1.082439,1.8787223,-1.082439,1.8787223,-3.9614344,3.9614344,6.8502436,-6.8502436,13.543736,-13.543736,-17.095741,17.095741,0.75185925,0.24814075,0.75185925,0.24814075,0.026598096,0.005640805,0.005640805,0.77845734,0.22154266,0.8659355,0.8659355,0.06602189,-0.06602189,-0.013407275,0.013407275,0.0,0.026598096,0.0,0.026598096,-0.05138816,0.05138816,0.190063,-0.190063,-0.05138816,0.05138816,0.024819642,-0.024819642,0.0,0.0,0.0,0.0,0.0,0.0,0.0,0.0,0.0,0.0,0.0,0.0,0.0,0.0,0.0,0.0,0.0,0.0,0.0,0.0,0.0,0.0,0.0,0.0,1.0,0.0,0.0,0.0,0.0,0.0,0.0,0.0,0.0,1.0,0.0,0.0,0.0,0.0,0.0,0.0,0.0,0.0,0.0,0.0,0.0,1.0,0.0,0.0,0.0,0.0,0.0,00-0033873,P.Mahomes,9.0,00-0035140,M.Hardman,9.0,,,,,,,,,,,,,,,,,,,,,,,,,,,,,,,,,,,,,,,,,,,,,,NYG,,00-0036388,,X.McKinney,,,,,,,,,,,,,,0.0,,,,,,,,,,,,,,,,,,,,,,,,,,,,,,,,0.0,,,,,0.0,,,0.0,0.0,0.0,0.0,,,2021,0.8784201,12.157989,42.0,1.0,First down,2836.0,"11/1/21, 20:15:34",2021-11-02T02:19:59Z,GEHA Field at Arrowhead Stadium,"Temp: 39° F, Humidity: 86%, Wind: Northeast 3 mph",c59968af-b37c-11eb-ba8a-ecb6fe06b3b0,0,0.0,PASS,0.0,,,,16.0,Turnover,2021-11-02T02:18:00Z,8.0,4:06,4.0,0.0,0.0,3.0,3.0,-10.0,PUNT,FUMBLE,07:33,03:27,KC 19,NYG 38,2761.0,2976.0,17,20,Home,3,37,10.5,53.0,0,outdoors,grass ,39.0,4.0,Andy Reid,Joe Judge,KAN00,GEHA Field at Arrowhead Stadium,0.0,1.0,P.Mahomes,15.0,,,M.Hardman,17.0,1.0,0.0,0.0,0.0,1.0,00-0033873,,00-0035140,P.Mahomes,15.0,00-0033873,M.Hardman,00-0035140,M.Hardman,00-0035140,0.0,1.0,0.7962834,1.2258252,10.500753,9.0,0.53476804,0.2507927,0.47026774,52.973225,2021_08_NYG_KC,KC,SHOTGUN,"1 RB, 2 TE, 2 WR",6.0,"3 DL, 3 LB, 5 DB",2.0,43332;43367;53479;46152;42349;42386;47891;53492;44822;43351;52663;53591;53655;47800;52504;52444;42460;46526;43454;44830;47839;40031,00-0032391;00-0034752;00-0036623;00-0033873;00-0036637;00-0036660;00-0036367;00-0032062;00-0034301;00-0033040;00-0035140,00-0032763;00-0036552;00-0031933;00-0031553;00-0034974;00-0032890;00-0036167;00-0035683;00-0036388;00-0033878;00-0030411,11.0,11.0,-6.01,1.435,False,CROSS,ZONE_COVERAGE,COVER_2,,,,,,,38.0
2860.0,2021_08_NYG_KC,2021110100,KC,NYG,REG,8,KC,home,NYG,NYG,49.0,2021-11-01,336.0,1236.0,1236.0,Half2,0.0,16.0,0.0,3.0,2.0,0,05:36,NYG 49,1.0,51.0,(5:36) (Shotgun) 31-Da.Williams up the middle to NYG 46 for 3 yards (53-O.Ximines; 48-T.Crowder).,run,3.0,1.0,0.0,0.0,0.0,0.0,0.0,,,,,middle,,,,,,3.0,3.0,0.0,,,,,3.0,3.0,14.0,10.0,14.0,10.0,4.0,14.0,10.0,4.0,0.013440891,0.08111723,0.0012466757,0.12564947,0.26101556,0.0036285976,0.5139016,0.0,0.0,3.2622237,-0.05572109,6.4469614,-6.4469614,6.6241684,-6.6241684,-3.1465278,3.1465278,,,0.0,0.0,-3.9614344,3.9614344,6.8502436,-6.8502436,13.543736,-13.543736,-17.095741,17.095741,0.77845734,0.22154266,0.77845734,0.22154266,-0.013246715,0.004468262,0.004468262,0.7652106,0.23478937,0.8715763,0.8715763,0.052775178,-0.052775178,-0.013407275,0.013407275,,,0.0,0.0,-0.05138816,0.05138816,0.190063,-0.190063,-0.05138816,0.05138816,0.024819642,-0.024819642,0.0,1.0,0.0,0.0,0.0,0.0,0.0,0.0,0.0,0.0,0.0,0.0,0.0,0.0,0.0,0.0,0.0,0.0,0.0,0.0,0.0,0.0,0.0,0.0,0.0,0.0,0.0,0.0,0.0,0.0,0.0,0.0,1.0,0.0,0.0,0.0,0.0,0.0,0.0,0.0,0.0,0.0,0.0,0.0,0.0,0.0,1.0,0.0,0.0,0.0,0.0,,,,,,,00-0034301,Da.Williams,3.0,,,,,,,,,,,,,,,,,,,,,,,,,,,,,,,,,,,,,,,,,,,,,,,,,00-0035708,O.Ximines,NYG,00-0036167,T.Crowder,NYG,,,,,,,0.0,,,,,,,,,,,,,,,,,,,,,,,,,,,,,,,,0.0,,,,,0.0,,,0.0,0.0,0.0,0.0,,,2021,,,42.0,1.0,First down,2860.0,"11/1/21, 20:15:34",2021-11-02T02:20:37Z,GEHA Field at Arrowhead Stadium,"Temp: 39° F, Humidity: 86%, Wind: Northeast 3 mph",c59968af-b37c-11eb-ba8a-ecb6fe06b3b0,0,0.0,RUSH,0.0,,,,16.0,Turnover,2021-11-02T02:18:00Z,8.0,4:06,4.0,0.0,0.0,3.0,3.0,-10.0,PUNT,FUMBLE,07:33,03:27,KC 19,NYG 38,2761.0,2976.0,17,20,Home,3,37,10.5,53.0,0,outdoors,grass ,39.0,4.0,Andy Reid,Joe Judge,KAN00,GEHA Field at Arrowhead Stadium,0.0,0.0,,,Da.Williams,31.0,,,0.0,1.0,1.0,0.0,1.0,,00-0034301,,Da.Williams,31.0,00-0034301,Da.Williams,00-0034301,Da.Williams,00-0034301,0.0,1.0,-0.05572109,,,,,,0.20224312,-20.224312,2021_08_NYG_KC,KC,SHOTGUN,"1 RB, 1 TE, 3 WR",6.0,"2 DL, 4 LB, 5 DB",,43332;47878;43367;53479;46152;40011;42386;47891;53492;44822;43415;53655;43351;52663;47800;52504;46522;52444;46526;43454;44830;40031,00-0032391;00-0034752;00-0030506;00-0036623;00-0033873;00-0032775;00-0036660;00-0036367;00-0034297;00-0034301;00-0033040,00-0032763;00-0035708;00-0036552;00-0031553;00-0034974;00-0032890;00-0036167;00-0035683;00-0036388;00-0033878;00-0030411,11.0,11.0,,,,,,,,,,,,,41.0
2881.0,2021_08_NYG_KC,2021110100,KC,NYG,REG,8,KC,home,NYG,NYG,46.0,2021-11-01,295.0,1195.0,1195.0,Half2,0.0,16.0,0.0,3.0,1.0,0,04:55,NYG 46,10.0,51.0,(4:55) (Shotgun) 15-P.Mahomes pass short right to 11-D.Robinson to NYG 28 for 18 yards (29-X.McKinney; 22-A.Jackson).,pass,18.0,1.0,0.0,1.0,0.0,0.0,0.0,short,right,15.0,3.0,,,,,,,3.0,3.0,0.0,,,,,3.0,3.0,14.0,10.0,14.0,10.0,4.0,14.0,10.0,4.0,0.013127395,0.0747754,0.0011486057,0.128546,0.2814776,0.0035919424,0.49733305,0.0,0.0,3.2065027,1.2116803,7.658642,-7.658642,6.6241684,-6.6241684,-1.9348476,1.9348476,0.9020325,0.30964783,0.9020325,0.30964783,-3.059402,3.059402,7.159891,-7.159891,14.445768,-14.445768,-16.786093,16.786093,0.7652106,0.23478937,0.7652106,0.23478937,0.03163588,0.021492839,0.021492839,0.7968465,0.20315349,0.8760446,0.8760446,0.052775178,-0.052775178,0.018228605,-0.018228605,0.0,0.03163588,0.0,0.03163588,-0.05138816,0.05138816,0.22169888,-0.22169888,-0.05138816,0.05138816,0.056455523,-0.056455523,0.0,0.0,1.0,0.0,0.0,0.0,0.0,0.0,0.0,0.0,0.0,0.0,0.0,0.0,0.0,0.0,0.0,0.0,0.0,0.0,0.0,0.0,0.0,0.0,0.0,0.0,0.0,0.0,0.0,0.0,0.0,0.0,0.0,1.0,0.0,0.0,0.0,0.0,0.0,0.0,0.0,0.0,0.0,0.0,0.0,1.0,1.0,0.0,0.0,0.0,0.0,00-0033873,P.Mahomes,18.0,00-0032775,D.Robinson,18.0,,,,,,,,,,,,,,,,,,,,,,,,,,,,,,,,,,,,,,,,,,,,,,,,,,,,00-0036388,X.McKinney,NYG,00-0033878,A.Jackson,NYG,,,,,,,0.0,,,,,,,,,,,,,,,,,,,,,,,,,,,,,,,,0.0,,,,,0.0,,,0.0,0.0,0.0,0.0,,,2021,0.58261865,41.738136,43.0,1.0,First down,2881.0,"11/1/21, 20:15:34",2021-11-02T02:21:17Z,GEHA Field at Arrowhead Stadium,"Temp: 39° F, Humidity: 86%, Wind: Northeast 3 mph",c59968af-b37c-11eb-ba8a-ecb6fe06b3b0,0,0.0,PASS,0.0,,,,16.0,Turnover,2021-11-02T02:18:00Z,8.0,4:06,4.0,0.0,0.0,3.0,3.0,-10.0,PUNT,FUMBLE,07:33,03:27,KC 19,NYG 38,2761.0,2976.0,17,20,Home,3,37,10.5,53.0,0,outdoors,grass ,39.0,4.0,Andy Reid,Joe Judge,KAN00,GEHA Field at Arrowhead Stadium,0.0,1.0,P.Mahomes,15.0,,,D.Robinson,11.0,1.0,0.0,1.0,0.0,1.0,00-0033873,,00-0032775,P.Mahomes,15.0,00-0033873,D.Robinson,00-0032775,D.Robinson,00-0032775,0.0,1.0,1.2116803,0.2608173,3.6233358,1.0,1.0,1.0,0.4709982,52.90018,2021_08_NYG_KC,KC,SHOTGUN,"1 RB, 2 TE, 2 WR",6.0,"3 DL, 4 LB, 4 DB",3.0,43332;47878;43367;53479;46152;40011;42386;53492;53876;44822;43351;43415;53655;52663;47800;52504;45369;52444;42460;44830;46526;40031,00-0032391;00-0034752;00-0030506;00-0036623;00-0033873;00-0032775;00-0036660;00-0036367;00-0033481;00-0032062;00-0034301,00-0032763;00-0035708;00-0036552;00-0031553;00-0036611;00-0032890;00-0036167;00-0035683;00-0036388;00-0033878;00-0030411,11.0,11.0,15.69,3.137,False,HITCH,ZONE_COVERAGE,COVER_4,,,,,,,44.0
2905.0,2021_08_NYG_KC,2021110100,KC,NYG,REG,8,,,,,,2021-11-01,251.0,1151.0,1151.0,Half2,0.0,16.0,0.0,3.0,,0,04:11,NYG 28,0.0,51.0,Timeout #1 by NYG at 04:11.,no_play,0.0,0.0,0.0,0.0,0.0,0.0,0.0,,,,,,,,,,,3.0,2.0,1.0,NYG,,,,,,14.0,10.0,,,,,,,0.0,0.0,0.0,0.0,0.0,0.0,0.0,0.0,0.0,4.418183,0.0,7.658642,-7.658642,6.6241684,-6.6241684,-1.9348476,1.9348476,,,0.0,0.0,-3.059402,3.059402,7.159891,-7.159891,14.445768,-14.445768,-16.786093,16.786093,0.7968465,0.20315349,0.7968465,0.20315349,0.0,0.0,0.0,,,0.8975374,0.8975374,0.052775178,-0.052775178,0.018228605,-0.018228605,,,0.0,0.0,-0.05138816,0.05138816,0.22169888,-0.22169888,-0.05138816,0.05138816,0.056455523,-0.056455523,0.0,0.0,0.0,0.0,0.0,0.0,0.0,0.0,0.0,0.0,0.0,0.0,0.0,0.0,0.0,0.0,0.0,0.0,0.0,0.0,0.0,0.0,0.0,0.0,0.0,0.0,0.0,0.0,0.0,0.0,0.0,0.0,0.0,0.0,0.0,0.0,0.0,0.0,0.0,0.0,0.0,0.0,0.0,0.0,0.0,0.0,0.0,0.0,0.0,0.0,0.0,,,,,,,,,,,,,,,,,,,,,,,,,,,,,,,,,,,,,,,,,,,,,,,,,,,,,,,,,,,,,,,,,,,,,,0.0,,,,,,,,,,,,,,,,,,,,,,,,,,,,,,,,0.0,,,,,0.0,,,0.0,0.0,0.0,0.0,,,2021,,,44.0,0.0,Turnover,2905.0,"11/1/21, 20:15:34",2021-11-02T02:22:16Z,GEHA Field at Arrowhead Stadium,"Temp: 39° F, Humidity: 86%, Wind: Northeast 3 mph",c59968af-b37c-11eb-ba8a-ecb6fe06b3b0,0,0.0,TIMEOUT,0.0,,,,16.0,Turnover,2021-11-02T02:18:00Z,8.0,4:06,4.0,0.0,0.0,3.0,3.0,-10.0,PUNT,FUMBLE,07:33,03:27,KC 19,NYG 38,2761.0,2976.0,17,20,Home,3,37,10.5,53.0,0,outdoors,grass ,39.0,4.0,Andy Reid,Joe Judge,KAN00,GEHA Field at Arrowhead Stadium,0.0,0.0,,,,,,,0.0,0.0,0.0,0.0,0.0,,,,,,,,,,,0.0,1.0,0.0,,,,,,,,2021_08_NYG_KC,,,,,,,,,,0.0,0.0,,,,,,,,,,,,,0.0
2922.0,2021_08_NYG_KC,2021110100,KC,NYG,REG,8,KC,home,NYG,NYG,28.0,2021-11-01,251.0,1151.0,1151.0,Half2,0.0,16.0,0.0,3.0,1.0,0,04:11,NYG 28,10.0,51.0,"(4:11) (Shotgun) 40-D.Gore right end to NYG 16 for 12 yards (20-J.Love). PENALTY on KC-65-T.Smith, Offensive Holding, 10 yards, enforced at NYG 28 - No Play.",no_play,0.0,1.0,0.0,0.0,0.0,0.0,0.0,,,,,,,,,,,3.0,2.0,0.0,,,,,3.0,2.0,14.0,10.0,14.0,10.0,4.0,14.0,10.0,4.0,0.008798946,0.03322867,0.0006131452,0.05419716,0.35494328,0.00077716616,0.5474416,0.0,0.0,4.418183,-1.0652702,6.5933714,-6.5933714,6.6241684,-6.6241684,-1.9348476,1.9348476,,,0.0,0.0,-3.059402,3.059402,7.159891,-7.159891,14.445768,-14.445768,-16.786093,16.786093,0.7968465,0.20315349,0.7968465,0.20315349,-0.009492874,-0.013184905,-0.013184905,,,0.8975374,0.8975374,0.052775178,-0.052775178,0.018228605,-0.018228605,,,0.0,0.0,-0.05138816,0.05138816,0.22169888,-0.22169888,-0.05138816,0.05138816,0.056455523,-0.056455523,0.0,0.0,0.0,0.0,0.0,0.0,0.0,0.0,0.0,0.0,0.0,0.0,0.0,0.0,0.0,0.0,0.0,0.0,0.0,0.0,0.0,0.0,0.0,0.0,0.0,0.0,1.0,0.0,0.0,0.0,0.0,0.0,0.0,0.0,0.0,0.0,0.0,0.0,0.0,0.0,0.0,0.0,0.0,0.0,0.0,0.0,0.0,0.0,0.0,0.0,0.0,,,,,,,,,,,,,,,,,,,,,,,,,,,,,,,,,,,,,,,,,,,,,,,,,,,,,,,,,,,,,,,,,,,,,,0.0,,,,,,,,,,,,,,,,,,,,,,,,,,,,,,,,0.0,KC,00-0036660,T.Smith,10.0,0.0,,Offensive Holding,0.0,0.0,0.0,0.0,,,2021,,,44.0,0.0,Turnover,2922.0,"11/1/21, 20:15:34",2021-11-02T02:22:59Z,GEHA Field at Arrowhead Stadium,"Temp: 39° F, Humidity: 86%, Wind: Northeast 3 mph",c59968af-b37c-11eb-ba8a-ecb6fe06b3b0,0,0.0,PENALTY,0.0,,,,16.0,Turnover,2021-11-02T02:18:00Z,8.0,4:06,4.0,0.0,0.0,3.0,3.0,-10.0,PUNT,FUMBLE,07:33,03:27,KC 19,NYG 38,2761.0,2976.0,17,20,Home,3,37,10.5,53.0,0,outdoors,grass ,39.0,4.0,Andy Reid,Joe Judge,KAN00,GEHA Field at Arrowhead Stadium,0.0,0.0,,,D.Gore,40.0,,,0.0,1.0,0.0,0.0,1.0,,00-0035715,,D.Gore,40.0,00-0035715,,,D.Gore,00-0035715,0.0,1.0,-1.0652702,,,,,,0.43829855,-43.829857,2021_08_NYG_KC,KC,SHOTGUN,"1 RB, 1 TE, 3 WR",6.0,"2 DL, 4 LB, 5 DB",,43332;49476;43367;53479;46152;40011;53645;42349;42386;47891;53492;44822;43351;53655;52663;52504;46522;52444;43454;44830;39646;40031,00-0035715;00-0032391;00-0034752;00-0030506;00-0036623;00-0033873;00-0036660;00-0036367;00-0034297;00-0033040;00-0029664,00-0032763;00-0036552;00-0036845;00-0031933;00-0031553;00-0034974;00-0032890;00-0036167;00-0036388;00-0033878;00-0030411,11.0,11.0,,,,,,,,,,,,,27.0
2954.0,2021_08_NYG_KC,2021110100,KC,NYG,REG,8,KC,home,NYG,NYG,38.0,2021-11-01,224.0,1124.0,1124.0,Half2,0.0,16.0,0.0,3.0,1.0,0,03:44,NYG 38,20.0,51.0,(3:44) (Shotgun) 15-P.Mahomes pass incomplete deep left to 10-T.Hill.,pass,0.0,1.0,0.0,1.0,0.0,0.0,0.0,deep,left,27.0,,,,,,,,3.0,2.0,0.0,,,,,3.0,2.0,14.0,10.0,14.0,10.0,4.0,14.0,10.0,4.0,0.018528255,0.06328507,0.0011346901,0.0975742,0.37284887,0.003378493,0.44325045,0.0,0.0,3.3529127,-0.67515343,5.918218,-5.918218,6.6241684,-6.6241684,-2.6100008,2.6100008,1.925873,-2.6010265,0.0,0.0,-3.059402,3.059402,7.159891,-7.159891,16.371641,-16.371641,-19.38712,19.38712,0.78735363,0.21264637,0.78735363,0.21264637,-0.0120180845,-0.008220732,-0.008220732,0.77533555,0.22466445,0.8843525,0.8843525,0.052775178,-0.052775178,0.0062105204,-0.0062105204,0.0,-0.0120180845,0.0,0.0,-0.05138816,0.05138816,0.22169888,-0.22169888,-0.05138816,0.05138816,0.04443744,-0.04443744,0.0,0.0,0.0,0.0,0.0,0.0,0.0,0.0,1.0,0.0,0.0,0.0,0.0,0.0,0.0,0.0,0.0,0.0,0.0,0.0,0.0,0.0,0.0,0.0,0.0,0.0,0.0,0.0,0.0,0.0,0.0,0.0,0.0,1.0,0.0,0.0,0.0,0.0,0.0,0.0,0.0,0.0,0.0,0.0,0.0,0.0,0.0,0.0,0.0,0.0,0.0,00-0033873,P.Mahomes,,00-0033040,T.Hill,,,,,,,,,,,,,,,,,,,,,,,,,,,,,,,,,,,,,,,,,,,,,,,,,,,,,,,,,,,,,,,,,0.0,,,,,,,,,,,,,,,,,,,,,,,,,,,,,,,,0.0,,,,,0.0,,,0.0,0.0,0.0,0.0,,,2021,0.3586979,-35.86979,44.0,0.0,Turnover,2954.0,"11/1/21, 20:15:34",2021-11-02T02:23:52Z,GEHA Field at Arrowhead Stadium,"Temp: 39° F, Humidity: 86%, Wind: Northeast 3 mph",c59968af-b37c-11eb-ba8a-ecb6fe06b3b0,0,0.0,PASS,0.0,,,,16.0,Turnover,2021-11-02T02:18:00Z,8.0,4:06,4.0,0.0,0.0,3.0,3.0,-10.0,PUNT,FUMBLE,07:33,03:27,KC 19,NYG 38,2761.0,2976.0,17,20,Home,3,37,10.5,53.0,0,outdoors,grass ,39.0,4.0,Andy Reid,Joe Judge,KAN00,GEHA Field at Arrowhead Stadium,0.0,0.0,P.Mahomes,15.0,,,T.Hill,10.0,1.0,0.0,0.0,0.0,1.0,00-0033873,,00-0033040,P.Mahomes,15.0,00-0033873,T.Hill,00-0033040,T.Hill,00-0033040,0.0,1.0,-0.67515343,0.61384195,4.5436034,3.0,1.0,1.0,0.77757937,22.242064,2021_08_NYG_KC,KC,SHOTGUN,"1 RB, 1 TE, 3 WR",6.0,"2 DL, 4 LB, 5 DB",4.0,43332;43367;53479;46152;53645;42349;42386;47891;53492;44822;43351;43415;53655;52663;52504;46522;52444;42460;46526;43454;44830;40031,00-0032391;00-0034752;00-0036623;00-0033873;00-0032775;00-0036660;00-0036367;00-0034297;00-0032062;00-0034301;00-0033040,00-0032763;00-0036552;00-0036845;00-0031933;00-0031553;00-0034974;00-0032890;00-0036167;00-0036388;00-0033878;00-0030411,11.0,11.0,28.16,5.338,False,OUT,ZONE_COVERAGE,COVER_3,,,,,,,8.0
2976.0,2021_08_NYG_KC,2021110100,KC,NYG,REG,8,KC,home,NYG,NYG,38.0,2021-11-01,216.0,1116.0,1116.0,Half2,0.0,16.0,0.0,3.0,2.0,0,03:36,NYG 38,20.0,51.0,"(3:36) (Shotgun) 15-P.Mahomes pass short middle to 87-T.Kelce to NYG 30 for 8 yards (23-L.Ryan). FUMBLES (23-L.Ryan), RECOVERED by NYG-24-J.Bradberry at NYG 30. 24-J.Bradberry ran ob at NYG 43 for 13 yards (67-L.Niang).",pass,8.0,1.0,0.0,1.0,0.0,0.0,0.0,short,middle,8.0,0.0,,,,,,,3.0,2.0,0.0,,,,,3.0,2.0,14.0,10.0,14.0,10.0,4.0,14.0,10.0,4.0,0.024916753,0.08161108,0.0012367137,0.12545733,0.38618827,0.003885259,0.37670457,0.0,0.0,2.6777594,-4.357933,1.5602849,-1.5602849,6.6241684,-6.6241684,-6.967934,6.967934,-4.357933,0.0,-4.357933,0.0,-7.417335,7.417335,7.159891,-7.159891,12.013709,-12.013709,-19.38712,19.38712,0.77533555,0.22466445,0.77533555,0.22466445,-0.13403755,-0.08074537,-0.08074537,0.641298,0.358702,0.8761318,0.8761318,0.052775178,-0.052775178,-0.12782703,0.12782703,-0.13403755,0.0,-0.13403755,0.0,-0.18542571,0.18542571,0.22169888,-0.22169888,-0.18542571,0.18542571,0.04443744,-0.04443744,0.0,0.0,0.0,0.0,0.0,0.0,0.0,0.0,0.0,0.0,0.0,0.0,0.0,0.0,0.0,0.0,0.0,0.0,0.0,0.0,0.0,1.0,0.0,0.0,1.0,0.0,0.0,0.0,1.0,0.0,0.0,0.0,0.0,1.0,0.0,0.0,0.0,0.0,0.0,0.0,0.0,0.0,0.0,0.0,1.0,1.0,0.0,0.0,0.0,0.0,0.0,00-0033873,P.Mahomes,8.0,00-0030506,T.Kelce,8.0,,,,,,,,,,,,,,,,,,,,,,,,,,,,,,,,,,,,,,,,NYG,00-0030411,L.Ryan,,,,NYG,KC,00-0030411,00-0036367,L.Ryan,L.Niang,,,,,,,,,,,,,0.0,,,,,,,,,,,KC,00-0030506,T.Kelce,,,,NYG,13.0,00-0032890,J.Bradberry,,,,,,,,,,,,0.0,,,,,0.0,,,0.0,0.0,0.0,0.0,,,2021,0.76794076,23.205925,44.0,0.0,Turnover,2976.0,"11/1/21, 20:15:34",2021-11-02T02:24:32Z,GEHA Field at Arrowhead Stadium,"Temp: 39° F, Humidity: 86%, Wind: Northeast 3 mph",c59968af-b37c-11eb-ba8a-ecb6fe06b3b0,0,0.0,PASS,0.0,,,,16.0,Turnover,2021-11-02T02:18:00Z,8.0,4:06,4.0,0.0,0.0,3.0,3.0,-10.0,PUNT,FUMBLE,07:33,03:27,KC 19,NYG 38,2761.0,2976.0,17,20,Home,3,37,10.5,53.0,0,outdoors,grass ,39.0,4.0,Andy Reid,Joe Judge,KAN00,GEHA Field at Arrowhead Stadium,0.0,0.0,P.Mahomes,15.0,,,T.Kelce,87.0,1.0,0.0,0.0,0.0,1.0,00-0033873,,00-0030506,P.Mahomes,15.0,00-0033873,T.Kelce,00-0030506,T.Kelce,00-0030506,1.0,1.0,0.05456434,5.137495,4.329772,3.0,0.9826442,0.08291986,0.8721685,12.783152,2021_08_NYG_KC,KC,,"1 RB, 1 TE, 3 WR",5.0,"2 DL, 3 LB, 6 DB",4.0,52518;53479;43367;46152;40011;53645;42349;47891;53492;44822;52663;53655;43351;52504;47800;46522;52444;39646;44830;46526;47839;40031,00-0032391;00-0034752;00-0030506;00-0036623;00-0033873;00-0036660;00-0036367;00-0034297;00-0029664;00-0034301;00-0035140,00-0036394;00-0036552;00-0036845;00-0031933;00-0034974;00-0036167;00-0032890;00-0035683;00-0036388;00-0033878;00-0030411,11.0,11.0,7.75,2.169,False,HITCH,ZONE_COVERAGE,COVER_3,,,,,,,9.0
3016.0,2021_08_NYG_KC,2021110100,KC,NYG,REG,8,NYG,away,KC,NYG,57.0,2021-11-01,207.0,1107.0,1107.0,Half2,0.0,17.0,0.0,3.0,1.0,0,03:27,NYG 43,10.0,57.0,(3:27) 8-D.Jones scrambles up the middle to NYG 48 for 5 yards (54-N.Bolton).,run,5.0,0.0,0.0,1.0,0.0,0.0,1.0,,,,,middle,,,,,,3.0,2.0,0.0,,,,,2.0,3.0,14.0,10.0,10.0,14.0,-4.0,10.0,14.0,-4.0,0.033680562,0.10983243,0.0014154186,0.20706317,0.26304722,0.0043851677,0.380576,0.0,0.0,1.6801738,0.16778062,1.3925042,-1.3925042,6.4563875,-6.4563875,-6.967934,6.967934,,,0.0,0.0,-7.417335,7.417335,7.159891,-7.159891,12.013709,-12.013709,-19.38712,19.38712,0.358702,0.641298,0.641298,0.358702,-0.018588781,-0.0017374307,0.0017374307,0.6598868,0.34011322,0.2046136,0.79538643,0.071363956,-0.071363956,-0.12782703,0.12782703,,,0.0,0.0,-0.18542571,0.18542571,0.22169888,-0.22169888,-0.18542571,0.18542571,0.04443744,-0.04443744,0.0,0.0,0.0,0.0,0.0,0.0,0.0,0.0,0.0,0.0,0.0,0.0,0.0,0.0,0.0,0.0,0.0,0.0,0.0,0.0,0.0,0.0,0.0,0.0,1.0,0.0,0.0,0.0,0.0,0.0,0.0,0.0,1.0,0.0,0.0,0.0,0.0,0.0,0.0,0.0,0.0,0.0,0.0,0.0,0.0,0.0,0.0,0.0,0.0,0.0,0.0,,,,,,,00-0035710,D.Jones,5.0,,,,,,,,,,,,,,,,,,,,,,,,,,,,,,,,,,,,,,,,,,,KC,,00-0036621,,N.Bolton,,,,,,,,,,,,,,0.0,,,,,,,,,,,,,,,,,,,,,,,,,,,,,,,,0.0,,,,,0.0,,,0.0,0.0,0.0,0.0,,,2021,,,45.0,1.0,First down,3016.0,"11/1/21, 20:15:34",2021-11-02T02:27:52Z,GEHA Field at Arrowhead Stadium,"Temp: 39° F, Humidity: 86%, Wind: Northeast 3 mph",c59968af-b37c-11eb-ba8a-ecb6fe06b3b0,0,0.0,RUSH,0.0,,,,17.0,Touchdown,2021-11-02T02:27:52Z,8.0,3:34,5.0,1.0,1.0,3.0,4.0,10.0,FUMBLE,TOUCHDOWN,03:27,14:53,NYG 43,KC 5,3016.0,3285.0,17,20,Home,3,37,10.5,53.0,0,outdoors,grass ,39.0,4.0,Andy Reid,Joe Judge,KAN00,GEHA Field at Arrowhead Stadium,0.0,1.0,D.Jones,8.0,,8.0,,,1.0,0.0,0.0,0.0,1.0,00-0035710,,,D.Jones,8.0,00-0035710,D.Jones,00-0035710,D.Jones,00-0035710,0.0,1.0,0.16778062,,,,,,0.5044076,49.559242,2021_08_NYG_KC,NYG,SINGLEBACK,"1 RB, 2 TE, 2 WR",7.0,"4 DL, 3 LB, 4 DB",4.0,43425;37090;52546;46757;47846;42406;52585;46090;47789;43695;53487;40017;47954;44821;47959;46103;52471;52792;46521;52507;37118;43326,00-0032972;00-0027955;00-0034762;00-0035710;00-0032575;00-0035535;00-0033460;00-0034988;00-0034346;00-0036392;00-0027981,00-0036374;00-0034573;00-0035625;00-0032210;00-0036378;00-0036621;00-0030459;00-0036362;00-0035890;00-0034296;00-0032762,11.0,11.0,,,,,,,,,,,,,37.0
3056.0,2021_08_NYG_KC,2021110100,KC,NYG,REG,8,NYG,away,KC,NYG,52.0,2021-11-01,170.0,1070.0,1070.0,Half2,0.0,17.0,0.0,3.0,2.0,0,02:50,NYG 48,5.0,57.0,"(2:50) (Shotgun) 28-D.Booker left end to KC 48 for 4 yards (50-W.Gay; 38-L.Sneed). PENALTY on KC-95-C.Jones, Defensive Holding, 5 yards, enforced at KC 48.",run,4.0,1.0,0.0,0.0,0.0,0.0,0.0,,,,,left,end,,,,,3.0,2.0,0.0,,,,,2.0,3.0,14.0,10.0,10.0,14.0,-4.0,10.0,14.0,-4.0,0.031717166,0.10519556,0.0012191886,0.1971192,0.27117065,0.0045491913,0.3890291,0.0,0.0,1.8479544,0.7538047,0.63869953,-0.63869953,5.702583,-5.702583,-6.967934,6.967934,,,0.0,0.0,-7.417335,7.417335,7.159891,-7.159891,12.013709,-12.013709,-19.38712,19.38712,0.34011322,0.6598868,0.6598868,0.34011322,0.051620394,0.02384463,-0.02384463,0.60826635,0.39173362,0.20287617,0.79712385,0.019743565,-0.019743565,-0.12782703,0.12782703,,,0.0,0.0,-0.18542571,0.18542571,0.22169888,-0.22169888,-0.18542571,0.18542571,0.04443744,-0.04443744,0.0,0.0,0.0,1.0,0.0,0.0,0.0,0.0,0.0,0.0,0.0,0.0,0.0,0.0,0.0,0.0,0.0,0.0,0.0,0.0,0.0,0.0,0.0,0.0,0.0,0.0,1.0,0.0,0.0,0.0,0.0,0.0,1.0,0.0,0.0,0.0,0.0,0.0,0.0,0.0,0.0,0.0,0.0,0.0,0.0,0.0,1.0,0.0,0.0,0.0,0.0,,,,,,,00-0032972,D.Booker,4.0,,,,,,,,,,,,,,,,,,,,,,,,,,,,,,,,,,,,,,,,,,,,,,,,,00-0036362,W.Gay,KC,00-0036374,L.Sneed,KC,,,,,,,0.0,,,,,,,,,,,,,,,,,,,,,,,,,,,,,,,,0.0,KC,00-0032762,C.Jones,5.0,0.0,,Defensive Holding,0.0,0.0,0.0,0.0,,,2021,,,45.0,1.0,First down,3056.0,"11/1/21, 20:15:34",2021-11-02T02:28:28Z,GEHA Field at Arrowhead Stadium,"Temp: 39° F, Humidity: 86%, Wind: Northeast 3 mph",c59968af-b37c-11eb-ba8a-ecb6fe06b3b0,0,0.0,RUSH,0.0,,,,17.0,Touchdown,2021-11-02T02:27:52Z,8.0,3:34,5.0,1.0,1.0,3.0,4.0,10.0,FUMBLE,TOUCHDOWN,03:27,14:53,NYG 43,KC 5,3016.0,3285.0,17,20,Home,3,37,10.5,53.0,0,outdoors,grass ,39.0,4.0,Andy Reid,Joe Judge,KAN00,GEHA Field at Arrowhead Stadium,0.0,1.0,,,D.Booker,28.0,,,0.0,1.0,1.0,0.0,1.0,,00-0032972,,D.Booker,28.0,00-0032972,D.Booker,00-0032972,D.Booker,00-0032972,0.0,1.0,0.7538047,,,,,,0.53026146,-53.026146,2021_08_NYG_KC,NYG,SHOTGUN,"1 RB, 2 TE, 2 WR",6.0,"4 DL, 3 LB, 4 DB",,43425;37090;52546;44835;46757;47846;42406;52585;46090;47789;43695;53487;40017;47954;46103;47959;52471;52792;46521;52507;52573;43326,00-0032972;00-0027955;00-0033881;00-0034762;00-0035710;00-0032575;00-0035535;00-0034346;00-0034988;00-0036392;00-0036254,00-0036374;00-0034573;00-0035625;00-0032210;00-0036378;00-0036621;00-0030459;00-0036362;00-0035890;00-0034296;00-0032762,11.0,11.0,,,,,,,,,,,,,23.0
3089.0,2021_08_NYG_KC,2021110100,KC,NYG,REG,8,NYG,away,KC,KC,43.0,2021-11-01,147.0,1047.0,1047.0,Half2,0.0,17.0,0.0,3.0,1.0,0,02:27,KC 43,10.0,57.0,(2:27) (Shotgun) 8-D.Jones pass short right to 15-C.Johnson to KC 37 for 6 yards (35-C.Ward).,pass,6.0,1.0,0.0,1.0,0.0,0.0,0.0,short,right,5.0,1.0,,,,,,,3.0,2.0,0.0,,,,,2.0,3.0,14.0,10.0,10.0,14.0,-4.0,10.0,14.0,-4.0,0.029226711,0.08121209,0.0011011205,0.14949052,0.31469905,0.0039918222,0.42027864,0.0,0.0,2.6017592,0.35774118,0.28095835,-0.28095835,5.702583,-5.702583,-7.3256755,7.3256755,0.15199271,0.20574847,0.15199271,0.20574847,-7.569328,7.569328,6.954143,-6.954143,11.861716,-11.861716,-19.592867,19.592867,0.39173362,0.60826635,0.60826635,0.39173362,0.015039623,0.007382959,-0.007382959,0.5932268,0.40677324,0.2267208,0.7732792,0.019743565,-0.019743565,-0.14286666,0.14286666,0.0020746589,0.012964964,0.0020746589,0.012964964,-0.18750037,0.18750037,0.20873392,-0.20873392,-0.18750037,0.18750037,0.031472474,-0.031472474,0.0,0.0,0.0,0.0,0.0,0.0,0.0,0.0,0.0,0.0,0.0,0.0,0.0,0.0,0.0,0.0,0.0,0.0,0.0,0.0,0.0,0.0,0.0,0.0,1.0,0.0,0.0,0.0,0.0,0.0,0.0,0.0,0.0,1.0,0.0,0.0,0.0,0.0,0.0,0.0,0.0,0.0,0.0,0.0,0.0,1.0,0.0,0.0,0.0,0.0,0.0,00-0035710,D.Jones,6.0,00-0036254,C.Johnson,6.0,,,,,,,,,,,,,,,,,,,,,,,,,,,,,,,,,,,,,,,,,,,,,,KC,,00-0034573,,C.Ward,,,,,,,,,,,,,,0.0,,,,,,,,,,,,,,,,,,,,,,,,,,,,,,,,0.0,,,,,0.0,,,0.0,0.0,0.0,0.0,,,2021,0.7539199,24.60801,46.0,1.0,First down,3089.0,"11/1/21, 20:15:34",2021-11-02T02:29:16Z,GEHA Field at Arrowhead Stadium,"Temp: 39° F, Humidity: 86%, Wind: Northeast 3 mph",c59968af-b37c-11eb-ba8a-ecb6fe06b3b0,0,0.0,PASS,0.0,,,,17.0,Touchdown,2021-11-02T02:27:52Z,8.0,3:34,5.0,1.0,1.0,3.0,4.0,10.0,FUMBLE,TOUCHDOWN,03:27,14:53,NYG 43,KC 5,3016.0,3285.0,17,20,Home,3,37,10.5,53.0,0,outdoors,grass ,39.0,4.0,Andy Reid,Joe Judge,KAN00,GEHA Field at Arrowhead Stadium,0.0,1.0,D.Jones,8.0,,,C.Johnson,15.0,1.0,0.0,0.0,0.0,1.0,00-0035710,,00-0036254,D.Jones,8.0,00-0035710,C.Johnson,00-0036254,C.Johnson,00-0036254,0.0,1.0,0.35774118,0.48670357,3.8703532,2.0,0.98380744,0.26890618,0.50729984,49.270016,2021_08_NYG_KC,NYG,SHOTGUN,"1 RB, 2 TE, 2 WR",6.0,"4 DL, 3 LB, 4 DB",4.0,43425;37090;52546;44835;46757;47846;42406;52585;46090;47789;43695;53487;40017;47954;47959;52471;46103;52792;46521;52507;52573;43326,00-0032972;00-0027955;00-0033881;00-0034762;00-0035710;00-0032575;00-0035535;00-0034988;00-0034346;00-0036392;00-0036254,00-0036374;00-0034573;00-0035625;00-0032210;00-0036378;00-0036621;00-0030459;00-0036362;00-0035890;00-0034296;00-0032762,11.0,11.0,5.44,3.003,False,HITCH,ZONE_COVERAGE,COVER_2,,,,,,,40.0
3118.0,2021_08_NYG_KC,2021110100,KC,NYG,REG,8,NYG,away,KC,KC,37.0,2021-11-01,107.0,1007.0,1007.0,Half2,0.0,17.0,0.0,3.0,2.0,0,01:47,KC 37,4.0,57.0,"(1:47) (Shotgun) 28-D.Booker right end to KC 37 for no gain (54-N.Bolton). PENALTY on KC-95-C.Jones, Defensive Offside, 5 yards, enforced at KC 37 - No Play.",no_play,0.0,1.0,0.0,0.0,0.0,0.0,0.0,,,,,,,,,,,3.0,2.0,0.0,,,,,2.0,3.0,14.0,10.0,10.0,14.0,-4.0,10.0,14.0,-4.0,0.028928788,0.07056535,0.0009974989,0.12699966,0.3315922,0.003800616,0.43711588,0.0,0.0,2.9595003,0.5639318,-0.28297347,0.28297347,5.702583,-5.702583,-7.3256755,7.3256755,,,0.0,0.0,-7.569328,7.569328,6.954143,-6.954143,11.861716,-11.861716,-19.592867,19.592867,0.40677324,0.5932268,0.5932268,0.40677324,0.008223265,0.019015566,-0.019015566,0.5850035,0.4149965,0.23410375,0.76589626,0.019743565,-0.019743565,-0.14286666,0.14286666,,,0.0,0.0,-0.18750037,0.18750037,0.20873392,-0.20873392,-0.18750037,0.18750037,0.031472474,-0.031472474,0.0,0.0,0.0,1.0,0.0,0.0,0.0,0.0,0.0,0.0,0.0,0.0,0.0,0.0,0.0,0.0,0.0,0.0,0.0,0.0,0.0,0.0,0.0,0.0,0.0,0.0,1.0,0.0,0.0,0.0,0.0,0.0,0.0,0.0,0.0,0.0,0.0,0.0,0.0,0.0,0.0,0.0,0.0,0.0,0.0,0.0,0.0,0.0,0.0,0.0,0.0,,,,,,,,,,,,,,,,,,,,,,,,,,,,,,,,,,,,,,,,,,,,,,,,,,,,,,,,,,,,,,,,,,,,,,0.0,,,,,,,,,,,,,,,,,,,,,,,,,,,,,,,,0.0,KC,00-0032762,C.Jones,5.0,0.0,,Defensive Offside,0.0,0.0,0.0,0.0,,,2021,,,46.0,1.0,First down,3118.0,"11/1/21, 20:15:34",2021-11-02T02:29:56Z,GEHA Field at Arrowhead Stadium,"Temp: 39° F, Humidity: 86%, Wind: Northeast 3 mph",c59968af-b37c-11eb-ba8a-ecb6fe06b3b0,0,0.0,PENALTY,0.0,,,,17.0,Touchdown,2021-11-02T02:27:52Z,8.0,3:34,5.0,1.0,1.0,3.0,4.0,10.0,FUMBLE,TOUCHDOWN,03:27,14:53,NYG 43,KC 5,3016.0,3285.0,17,20,Home,3,37,10.5,53.0,0,outdoors,grass ,39.0,4.0,Andy Reid,Joe Judge,KAN00,GEHA Field at Arrowhead Stadium,0.0,1.0,,,D.Booker,28.0,,,0.0,1.0,1.0,0.0,1.0,,00-0032972,,D.Booker,28.0,00-0032972,,,D.Booker,00-0032972,0.0,1.0,0.5639318,,,,,,0.4433274,-44.33274,2021_08_NYG_KC,NYG,SHOTGUN,"1 RB, 1 TE, 3 WR",7.0,"4 DL, 2 LB, 5 DB",,43425;37090;52546;44835;46757;47846;42406;53449;52585;46090;47789;43695;53487;47984;40017;47954;46103;52471;52792;52507;52573;43326,00-0032972;00-0027955;00-0033881;00-0036913;00-0034762;00-0035710;00-0032575;00-0035535;00-0034346;00-0036392;00-0036254,00-0036374;00-0034573;00-0035625;00-0032210;00-0036378;00-0036621;00-0035147;00-0030459;00-0036362;00-0035890;00-0032762,11.0,11.0,,,,,,,,,,,,,19.0
3150.0,2021_08_NYG_KC,2021110100,KC,NYG,REG,8,NYG,away,KC,KC,32.0,2021-11-01,88.0,988.0,988.0,Half2,0.0,17.0,0.0,3.0,1.0,0,01:28,KC 32,10.0,57.0,(1:28) (Shotgun) 8-D.Jones pass short right to 89-K.Toney to KC 21 for 11 yards (32-T.Mathieu) [54-N.Bolton].,pass,11.0,1.0,0.0,1.0,0.0,0.0,0.0,short,right,-3.0,14.0,,,,,,,3.0,2.0,0.0,,,,,2.0,3.0,14.0,10.0,10.0,14.0,-4.0,10.0,14.0,-4.0,0.02133937,0.053034578,0.0006937558,0.091455385,0.37569758,0.0014873495,0.45629194,0.0,0.0,3.523432,0.8216452,-1.1046187,1.1046187,5.702583,-5.702583,-8.147321,8.147321,-1.0700818,1.8917271,-1.0700818,1.8917271,-6.499246,6.499246,5.0624156,-5.0624156,12.931798,-12.931798,-21.484594,21.484594,0.4149965,0.5850035,0.5850035,0.4149965,0.07339537,0.02874437,-0.02874437,0.5116081,0.48839188,0.25311932,0.74688065,0.019743565,-0.019743565,-0.21626203,0.21626203,0.0,0.07339537,0.0,0.07339537,-0.18750037,0.18750037,0.13533854,-0.13533854,-0.18750037,0.18750037,-0.041922897,0.041922897,0.0,0.0,1.0,0.0,0.0,0.0,0.0,0.0,0.0,0.0,0.0,0.0,0.0,0.0,0.0,0.0,0.0,0.0,0.0,0.0,0.0,0.0,0.0,0.0,1.0,0.0,0.0,0.0,0.0,0.0,0.0,1.0,0.0,1.0,0.0,0.0,0.0,0.0,0.0,0.0,0.0,0.0,0.0,0.0,0.0,1.0,0.0,0.0,0.0,0.0,0.0,00-0035710,D.Jones,11.0,00-0036913,K.Toney,11.0,,,,,,,,,,,,,,,,,,,,,,,,,,,,,,,,,,,,00-0036621,N.Bolton,,,,,,,,,KC,,00-0030459,,T.Mathieu,,,,,,,,,,,,,,0.0,,,,,,,,,,,,,,,,,,,,,,,,,,,,,,,,0.0,,,,,0.0,,,0.0,0.0,0.0,0.0,,,2021,0.61010814,38.989185,47.0,1.0,First down,3150.0,"11/1/21, 20:15:34",2021-11-02T02:30:55Z,GEHA Field at Arrowhead Stadium,"Temp: 39° F, Humidity: 86%, Wind: Northeast 3 mph",c59968af-b37c-11eb-ba8a-ecb6fe06b3b0,0,0.0,PASS,0.0,,,,17.0,Touchdown,2021-11-02T02:27:52Z,8.0,3:34,5.0,1.0,1.0,3.0,4.0,10.0,FUMBLE,TOUCHDOWN,03:27,14:53,NYG 43,KC 5,3016.0,3285.0,17,20,Home,3,37,10.5,53.0,0,outdoors,grass ,39.0,4.0,Andy Reid,Joe Judge,KAN00,GEHA Field at Arrowhead Stadium,0.0,1.0,D.Jones,8.0,,,K.Toney,89.0,1.0,0.0,1.0,0.0,1.0,00-0035710,,00-0036913,D.Jones,8.0,00-0035710,K.Toney,00-0036913,K.Toney,00-0036913,0.0,1.0,0.8216452,1.3441166,9.647197,8.0,0.6228708,0.2687815,0.47748253,52.251747,2021_08_NYG_KC,NYG,SHOTGUN,"1 RB, 1 TE, 3 WR",6.0,"4 DL, 2 LB, 5 DB",6.0,43425;37090;52546;44835;46757;47846;42406;53449;52585;46090;47789;43695;53487;47984;40017;47954;52471;46103;52792;52507;52573;43326,00-0032972;00-0027955;00-0033881;00-0036913;00-0034762;00-0035710;00-0032575;00-0035535;00-0034346;00-0036392;00-0036254,00-0036374;00-0034573;00-0035625;00-0032210;00-0036378;00-0036621;00-0035147;00-0030459;00-0036362;00-0035890;00-0032762,11.0,11.0,-3.46,2.603,True,SCREEN,MAN_COVERAGE,COVER_1,,,,,,,43.0
3174.0,2021_08_NYG_KC,2021110100,KC,NYG,REG,8,NYG,away,KC,KC,21.0,2021-11-01,45.0,945.0,945.0,Half2,0.0,17.0,0.0,3.0,1.0,0,00:45,KC 21,10.0,57.0,(:45) 28-D.Booker up the middle to KC 11 for 10 yards (56-B.Niemann; 54-N.Bolton).,run,10.0,0.0,0.0,0.0,0.0,0.0,0.0,,,,,middle,,,,,,3.0,2.0,0.0,,,,,2.0,3.0,14.0,10.0,10.0,14.0,-4.0,10.0,14.0,-4.0,0.015187292,0.030784681,0.00053686753,0.051129665,0.37903646,0.0007943329,0.5225307,0.0,0.0,4.3450775,0.5614671,-1.6660858,1.6660858,5.1411157,-5.1411157,-8.147321,8.147321,,,0.0,0.0,-6.499246,6.499246,5.0624156,-5.0624156,12.931798,-12.931798,-21.484594,21.484594,0.48839188,0.5116081,0.5116081,0.48839188,0.015294254,0.02772206,-0.02772206,0.49631387,0.50368613,0.2818637,0.7181363,0.004449311,-0.004449311,-0.21626203,0.21626203,,,0.0,0.0,-0.18750037,0.18750037,0.13533854,-0.13533854,-0.18750037,0.18750037,-0.041922897,0.041922897,0.0,1.0,0.0,0.0,0.0,0.0,0.0,0.0,0.0,0.0,0.0,0.0,0.0,0.0,0.0,0.0,0.0,0.0,0.0,0.0,0.0,0.0,0.0,0.0,0.0,0.0,0.0,0.0,0.0,0.0,0.0,0.0,1.0,0.0,0.0,0.0,0.0,0.0,0.0,0.0,0.0,0.0,0.0,0.0,0.0,0.0,1.0,0.0,0.0,0.0,0.0,,,,,,,00-0032972,D.Booker,10.0,,,,,,,,,,,,,,,,,,,,,,,,,,,,,,,,,,,,,,,,,,,,,,,,,00-0034296,B.Niemann,KC,00-0036621,N.Bolton,KC,,,,,,,0.0,,,,,,,,,,,,,,,,,,,,,,,,,,,,,,,,0.0,,,,,0.0,,,0.0,0.0,0.0,0.0,,,2021,,,48.0,1.0,First down,3174.0,"11/1/21, 20:15:34",2021-11-02T02:31:34Z,GEHA Field at Arrowhead Stadium,"Temp: 39° F, Humidity: 86%, Wind: Northeast 3 mph",c59968af-b37c-11eb-ba8a-ecb6fe06b3b0,0,0.0,RUSH,0.0,,,,17.0,Touchdown,2021-11-02T02:27:52Z,8.0,3:34,5.0,1.0,1.0,3.0,4.0,10.0,FUMBLE,TOUCHDOWN,03:27,14:53,NYG 43,KC 5,3016.0,3285.0,17,20,Home,3,37,10.5,53.0,0,outdoors,grass ,39.0,4.0,Andy Reid,Joe Judge,KAN00,GEHA Field at Arrowhead Stadium,0.0,1.0,,,D.Booker,28.0,,,0.0,1.0,1.0,0.0,1.0,,00-0032972,,D.Booker,28.0,00-0032972,D.Booker,00-0032972,D.Booker,00-0032972,0.0,1.0,0.5614671,,,,,,0.43296498,-43.296497,2021_08_NYG_KC,NYG,SINGLEBACK,"1 RB, 2 TE, 2 WR",7.0,"4 DL, 3 LB, 4 DB",,43425;37090;52546;46757;47846;42406;43338;46090;47789;43695;53487;40017;47954;40051;46103;47959;52471;46521;52507;52573;43326;37118,00-0032972;00-0027955;00-0034762;00-0035710;00-0032575;00-0035535;00-0034346;00-0034988;00-0036392;00-0036254;00-0027981,00-0036374;00-0034573;00-0035625;00-0032210;00-0032387;00-0036621;00-0030459;00-0030503;00-0036362;00-0034296;00-0032762,11.0,11.0,,,,,,,,,,,,,40.0
3195.0,2021_08_NYG_KC,2021110100,KC,NYG,REG,8,NYG,away,KC,KC,11.0,2021-11-01,5.0,905.0,905.0,Half2,0.0,17.0,0.0,3.0,1.0,0,00:05,KC 11,10.0,57.0,"(:05) (Shotgun) 8-D.Jones pass short right to 89-K.Toney to KC 5 for 6 yards (49-D.Sorensen, 50-W.Gay).",pass,6.0,1.0,0.0,1.0,0.0,0.0,0.0,short,right,1.0,5.0,,,,,,,3.0,2.0,0.0,,,,,2.0,3.0,14.0,10.0,10.0,14.0,-4.0,10.0,14.0,-4.0,0.01101922,0.016719952,0.00052241393,0.032920126,0.34493166,0.00076236087,0.59312433,0.0,0.0,4.9065447,0.3488519,-2.0149376,2.0149376,5.1411157,-5.1411157,-8.496172,8.496172,-0.48282307,0.831675,-0.48282307,0.831675,-6.0164227,6.0164227,4.230741,-4.230741,13.41462,-13.41462,-22.316269,22.316269,0.50368613,0.49631387,0.49631387,0.50368613,0.009972811,-0.00037696958,0.00037696958,0.48634106,0.51365894,0.30958575,0.69041425,0.004449311,-0.004449311,-0.22623484,0.22623484,0.0,0.009972811,0.0,0.009972811,-0.18750037,0.18750037,0.12536573,-0.12536573,-0.18750037,0.18750037,-0.051895708,0.051895708,0.0,0.0,0.0,0.0,0.0,0.0,0.0,0.0,0.0,0.0,0.0,0.0,0.0,0.0,0.0,0.0,0.0,0.0,0.0,0.0,0.0,0.0,0.0,0.0,0.0,0.0,0.0,0.0,0.0,0.0,0.0,0.0,0.0,1.0,0.0,0.0,0.0,0.0,0.0,0.0,0.0,0.0,0.0,0.0,0.0,1.0,1.0,0.0,0.0,0.0,0.0,00-0035710,D.Jones,6.0,00-0036913,K.Toney,6.0,,,,,,,,,,,,,,,,,,,,,,,,,,,,,,,,,,,,,,,,,,,,,,,,,,,,00-0036362,W.Gay,KC,,,,,,,,,,1.0,00-0030665,D.Sorensen,KC,,,,,,,,,,,,,,,,,,,,,,,,,,,,,0.0,,,,,0.0,,,0.0,0.0,0.0,0.0,,,2021,0.7856676,21.43324,49.0,1.0,Touchdown,3195.0,"11/1/21, 20:15:34",2021-11-02T02:32:13Z,GEHA Field at Arrowhead Stadium,"Temp: 39° F, Humidity: 86%, Wind: Northeast 3 mph",c59968af-b37c-11eb-ba8a-ecb6fe06b3b0,0,0.0,PASS,0.0,,,,17.0,Touchdown,2021-11-02T02:27:52Z,8.0,3:34,5.0,1.0,1.0,3.0,4.0,10.0,FUMBLE,TOUCHDOWN,03:27,14:53,NYG 43,KC 5,3016.0,3285.0,17,20,Home,3,37,10.5,53.0,0,outdoors,grass ,39.0,4.0,Andy Reid,Joe Judge,KAN00,GEHA Field at Arrowhead Stadium,0.0,1.0,D.Jones,8.0,,,K.Toney,89.0,1.0,0.0,0.0,0.0,1.0,00-0035710,,00-0036913,D.Jones,8.0,00-0035710,K.Toney,00-0036913,K.Toney,00-0036913,0.0,1.0,0.3488519,0.96410406,4.680822,4.0,0.559439,0.21099244,0.38245735,61.754265,2021_08_NYG_KC,NYG,EMPTY,"1 RB, 1 TE, 3 WR",5.0,"4 DL, 2 LB, 5 DB",6.0,43425;37090;52546;44835;46757;52585;53449;43338;46090;47789;43695;53487;47984;40017;47954;40051;52471;46103;52507;52573;41502;43326,00-0032972;00-0027955;00-0033881;00-0036913;00-0034762;00-0035710;00-0032575;00-0035535;00-0034346;00-0036392;00-0036254,00-0036374;00-0034573;00-0036378;00-0032387;00-0036621;00-0035147;00-0030459;00-0030503;00-0036362;00-0030665;00-0032762,11.0,11.0,1.48,1.869,False,OUT,MAN_COVERAGE,COVER_0,,,,,,,5.0
3219.0,2021_08_NYG_KC,2021110100,KC,NYG,REG,8,NYG,away,KC,,,2021-11-01,0.0,900.0,900.0,Half2,1.0,17.0,0.0,3.0,,0,00:00,KC 5,0.0,57.0,END QUARTER 3,,,0.0,0.0,,0.0,0.0,0.0,,,,,,,,,,,3.0,2.0,,,,,,2.0,3.0,14.0,10.0,10.0,14.0,-4.0,10.0,14.0,-4.0,0.0,0.0,0.0,0.0,0.0,0.0,0.0,0.0,0.0,5.2553964,-0.0,-2.0149376,2.0149376,5.1411157,-5.1411157,-8.496172,8.496172,,,,,-6.0164227,6.0164227,4.230741,-4.230741,13.41462,-13.41462,-22.316269,22.316269,0.51365894,0.48634106,0.48634106,0.51365894,-0.0,-0.0,0.0,0.48634106,0.51365894,0.30920878,0.69079125,0.004449311,-0.004449311,-0.22623484,0.22623484,,,,,-0.18750037,0.18750037,0.12536573,-0.12536573,-0.18750037,0.18750037,-0.051895708,0.051895708,,,,,,,,,,0.0,,,,,,,,,,,,,,,,,,,,,,,,,,,,,,,,,,,,,,,,,,,,,,,,,,,,,,,,,,,,,,,,,,,,,,,,,,,,,,,,,,,,,,,,,,,,,,,,,,,,,,,,,,,,,,,,,,,,,,,,,,,,,,,,,,,,,,,,,,,,,,,,,,,,0.0,,,,,,,,,2021,,,49.0,1.0,Touchdown,3219.0,"11/1/21, 20:15:34",,GEHA Field at Arrowhead Stadium,"Temp: 39° F, Humidity: 86%, Wind: Northeast 3 mph",c59968af-b37c-11eb-ba8a-ecb6fe06b3b0,0,0.0,END_QUARTER,0.0,,,,17.0,Touchdown,2021-11-02T02:27:52Z,8.0,3:34,5.0,1.0,1.0,3.0,4.0,10.0,FUMBLE,TOUCHDOWN,03:27,14:53,NYG 43,KC 5,3016.0,3285.0,17,20,Home,3,37,10.5,53.0,0,outdoors,grass ,39.0,4.0,Andy Reid,Joe Judge,KAN00,GEHA Field at Arrowhead Stadium,0.0,0.0,,,,,,,0.0,0.0,,0.0,0.0,,,,,,,,,,,0.0,1.0,-0.0,,,,,,,,2021_08_NYG_KC,,,,,,,,,,0.0,0.0,,,,,,,,,,,,,0.0
3238.0,2021_08_NYG_KC,2021110100,KC,NYG,REG,8,NYG,away,KC,KC,5.0,2021-11-01,900.0,900.0,900.0,Half2,0.0,17.0,0.0,4.0,2.0,0,15:00,KC 5,4.0,57.0,(15:00) (Shotgun) 8-D.Jones pass incomplete short right to 80-K.Rudolph.,pass,0.0,1.0,0.0,1.0,0.0,0.0,0.0,short,right,5.0,,,,,,,,3.0,2.0,0.0,,,,,2.0,3.0,14.0,10.0,10.0,14.0,-4.0,10.0,14.0,-4.0,0.009839038,0.014883164,0.000324045,0.026001228,0.28900808,0.0007865906,0.6591579,0.0,0.0,5.2553964,-0.9909637,-1.023974,1.023974,5.1411157,-5.1411157,-7.5052085,7.5052085,1.7446036,-2.7355673,0.0,0.0,-6.0164227,6.0164227,4.230741,-4.230741,11.670017,-11.670017,-19.580702,19.580702,0.51365894,0.48634106,0.48634106,0.51365894,-0.024107426,-0.031683296,0.031683296,0.51044846,0.4895515,0.30920878,0.69079125,0.004449311,-0.004449311,-0.20212741,0.20212741,0.0,-0.024107426,0.0,0.0,-0.18750037,0.18750037,0.12536573,-0.12536573,-0.18750037,0.18750037,-0.027788281,0.027788281,0.0,0.0,0.0,0.0,0.0,0.0,0.0,0.0,1.0,0.0,0.0,0.0,0.0,0.0,0.0,0.0,0.0,0.0,0.0,0.0,0.0,0.0,0.0,0.0,0.0,0.0,0.0,0.0,0.0,0.0,0.0,0.0,0.0,1.0,0.0,0.0,0.0,0.0,0.0,0.0,0.0,0.0,0.0,0.0,0.0,0.0,0.0,0.0,0.0,0.0,0.0,00-0035710,D.Jones,,00-0027981,K.Rudolph,,,,,,,,,,,,,,,,,,,,,,,,,,,,,,,,,,,,,,,,,,,,,,,,,,,,,,,,,,,,,,,,,0.0,,,,,,,,,,,,,,,,,,,,,,,,,,,,,,,,0.0,,,,,0.0,,,0.0,0.0,0.0,0.0,,,2021,0.4584542,-45.84542,49.0,1.0,Touchdown,3238.0,"11/1/21, 20:15:34",2021-11-02T02:35:20Z,GEHA Field at Arrowhead Stadium,"Temp: 39° F, Humidity: 86%, Wind: Northeast 3 mph",c59968af-b37c-11eb-ba8a-ecb6fe06b3b0,0,0.0,PASS,0.0,,,,17.0,Touchdown,2021-11-02T02:27:52Z,8.0,3:34,5.0,1.0,1.0,3.0,4.0,10.0,FUMBLE,TOUCHDOWN,03:27,14:53,NYG 43,KC 5,3016.0,3285.0,17,20,Home,3,37,10.5,53.0,0,outdoors,grass ,39.0,4.0,Andy Reid,Joe Judge,KAN00,GEHA Field at Arrowhead Stadium,0.0,0.0,D.Jones,8.0,,,K.Rudolph,80.0,1.0,0.0,0.0,0.0,1.0,00-0035710,,00-0027981,D.Jones,8.0,00-0035710,K.Rudolph,00-0027981,K.Rudolph,00-0027981,0.0,1.0,-0.9909637,,,,,,0.52470547,47.529453,2021_08_NYG_KC,NYG,SHOTGUN,"1 RB, 3 TE, 1 WR",7.0,"4 DL, 3 LB, 4 DB",1.0,43425;37090;52546;44835;46757;42406;46090;43338;47789;43695;53487;40017;40051;46103;47959;52471;46521;52507;52573;43326;37118;41502,00-0032972;00-0027955;00-0033881;00-0034762;00-0035710;00-0032575;00-0034346;00-0034988;00-0036392;00-0036254;00-0027981,00-0036374;00-0034573;00-0032210;00-0032387;00-0036621;00-0030459;00-0030503;00-0036362;00-0034296;00-0032762;00-0030665,11.0,11.0,13.04,1.701,False,GO,ZONE_COVERAGE,COVER_3,,,,,,,3.0
3260.0,2021_08_NYG_KC,2021110100,KC,NYG,REG,8,NYG,away,KC,KC,5.0,2021-11-01,897.0,897.0,897.0,Half2,0.0,17.0,1.0,4.0,3.0,0,14:57,KC 5,4.0,57.0,"(14:57) (Shotgun) 8-D.Jones pass short right to 88-E.Engram for 5 yards, TOUCHDOWN.",pass,5.0,1.0,0.0,1.0,0.0,0.0,0.0,short,right,4.0,1.0,,,,,,,3.0,2.0,0.0,,NYG,E.Engram,00-0033881,2.0,3.0,14.0,16.0,10.0,14.0,-4.0,16.0,14.0,2.0,0.011871797,0.018729994,0.00039129006,0.032966178,0.49884182,0.00094982213,0.43624905,0.0,0.0,4.2644324,2.7355673,-3.7595413,3.7595413,5.1411157,-5.1411157,-10.240776,10.240776,1.5953666,1.1402007,1.5953666,1.1402007,-7.611789,7.611789,3.09054,-3.09054,10.074651,-10.074651,-20.720903,20.720903,0.4895515,0.51044846,0.51044846,0.4895515,0.08920263,0.15978387,-0.15978387,0.42124587,0.5787541,0.27752548,0.7224745,0.004449311,-0.004449311,-0.29133004,0.29133004,0.0,0.08920263,0.0,0.08920263,-0.18750037,0.18750037,0.036163107,-0.036163107,-0.18750037,0.18750037,-0.11699091,0.11699091,0.0,0.0,1.0,0.0,1.0,0.0,0.0,0.0,0.0,0.0,0.0,0.0,0.0,0.0,0.0,0.0,0.0,0.0,0.0,0.0,0.0,0.0,0.0,0.0,0.0,0.0,0.0,0.0,0.0,0.0,0.0,0.0,0.0,1.0,0.0,1.0,1.0,0.0,0.0,0.0,0.0,0.0,0.0,0.0,0.0,1.0,0.0,0.0,0.0,0.0,0.0,00-0035710,D.Jones,5.0,00-0033881,E.Engram,5.0,,,,,,,,,,,,,,,,,,,,,,,,,,,,,,,,,,,,,,,,,,,,,,,,,,,,,,,,,,,,,,,,0.0,,,,,,,,,,,,,,,,,,,,,,,,,,,,,,,,0.0,,,,,0.0,,,0.0,0.0,0.0,0.0,,,2021,0.43426675,56.573326,49.0,1.0,Touchdown,3260.0,"11/1/21, 20:15:34",2021-11-02T02:36:00Z,GEHA Field at Arrowhead Stadium,"Temp: 39° F, Humidity: 86%, Wind: Northeast 3 mph",c59968af-b37c-11eb-ba8a-ecb6fe06b3b0,0,0.0,PASS,0.0,,,,17.0,Touchdown,2021-11-02T02:27:52Z,8.0,3:34,5.0,1.0,1.0,3.0,4.0,10.0,FUMBLE,TOUCHDOWN,03:27,14:53,NYG 43,KC 5,3016.0,3285.0,17,20,Home,3,37,10.5,53.0,0,outdoors,grass ,39.0,4.0,Andy Reid,Joe Judge,KAN00,GEHA Field at Arrowhead Stadium,0.0,1.0,D.Jones,8.0,,,E.Engram,88.0,1.0,0.0,1.0,0.0,1.0,00-0035710,,00-0033881,D.Jones,8.0,00-0035710,E.Engram,00-0033881,E.Engram,00-0033881,0.0,1.0,2.7355673,0.95552474,0.7299185,1.0,0.9953623,0.9953623,0.9118181,8.818192,2021_08_NYG_KC,NYG,SHOTGUN,"1 RB, 1 TE, 3 WR",6.0,"4 DL, 2 LB, 5 DB",4.0,43425;52546;37090;44835;46757;42406;46090;43338;47789;43695;53487;47984;40017;47954;40051;44821;46103;52471;52507;52573;43326;41502,00-0032972;00-0027955;00-0033881;00-0034762;00-0035710;00-0032575;00-0035535;00-0033460;00-0034346;00-0036392;00-0036254,00-0036374;00-0034573;00-0032210;00-0032387;00-0036621;00-0035147;00-0030459;00-0030503;00-0036362;00-0032762;00-0030665,11.0,11.0,3.42,1.902,False,OUT,MAN_COVERAGE,COVER_1,,,,,,,4.0
3285.0,2021_08_NYG_KC,2021110100,KC,NYG,REG,8,NYG,away,KC,KC,15.0,2021-11-01,893.0,893.0,893.0,Half2,0.0,17.0,1.0,4.0,,0,14:53,KC 15,0.0,57.0,"5-G.Gano extra point is GOOD, Center-58-C.Kreiter, Holder-9-R.Dixon. PENALTY on KC-91-D.Nnadi, Illegal Formation, 5 yards, enforced between downs.",extra_point,0.0,0.0,0.0,0.0,0.0,0.0,0.0,,,,,,,,33.0,good,,3.0,2.0,0.0,,,,,2.0,3.0,14.0,17.0,16.0,14.0,2.0,17.0,14.0,3.0,0.0,0.0,0.0,0.0,0.0,0.0,0.0,0.932427,0.0,0.932427,0.067573,-3.8271143,3.8271143,5.1411157,-5.1411157,-10.240776,10.240776,,,0.0,0.0,-7.611789,7.611789,3.09054,-3.09054,10.074651,-10.074651,-20.720903,20.720903,0.5787541,0.42124587,0.42124587,0.5787541,0.004364029,0.0031521632,-0.0031521632,0.41688183,0.5831182,0.43730935,0.5626907,0.004449311,-0.004449311,-0.29133004,0.29133004,,,0.0,0.0,-0.18750037,0.18750037,0.036163107,-0.036163107,-0.18750037,0.18750037,-0.11699091,0.11699091,0.0,0.0,0.0,0.0,0.0,0.0,0.0,0.0,0.0,0.0,0.0,0.0,0.0,0.0,0.0,0.0,0.0,0.0,0.0,0.0,0.0,0.0,0.0,0.0,0.0,0.0,1.0,0.0,0.0,0.0,0.0,0.0,0.0,0.0,0.0,0.0,0.0,0.0,0.0,1.0,0.0,0.0,0.0,0.0,0.0,0.0,0.0,0.0,0.0,0.0,0.0,,,,,,,,,,,,,,,,,,,,,,,,,,,,,,,,G.Gano,00-0026858,,,,,,,,,,,,,,,,,,,,,,,,,,,,,,,,,,,,,0.0,,,,,,,,,,,,,,,,,,,,,,,,,,,,,,,,0.0,KC,00-0034818,D.Nnadi,5.0,0.0,,Illegal Formation,0.0,0.0,0.0,0.0,,,2021,,,49.0,1.0,Touchdown,3285.0,"11/1/21, 20:15:34",2021-11-02T02:36:46Z,GEHA Field at Arrowhead Stadium,"Temp: 39° F, Humidity: 86%, Wind: Northeast 3 mph",c59968af-b37c-11eb-ba8a-ecb6fe06b3b0,0,0.0,XP_KICK,1.0,,,,17.0,Touchdown,2021-11-02T02:27:52Z,8.0,3:34,5.0,1.0,1.0,3.0,4.0,10.0,FUMBLE,TOUCHDOWN,03:27,14:53,NYG 43,KC 5,3016.0,3285.0,17,20,Home,3,37,10.5,53.0,0,outdoors,grass ,39.0,4.0,Andy Reid,Joe Judge,KAN00,GEHA Field at Arrowhead Stadium,0.0,1.0,,,,,,,0.0,0.0,0.0,1.0,0.0,,,,,,,,,,,0.0,1.0,0.067573,,,,,,,,2021_08_NYG_KC,NYG,,,,,,46144;37090;41797;46407;52585;46090;47914;53487;46193;46323;46099;40051;46103;47800;52792;45369;46521;46169;52507;43517;35102;37118,00-0027955;00-0030957;00-0034762;00-0035263;00-0034687;00-0034346;00-0035683;00-0036392;00-0032943;00-0026858;00-0027981,00-0034818;00-0034145;00-0036378;00-0036621;00-0034680;00-0034843;00-0030503;00-0035890;00-0033481;00-0034296;00-0034781,11.0,11.0,,,,,,,,,,,,,0.0
3312.0,2021_08_NYG_KC,2021110100,KC,NYG,REG,8,KC,home,NYG,NYG,40.0,2021-11-01,893.0,893.0,893.0,Half2,0.0,18.0,0.0,4.0,,0,14:53,NYG 40,0.0,57.0,"5-G.Gano kicks 60 yards from NYG 40 to end zone, Touchback.",kickoff,0.0,0.0,0.0,0.0,0.0,0.0,0.0,,,,,,,,60.0,,,3.0,2.0,0.0,,,,,3.0,2.0,14.0,17.0,14.0,17.0,-3.0,14.0,17.0,-3.0,0.0595893,0.14041106,0.0022890235,0.2016323,0.22727095,0.00269893,0.36610845,0.0,0.0,1.4127325,0.0,-3.8271143,3.8271143,5.1411157,-5.1411157,-10.240776,10.240776,,,0.0,0.0,-7.611789,7.611789,3.09054,-3.09054,10.074651,-10.074651,-20.720903,20.720903,0.41688183,0.5831182,0.41688183,0.5831182,0.0,0.0,0.0,0.41688183,0.5831182,0.5595385,0.5595385,0.004449311,-0.004449311,-0.29133004,0.29133004,,,0.0,0.0,-0.18750037,0.18750037,0.036163107,-0.036163107,-0.18750037,0.18750037,-0.11699091,0.11699091,0.0,0.0,0.0,0.0,0.0,0.0,0.0,0.0,0.0,1.0,0.0,0.0,0.0,0.0,0.0,0.0,0.0,0.0,0.0,0.0,0.0,0.0,0.0,0.0,0.0,0.0,0.0,0.0,0.0,0.0,0.0,0.0,0.0,0.0,0.0,0.0,0.0,0.0,0.0,0.0,0.0,0.0,1.0,0.0,0.0,0.0,0.0,0.0,0.0,0.0,0.0,,,,,,,,,,,,,,,,,,,,,,,,,,,,,,,,G.Gano,00-0026858,,,,,,,,,,,,,,,,,,,,,,,,,,,,,,,,,,,,,0.0,,,,,,,,,,,,,,,,,,,,,,,,,,,,,,,KC,0.0,,,,,0.0,,,0.0,0.0,0.0,0.0,,,2021,,,50.0,1.0,First down,3312.0,"11/1/21, 20:15:34",2021-11-02T02:38:18Z,GEHA Field at Arrowhead Stadium,"Temp: 39° F, Humidity: 86%, Wind: Northeast 3 mph",c59968af-b37c-11eb-ba8a-ecb6fe06b3b0,0,0.0,KICK_OFF,1.0,,,,18.0,Field goal,2021-11-02T02:38:18Z,14.0,6:00,5.0,1.0,1.0,4.0,4.0,5.0,KICKOFF,FIELD_GOAL,14:53,08:53,KC 25,NYG 18,3312.0,3710.0,17,20,Home,3,37,10.5,53.0,0,outdoors,grass ,39.0,4.0,Andy Reid,Joe Judge,KAN00,GEHA Field at Arrowhead Stadium,0.0,0.0,,,,,,,0.0,0.0,0.0,1.0,0.0,,,,,,,,,,,0.0,1.0,0.0,,,,,,,,2021_08_NYG_KC,NYG,,,,,,48003;48259;46916;49476;52518;46407;43880;46312;41325;52591;42511;47891;46772;45369;46169;46521;53625;46522;42460;52573;35102;41502,00-0035304;00-0034736;00-0036394;00-0032813;00-0034435;00-0036400;00-0034974;00-0034588;00-0036569;00-0036254;00-0026858,00-0035157;00-0035715;00-0034145;00-0031376;00-0031595;00-0033481;00-0034781;00-0034296;00-0034297;00-0032062;00-0030665,11.0,11.0,,,,,,,,,,,,,0.0
3327.0,2021_08_NYG_KC,2021110100,KC,NYG,REG,8,KC,home,NYG,KC,75.0,2021-11-01,893.0,893.0,893.0,Half2,0.0,18.0,0.0,4.0,1.0,0,14:53,KC 25,10.0,57.0,"(14:53) (Shotgun) 15-P.Mahomes pass short right to 10-T.Hill ran ob at KC 29 for 4 yards (20-J.Love). PENALTY on KC-13-B.Pringle, Offensive Holding, 10 yards, enforced at KC 29.",pass,4.0,1.0,0.0,1.0,0.0,0.0,0.0,short,right,-1.0,5.0,,,,,,,3.0,2.0,0.0,,,,,3.0,2.0,14.0,17.0,14.0,17.0,-3.0,14.0,17.0,-3.0,0.0595893,0.14041106,0.0022890235,0.2016323,0.22727095,0.00269893,0.36610845,0.0,0.0,1.4127325,-0.8254367,-4.652551,4.652551,5.1411157,-5.1411157,-11.066213,11.066213,-0.9779013,0.15246461,-0.9779013,0.15246461,-8.589691,8.589691,3.2430046,-3.2430046,9.096749,-9.096749,-20.568438,20.568438,0.41688183,0.5831182,0.41688183,0.5831182,-0.028641313,-0.03331107,-0.03331107,0.38824052,0.6117595,0.5595385,0.5595385,0.004449311,-0.004449311,-0.31997135,0.31997135,0.0,-0.028641313,0.0,-0.028641313,-0.18750037,0.18750037,0.0075217937,-0.0075217937,-0.18750037,0.18750037,-0.14563222,0.14563222,0.0,0.0,0.0,0.0,0.0,0.0,0.0,0.0,0.0,0.0,0.0,0.0,0.0,0.0,0.0,0.0,0.0,0.0,0.0,0.0,0.0,0.0,0.0,0.0,1.0,0.0,1.0,0.0,0.0,0.0,0.0,0.0,0.0,1.0,0.0,0.0,0.0,0.0,0.0,0.0,0.0,0.0,0.0,0.0,0.0,1.0,0.0,0.0,0.0,0.0,0.0,00-0033873,P.Mahomes,4.0,00-0033040,T.Hill,4.0,,,,,,,,,,,,,,,,,,,,,,,,,,,,,,,,,,,,,,,,,,,,,,NYG,,00-0034974,,J.Love,,,,,,,,,,,,,,0.0,,,,,,,,,,,,,,,,,,,,,,,,,,,,,,,,0.0,KC,00-0034297,B.Pringle,10.0,0.0,,Offensive Holding,0.0,0.0,0.0,0.0,,,2021,0.8754352,12.456483,50.0,1.0,First down,3327.0,"11/1/21, 20:15:34",2021-11-02T02:38:52Z,GEHA Field at Arrowhead Stadium,"Temp: 39° F, Humidity: 86%, Wind: Northeast 3 mph",c59968af-b37c-11eb-ba8a-ecb6fe06b3b0,0,0.0,PASS,0.0,,,,18.0,Field goal,2021-11-02T02:38:18Z,14.0,6:00,5.0,1.0,1.0,4.0,4.0,5.0,KICKOFF,FIELD_GOAL,14:53,08:53,KC 25,NYG 18,3312.0,3710.0,17,20,Home,3,37,10.5,53.0,0,outdoors,grass ,39.0,4.0,Andy Reid,Joe Judge,KAN00,GEHA Field at Arrowhead Stadium,0.0,0.0,P.Mahomes,15.0,,,T.Hill,10.0,1.0,0.0,0.0,0.0,1.0,00-0033873,,00-0033040,P.Mahomes,15.0,00-0033873,T.Hill,00-0033040,T.Hill,00-0033040,1.0,1.0,-0.8254367,1.1174625,7.746589,6.0,0.57472414,0.2214865,0.55936223,44.063778,2021_08_NYG_KC,KC,SHOTGUN,"1 RB, 1 TE, 3 WR",6.0,"3 DL, 3 LB, 5 DB",1.0,43330;43332;47878;43367;46152;40011;42349;47891;53492;44822;43351;52663;53655;47800;52504;46522;52444;46526;43454;44830;39646;40031,00-0032391;00-0034752;00-0030506;00-0036623;00-0033873;00-0036660;00-0036367;00-0034297;00-0034301;00-0033040;00-0029664,00-0033058;00-0032763;00-0035708;00-0031933;00-0034974;00-0032890;00-0036167;00-0035683;00-0036388;00-0033878;00-0030411,11.0,11.0,-2.01,1.168,False,SCREEN,ZONE_COVERAGE,COVER_2,,,,,,,17.0
3362.0,2021_08_NYG_KC,2021110100,KC,NYG,REG,8,KC,home,NYG,KC,81.0,2021-11-01,876.0,876.0,876.0,Half2,0.0,18.0,0.0,4.0,1.0,0,14:36,KC 19,16.0,57.0,(14:36) (Shotgun) 15-P.Mahomes pass short left to 31-Da.Williams to KC 28 for 9 yards (55-R.Ragland).,pass,9.0,1.0,0.0,1.0,0.0,0.0,0.0,short,left,-2.0,11.0,,,,,,,3.0,2.0,0.0,,,,,3.0,2.0,14.0,17.0,14.0,17.0,-3.0,14.0,17.0,-3.0,0.06789774,0.1855618,0.00333505,0.23412783,0.19056381,0.0023483813,0.31616542,0.0,0.0,0.5872958,0.4834327,-4.1691184,4.1691184,5.1411157,-5.1411157,-10.58278,10.58278,-0.71084654,1.1942792,-0.71084654,1.1942792,-9.300537,9.300537,4.437284,-4.437284,8.385902,-8.385902,-19.374159,19.374159,0.38824052,0.6117595,0.38824052,0.6117595,0.020152539,0.0003427863,0.0003427863,0.40839306,0.591607,0.5262274,0.5262274,0.004449311,-0.004449311,-0.2998188,0.2998188,0.0,0.020152539,0.0,0.020152539,-0.18750037,0.18750037,0.027674332,-0.027674332,-0.18750037,0.18750037,-0.12547968,0.12547968,0.0,0.0,0.0,0.0,0.0,0.0,0.0,0.0,0.0,0.0,0.0,0.0,0.0,0.0,0.0,0.0,0.0,0.0,0.0,0.0,0.0,0.0,0.0,0.0,1.0,0.0,0.0,0.0,0.0,0.0,0.0,0.0,0.0,1.0,0.0,0.0,0.0,0.0,0.0,0.0,0.0,0.0,0.0,0.0,0.0,1.0,0.0,0.0,0.0,0.0,0.0,00-0033873,P.Mahomes,9.0,00-0034301,Da.Williams,9.0,,,,,,,,,,,,,,,,,,,,,,,,,,,,,,,,,,,,,,,,,,,,,,NYG,,00-0033058,,R.Ragland,,,,,,,,,,,,,,0.0,,,,,,,,,,,,,,,,,,,,,,,,,,,,,,,,0.0,,,,,0.0,,,0.0,0.0,0.0,0.0,,,2021,0.88092035,11.907965,50.0,1.0,First down,3362.0,"11/1/21, 20:15:34",2021-11-02T02:39:52Z,GEHA Field at Arrowhead Stadium,"Temp: 39° F, Humidity: 86%, Wind: Northeast 3 mph",c59968af-b37c-11eb-ba8a-ecb6fe06b3b0,0,0.0,PASS,0.0,,,,18.0,Field goal,2021-11-02T02:38:18Z,14.0,6:00,5.0,1.0,1.0,4.0,4.0,5.0,KICKOFF,FIELD_GOAL,14:53,08:53,KC 25,NYG 18,3312.0,3710.0,17,20,Home,3,37,10.5,53.0,0,outdoors,grass ,39.0,4.0,Andy Reid,Joe Judge,KAN00,GEHA Field at Arrowhead Stadium,0.0,1.0,P.Mahomes,15.0,,,Da.Williams,31.0,1.0,0.0,0.0,0.0,1.0,00-0033873,,00-0034301,P.Mahomes,15.0,00-0033873,Da.Williams,00-0034301,Da.Williams,00-0034301,0.0,1.0,0.4834327,0.9127519,8.864772,7.0,0.4996764,0.08218962,0.7588115,24.118853,2021_08_NYG_KC,KC,SHOTGUN,"1 RB, 1 TE, 3 WR",5.0,"3 DL, 3 LB, 5 DB",3.0,43330;43332;47878;43367;46152;40011;42349;47891;53492;44822;43351;43415;52663;53655;47800;52504;52444;46526;43454;44830;47839;40031,00-0032391;00-0034752;00-0030506;00-0036623;00-0033873;00-0032775;00-0036660;00-0036367;00-0034301;00-0033040;00-0035140,00-0033058;00-0032763;00-0035708;00-0031933;00-0034974;00-0032890;00-0036167;00-0035683;00-0036388;00-0033878;00-0030411,11.0,11.0,-2.47,2.736,False,FLAT,ZONE_COVERAGE,COVER_2,,,,,,,40.0
3392.0,2021_08_NYG_KC,2021110100,KC,NYG,REG,8,KC,home,NYG,KC,72.0,2021-11-01,836.0,836.0,836.0,Half2,0.0,18.0,0.0,4.0,2.0,0,13:56,KC 28,7.0,57.0,(13:56) (Shotgun) 15-P.Mahomes pass short middle to 10-T.Hill pushed ob at KC 38 for 10 yards (55-R.Ragland).,pass,10.0,1.0,0.0,1.0,0.0,0.0,0.0,short,middle,3.0,7.0,,,,,,,3.0,2.0,0.0,,,,,3.0,2.0,14.0,17.0,14.0,17.0,-3.0,14.0,17.0,-3.0,0.07083576,0.14596443,0.0025235468,0.22056592,0.21248534,0.002640112,0.34498486,0.0,0.0,1.0707285,1.1140585,-3.0550597,3.0550597,5.1411157,-5.1411157,-9.468721,9.468721,-0.2134874,1.327546,-0.2134874,1.327546,-9.514025,9.514025,5.7648296,-5.7648296,8.172416,-8.172416,-18.046614,18.046614,0.40839306,0.591607,0.40839306,0.591607,0.03646913,0.038644373,0.038644373,0.4448622,0.5551378,0.5265702,0.5265702,0.004449311,-0.004449311,-0.26334968,0.26334968,0.0,0.03646913,0.0,0.03646913,-0.18750037,0.18750037,0.064143464,-0.064143464,-0.18750037,0.18750037,-0.08901055,0.08901055,0.0,0.0,1.0,0.0,0.0,0.0,0.0,0.0,0.0,0.0,0.0,0.0,0.0,0.0,0.0,0.0,0.0,0.0,0.0,0.0,0.0,0.0,0.0,0.0,1.0,0.0,0.0,0.0,0.0,0.0,0.0,0.0,0.0,1.0,0.0,0.0,0.0,0.0,0.0,0.0,0.0,0.0,0.0,0.0,0.0,1.0,0.0,0.0,0.0,0.0,0.0,00-0033873,P.Mahomes,10.0,00-0033040,T.Hill,10.0,,,,,,,,,,,,,,,,,,,,,,,,,,,,,,,,,,,,,,,,,,,,,,NYG,,00-0033058,,R.Ragland,,,,,,,,,,,,,,0.0,,,,,,,,,,,,,,,,,,,,,,,,,,,,,,,,0.0,,,,,0.0,,,0.0,0.0,0.0,0.0,,,2021,0.80142695,19.857306,50.0,1.0,First down,3392.0,"11/1/21, 20:15:34",2021-11-02T02:40:26Z,GEHA Field at Arrowhead Stadium,"Temp: 39° F, Humidity: 86%, Wind: Northeast 3 mph",c59968af-b37c-11eb-ba8a-ecb6fe06b3b0,0,0.0,PASS,0.0,,,,18.0,Field goal,2021-11-02T02:38:18Z,14.0,6:00,5.0,1.0,1.0,4.0,4.0,5.0,KICKOFF,FIELD_GOAL,14:53,08:53,KC 25,NYG 18,3312.0,3710.0,17,20,Home,3,37,10.5,53.0,0,outdoors,grass ,39.0,4.0,Andy Reid,Joe Judge,KAN00,GEHA Field at Arrowhead Stadium,0.0,1.0,P.Mahomes,15.0,,,T.Hill,10.0,1.0,0.0,1.0,0.0,1.0,00-0033873,,00-0033040,P.Mahomes,15.0,00-0033873,T.Hill,00-0033040,T.Hill,00-0033040,1.0,1.0,1.1140585,0.8893421,5.212677,3.0,0.71248615,0.47680432,0.76415396,23.584604,2021_08_NYG_KC,KC,EMPTY,"1 RB, 1 TE, 3 WR",5.0,"2 DL, 4 LB, 5 DB",4.0,43330;43332;47878;43367;46152;40011;42349;47891;46772;53492;44822;43351;52663;53655;52504;46522;52444;43454;44830;46526;47839;40031,00-0032391;00-0034752;00-0030506;00-0036623;00-0033873;00-0036660;00-0036367;00-0034297;00-0033040;00-0034301;00-0035140,00-0033058;00-0032763;00-0035708;00-0031933;00-0034974;00-0034588;00-0032890;00-0036167;00-0036388;00-0033878;00-0030411,11.0,11.0,3.09,2.736,False,CROSS,ZONE_COVERAGE,COVER_3,,,,,,,11.0
3421.0,2021_08_NYG_KC,2021110100,KC,NYG,REG,8,KC,home,NYG,KC,62.0,2021-11-01,825.0,825.0,825.0,Half2,0.0,18.0,0.0,4.0,1.0,0,13:45,KC 38,10.0,57.0,(13:45) 15-P.Mahomes pass short left to 31-Da.Williams pushed ob at KC 48 for 10 yards (24-J.Bradberry; 55-R.Ragland).,pass,10.0,0.0,0.0,1.0,0.0,0.0,0.0,short,left,1.0,9.0,,,,,,,3.0,2.0,0.0,,,,,3.0,2.0,14.0,17.0,14.0,17.0,-3.0,14.0,17.0,-3.0,0.0647235,0.107807584,0.0015436293,0.1607433,0.2509801,0.0031707385,0.4110312,0.0,0.0,2.184787,0.61747175,-2.437588,2.437588,5.1411157,-5.1411157,-8.85125,8.85125,-0.42452353,1.0419953,-0.42452353,1.0419953,-9.938548,9.938548,6.806825,-6.806825,7.747892,-7.747892,-17.004618,17.004618,0.4448622,0.5551378,0.4448622,0.5551378,0.019131064,0.015618563,0.015618563,0.46399325,0.53600675,0.5652146,0.5652146,0.004449311,-0.004449311,-0.24421862,0.24421862,0.0,0.019131064,0.0,0.019131064,-0.18750037,0.18750037,0.08327453,-0.08327453,-0.18750037,0.18750037,-0.06987949,0.06987949,0.0,0.0,1.0,0.0,0.0,0.0,0.0,0.0,0.0,0.0,0.0,0.0,0.0,0.0,0.0,0.0,0.0,0.0,0.0,0.0,0.0,0.0,0.0,0.0,0.0,0.0,0.0,0.0,0.0,0.0,0.0,0.0,0.0,1.0,0.0,0.0,0.0,0.0,0.0,0.0,0.0,0.0,0.0,0.0,0.0,1.0,1.0,0.0,0.0,0.0,0.0,00-0033873,P.Mahomes,10.0,00-0034301,Da.Williams,10.0,,,,,,,,,,,,,,,,,,,,,,,,,,,,,,,,,,,,,,,,,,,,,,,,,,,,00-0032890,J.Bradberry,NYG,00-0033058,R.Ragland,NYG,,,,,,,0.0,,,,,,,,,,,,,,,,,,,,,,,,,,,,,,,,0.0,,,,,0.0,,,0.0,0.0,0.0,0.0,,,2021,0.8216393,17.836071,51.0,1.0,First down,3421.0,"11/1/21, 20:15:34",2021-11-02T02:41:04Z,GEHA Field at Arrowhead Stadium,"Temp: 39° F, Humidity: 86%, Wind: Northeast 3 mph",c59968af-b37c-11eb-ba8a-ecb6fe06b3b0,0,0.0,PASS,0.0,,,,18.0,Field goal,2021-11-02T02:38:18Z,14.0,6:00,5.0,1.0,1.0,4.0,4.0,5.0,KICKOFF,FIELD_GOAL,14:53,08:53,KC 25,NYG 18,3312.0,3710.0,17,20,Home,3,37,10.5,53.0,0,outdoors,grass ,39.0,4.0,Andy Reid,Joe Judge,KAN00,GEHA Field at Arrowhead Stadium,0.0,1.0,P.Mahomes,15.0,,,Da.Williams,31.0,1.0,0.0,1.0,0.0,1.0,00-0033873,,00-0034301,P.Mahomes,15.0,00-0033873,Da.Williams,00-0034301,Da.Williams,00-0034301,1.0,1.0,0.61747175,0.66790175,6.1626287,5.0,0.6052938,0.23273,0.5800272,41.997276,2021_08_NYG_KC,KC,SINGLEBACK,"1 RB, 3 TE, 1 WR",7.0,"3 DL, 3 LB, 5 DB",4.0,43330;43332;47878;43367;46152;40011;42349;47891;53492;44822;43351;53591;53655;52663;47800;52504;46522;52444;42460;46526;44830;40031,00-0032391;00-0034752;00-0030506;00-0036623;00-0033873;00-0036637;00-0036660;00-0036367;00-0034297;00-0032062;00-0034301,00-0033058;00-0032763;00-0035708;00-0031933;00-0034974;00-0032890;00-0036167;00-0035683;00-0036388;00-0033878;00-0030411,11.0,11.0,0.9,3.303,False,FLAT,ZONE_COVERAGE,COVER_2,,,,,,,29.0
3450.0,2021_08_NYG_KC,2021110100,KC,NYG,REG,8,KC,home,NYG,KC,52.0,2021-11-01,796.0,796.0,796.0,Half2,0.0,18.0,0.0,4.0,1.0,0,13:16,KC 48,10.0,57.0,(13:16) (Shotgun) 31-Da.Williams right guard to NYG 48 for 4 yards (99-L.Williams; 97-D.Lawrence).,run,4.0,1.0,0.0,0.0,0.0,0.0,0.0,,,,,right,guard,,,,,3.0,2.0,0.0,,,,,3.0,2.0,14.0,17.0,14.0,17.0,-3.0,14.0,17.0,-3.0,0.056278512,0.088513896,0.0012432669,0.12568834,0.28293124,0.0032203647,0.44212443,0.0,0.0,2.8022587,-0.26436952,-2.7019575,2.7019575,4.876746,-4.876746,-8.85125,8.85125,,,0.0,0.0,-9.938548,9.938548,6.806825,-6.806825,7.747892,-7.747892,-17.004618,17.004618,0.46399325,0.53600675,0.46399325,0.53600675,0.001141578,0.0018454194,0.0018454194,0.46513483,0.53486514,0.58083314,0.58083314,0.005590889,-0.005590889,-0.24421862,0.24421862,,,0.0,0.0,-0.18750037,0.18750037,0.08327453,-0.08327453,-0.18750037,0.18750037,-0.06987949,0.06987949,0.0,0.0,0.0,0.0,0.0,0.0,0.0,0.0,0.0,0.0,0.0,0.0,0.0,0.0,0.0,0.0,0.0,0.0,0.0,0.0,0.0,0.0,0.0,0.0,0.0,0.0,0.0,0.0,0.0,0.0,0.0,0.0,1.0,0.0,0.0,0.0,0.0,0.0,0.0,0.0,0.0,0.0,0.0,0.0,0.0,0.0,1.0,0.0,0.0,0.0,0.0,,,,,,,00-0034301,Da.Williams,4.0,,,,,,,,,,,,,,,,,,,,,,,,,,,,,,,,,,,,,,,,,,,,,,,,,00-0031933,L.Williams,NYG,00-0035683,D.Lawrence,NYG,,,,,,,0.0,,,,,,,,,,,,,,,,,,,,,,,,,,,,,,,,0.0,,,,,0.0,,,0.0,0.0,0.0,0.0,,,2021,,,52.0,1.0,First down,3450.0,"11/1/21, 20:15:34",2021-11-02T02:41:38Z,GEHA Field at Arrowhead Stadium,"Temp: 39° F, Humidity: 86%, Wind: Northeast 3 mph",c59968af-b37c-11eb-ba8a-ecb6fe06b3b0,0,0.0,RUSH,0.0,,,,18.0,Field goal,2021-11-02T02:38:18Z,14.0,6:00,5.0,1.0,1.0,4.0,4.0,5.0,KICKOFF,FIELD_GOAL,14:53,08:53,KC 25,NYG 18,3312.0,3710.0,17,20,Home,3,37,10.5,53.0,0,outdoors,grass ,39.0,4.0,Andy Reid,Joe Judge,KAN00,GEHA Field at Arrowhead Stadium,0.0,0.0,,,Da.Williams,31.0,,,0.0,1.0,0.0,0.0,1.0,,00-0034301,,Da.Williams,31.0,00-0034301,Da.Williams,00-0034301,Da.Williams,00-0034301,0.0,1.0,-0.26436952,,,,,,0.54669803,-54.669804,2021_08_NYG_KC,KC,SHOTGUN,"1 RB, 2 TE, 2 WR",6.0,"3 DL, 3 LB, 5 DB",,43330;43332;47878;43367;46152;40011;42349;47891;53492;44822;43351;52663;53655;47800;52504;52444;42460;44830;46526;43454;39646;40031,00-0032391;00-0034752;00-0030506;00-0036623;00-0033873;00-0036660;00-0036367;00-0032062;00-0034301;00-0033040;00-0029664,00-0033058;00-0032763;00-0035708;00-0031933;00-0034974;00-0032890;00-0036167;00-0035683;00-0036388;00-0033878;00-0030411,11.0,11.0,,,,,,,,,,,,,39.0
3471.0,2021_08_NYG_KC,2021110100,KC,NYG,REG,8,KC,home,NYG,NYG,48.0,2021-11-01,757.0,757.0,757.0,Half2,0.0,18.0,0.0,4.0,2.0,0,12:37,NYG 48,6.0,57.0,(12:37) 15-P.Mahomes scrambles right end ran ob at NYG 42 for 6 yards (51-A.Ojulari).,run,6.0,0.0,0.0,1.0,0.0,0.0,1.0,,,,,right,end,,,,,3.0,2.0,0.0,,,,,3.0,2.0,14.0,17.0,14.0,17.0,-3.0,14.0,17.0,-3.0,0.06700687,0.09257055,0.001137983,0.1373182,0.2793507,0.003451546,0.41916415,0.0,0.0,2.5378892,0.71160215,-1.9903554,1.9903554,5.5883484,-5.5883484,-8.85125,8.85125,,,0.0,0.0,-9.938548,9.938548,6.806825,-6.806825,7.747892,-7.747892,-17.004618,17.004618,0.46513483,0.53486514,0.46513483,0.53486514,0.04322949,0.021625936,0.021625936,0.5083643,0.49163568,0.58267856,0.58267856,0.04882038,-0.04882038,-0.24421862,0.24421862,,,0.0,0.0,-0.18750037,0.18750037,0.08327453,-0.08327453,-0.18750037,0.18750037,-0.06987949,0.06987949,0.0,1.0,0.0,0.0,0.0,0.0,0.0,0.0,0.0,0.0,0.0,0.0,0.0,0.0,0.0,0.0,0.0,0.0,0.0,0.0,0.0,0.0,0.0,0.0,1.0,0.0,0.0,0.0,0.0,0.0,0.0,0.0,1.0,0.0,0.0,0.0,0.0,0.0,0.0,0.0,0.0,0.0,0.0,0.0,0.0,0.0,0.0,0.0,0.0,0.0,0.0,,,,,,,00-0033873,P.Mahomes,6.0,,,,,,,,,,,,,,,,,,,,,,,,,,,,,,,,,,,,,,,,,,,NYG,,00-0036552,,A.Ojulari,,,,,,,,,,,,,,0.0,,,,,,,,,,,,,,,,,,,,,,,,,,,,,,,,0.0,,,,,0.0,,,0.0,0.0,0.0,0.0,,,2021,,,52.0,1.0,First down,3471.0,"11/1/21, 20:15:34",2021-11-02T02:42:16Z,GEHA Field at Arrowhead Stadium,"Temp: 39° F, Humidity: 86%, Wind: Northeast 3 mph",c59968af-b37c-11eb-ba8a-ecb6fe06b3b0,0,0.0,RUSH,0.0,,,,18.0,Field goal,2021-11-02T02:38:18Z,14.0,6:00,5.0,1.0,1.0,4.0,4.0,5.0,KICKOFF,FIELD_GOAL,14:53,08:53,KC 25,NYG 18,3312.0,3710.0,17,20,Home,3,37,10.5,53.0,0,outdoors,grass ,39.0,4.0,Andy Reid,Joe Judge,KAN00,GEHA Field at Arrowhead Stadium,0.0,1.0,P.Mahomes,15.0,,15.0,,,1.0,0.0,1.0,0.0,1.0,00-0033873,,,P.Mahomes,15.0,00-0033873,P.Mahomes,00-0033873,P.Mahomes,00-0033873,1.0,1.0,0.71160215,,,,,,0.6943653,30.563467,2021_08_NYG_KC,KC,I_FORM,"2 RB, 1 TE, 2 WR",7.0,"3 DL, 4 LB, 4 DB",3.0,43330;43332;43367;53479;46152;40011;42349;42511;46772;53492;44822;43351;43415;53655;52663;47800;52504;52444;44830;43454;46526;40031,00-0032391;00-0034752;00-0030506;00-0031595;00-0036623;00-0033873;00-0032775;00-0036660;00-0036367;00-0033040;00-0034301,00-0033058;00-0032763;00-0036552;00-0031933;00-0034588;00-0032890;00-0036167;00-0035683;00-0036388;00-0033878;00-0030411,11.0,11.0,,,,,,,,,,,,,39.0
3497.0,2021_08_NYG_KC,2021110100,KC,NYG,REG,8,KC,home,NYG,NYG,42.0,2021-11-01,718.0,718.0,718.0,Half2,0.0,18.0,0.0,4.0,1.0,0,11:58,NYG 42,10.0,57.0,"(11:58) (Shotgun) 31-Da.Williams up the middle to NYG 42 for no gain (93-T.Harris). PENALTY on NYG-48-T.Crowder, Unnecessary Roughness, 15 yards, enforced at NYG 42.",run,0.0,1.0,0.0,0.0,0.0,0.0,0.0,,,,,middle,,,,,,3.0,2.0,0.0,,,,,3.0,2.0,14.0,17.0,14.0,17.0,-3.0,14.0,17.0,-3.0,0.06111779,0.07011908,0.001044867,0.09792153,0.30664685,0.0029201272,0.46022975,0.0,0.0,3.2494915,0.9409154,-1.0494399,1.0494399,6.529264,-6.529264,-8.85125,8.85125,,,0.0,0.0,-9.938548,9.938548,6.806825,-6.806825,7.747892,-7.747892,-17.004618,17.004618,0.5083643,0.49163568,0.5083643,0.49163568,0.065810084,0.05023223,0.05023223,0.5741744,0.4258256,0.6043045,0.6043045,0.11463046,-0.11463046,-0.24421862,0.24421862,,,0.0,0.0,-0.18750037,0.18750037,0.08327453,-0.08327453,-0.18750037,0.18750037,-0.06987949,0.06987949,0.0,0.0,0.0,1.0,0.0,0.0,0.0,0.0,0.0,0.0,0.0,0.0,0.0,0.0,0.0,0.0,0.0,0.0,0.0,0.0,0.0,0.0,0.0,0.0,1.0,0.0,1.0,0.0,0.0,0.0,0.0,0.0,1.0,0.0,0.0,0.0,0.0,0.0,0.0,0.0,0.0,0.0,0.0,0.0,0.0,0.0,0.0,0.0,0.0,0.0,0.0,,,,,,,00-0034301,Da.Williams,0.0,,,,,,,,,,,,,,,,,,,,,,,,,,,,,,,,,,,,,,,,,,,NYG,,00-0034588,,T.Harris,,,,,,,,,,,,,,0.0,,,,,,,,,,,,,,,,,,,,,,,,,,,,,,,,0.0,NYG,00-0036167,T.Crowder,15.0,0.0,,Unnecessary Roughness,0.0,0.0,0.0,0.0,,,2021,,,53.0,1.0,First down,3497.0,"11/1/21, 20:15:34",2021-11-02T02:43:02Z,GEHA Field at Arrowhead Stadium,"Temp: 39° F, Humidity: 86%, Wind: Northeast 3 mph",c59968af-b37c-11eb-ba8a-ecb6fe06b3b0,0,0.0,RUSH,0.0,,,,18.0,Field goal,2021-11-02T02:38:18Z,14.0,6:00,5.0,1.0,1.0,4.0,4.0,5.0,KICKOFF,FIELD_GOAL,14:53,08:53,KC 25,NYG 18,3312.0,3710.0,17,20,Home,3,37,10.5,53.0,0,outdoors,grass ,39.0,4.0,Andy Reid,Joe Judge,KAN00,GEHA Field at Arrowhead Stadium,0.0,1.0,,,Da.Williams,31.0,,,0.0,1.0,1.0,0.0,1.0,,00-0034301,,Da.Williams,31.0,00-0034301,Da.Williams,00-0034301,Da.Williams,00-0034301,0.0,1.0,0.9409154,,,,,,0.5393647,-53.93647,2021_08_NYG_KC,KC,SHOTGUN,"1 RB, 1 TE, 3 WR",7.0,"2 DL, 4 LB, 5 DB",,43332;43367;53479;46152;42386;47891;46772;53492;44822;43351;43415;53655;52663;47800;52504;42460;52444;46526;44830;39646;47839;40031,00-0032391;00-0034752;00-0036623;00-0033873;00-0032775;00-0036660;00-0036367;00-0032062;00-0034301;00-0029664;00-0035140,00-0032763;00-0036552;00-0031553;00-0034974;00-0034588;00-0032890;00-0036167;00-0035683;00-0036388;00-0033878;00-0030411,11.0,11.0,,,,,,,,,,,,,14.0
3529.0,2021_08_NYG_KC,2021110100,KC,NYG,REG,8,KC,home,NYG,NYG,27.0,2021-11-01,704.0,704.0,704.0,Half2,0.0,18.0,0.0,4.0,1.0,0,11:44,NYG 27,10.0,57.0,(11:44) (Shotgun) 15-P.Mahomes pass incomplete short right to 81-B.Bell.,pass,0.0,1.0,0.0,1.0,0.0,0.0,0.0,short,right,12.0,,,,,,,,3.0,2.0,0.0,,,,,3.0,2.0,14.0,17.0,14.0,17.0,-3.0,14.0,17.0,-3.0,0.030855201,0.034420025,0.00054329314,0.05173642,0.37905452,0.0007978367,0.50259274,0.0,0.0,4.190407,-0.41782883,-1.4672688,1.4672688,6.529264,-6.529264,-9.269078,9.269078,0.74495035,-1.1627792,0.0,0.0,-9.938548,9.938548,6.806825,-6.806825,8.492842,-8.492842,-18.167397,18.167397,0.5741744,0.4258256,0.5741744,0.4258256,-0.023159087,-0.02776289,-0.02776289,0.5510153,0.44898468,0.6545367,0.6545367,0.11463046,-0.11463046,-0.2673777,0.2673777,0.0,-0.023159087,0.0,0.0,-0.18750037,0.18750037,0.08327453,-0.08327453,-0.18750037,0.18750037,-0.093038574,0.093038574,0.0,0.0,0.0,0.0,0.0,0.0,0.0,0.0,1.0,0.0,0.0,0.0,0.0,0.0,0.0,0.0,0.0,0.0,0.0,0.0,0.0,0.0,0.0,0.0,0.0,0.0,0.0,0.0,0.0,0.0,0.0,0.0,0.0,1.0,0.0,0.0,0.0,0.0,0.0,0.0,0.0,0.0,0.0,0.0,0.0,0.0,0.0,0.0,0.0,0.0,0.0,00-0033873,P.Mahomes,,00-0032062,B.Bell,,,,,,,,,,,,,,,,,,,,,,,,,,,,,,,,,,,,,,,,,,,,,,,,,,,,,,,,,,,,,,,,,0.0,,,,,,,,,,,,,,,,,,,,,,,,,,,,,,,,0.0,,,,,0.0,,,0.0,0.0,0.0,0.0,,,2021,0.6135997,-61.35997,54.0,1.0,First down,3529.0,"11/1/21, 20:15:34",2021-11-02T02:45:02Z,GEHA Field at Arrowhead Stadium,"Temp: 39° F, Humidity: 86%, Wind: Northeast 3 mph",c59968af-b37c-11eb-ba8a-ecb6fe06b3b0,0,0.0,PASS,0.0,,,,18.0,Field goal,2021-11-02T02:38:18Z,14.0,6:00,5.0,1.0,1.0,4.0,4.0,5.0,KICKOFF,FIELD_GOAL,14:53,08:53,KC 25,NYG 18,3312.0,3710.0,17,20,Home,3,37,10.5,53.0,0,outdoors,grass ,39.0,4.0,Andy Reid,Joe Judge,KAN00,GEHA Field at Arrowhead Stadium,0.0,0.0,P.Mahomes,15.0,,,B.Bell,81.0,1.0,0.0,0.0,0.0,1.0,00-0033873,,00-0032062,P.Mahomes,15.0,00-0033873,B.Bell,00-0032062,B.Bell,00-0032062,0.0,1.0,-0.41782883,0.19978395,2.6566417,1.0,1.0,0.997807,0.4930302,50.69698,2021_08_NYG_KC,KC,SHOTGUN,"1 RB, 2 TE, 2 WR",6.0,"2 DL, 4 LB, 5 DB",4.0,43332;43367;53479;46152;40011;53645;42386;47891;53492;44822;43351;53655;52663;47800;52504;52444;42460;46526;43454;44830;39646;40031,00-0032391;00-0034752;00-0030506;00-0036623;00-0033873;00-0036660;00-0036367;00-0032062;00-0034301;00-0033040;00-0029664,00-0032763;00-0036552;00-0036845;00-0031553;00-0034974;00-0032890;00-0036167;00-0035683;00-0036388;00-0033878;00-0030411,11.0,11.0,12.66,3.17,False,CROSS,ZONE_COVERAGE,COVER_6,,,,,,,5.0
3551.0,2021_08_NYG_KC,2021110100,KC,NYG,REG,8,KC,home,NYG,NYG,27.0,2021-11-01,699.0,699.0,699.0,Half2,0.0,18.0,0.0,4.0,2.0,0,11:39,NYG 27,10.0,57.0,(11:39) (Shotgun) 31-Da.Williams left end to NYG 28 for -1 yards (51-A.Ojulari).,run,-1.0,1.0,0.0,0.0,0.0,0.0,0.0,,,,,left,end,,,,,3.0,2.0,0.0,,,,,3.0,2.0,14.0,17.0,14.0,17.0,-3.0,14.0,17.0,-3.0,0.03278249,0.041310705,0.0005650945,0.0600321,0.43379584,0.0008237751,0.43069,0.0,0.0,3.772578,-0.9792776,-2.4465463,2.4465463,5.5499864,-5.5499864,-9.269078,9.269078,,,0.0,0.0,-9.938548,9.938548,6.806825,-6.806825,8.492842,-8.492842,-18.167397,18.167397,0.5510153,0.44898468,0.5510153,0.44898468,-0.06277904,-0.05297637,-0.05297637,0.48823628,0.5117637,0.62677383,0.62677383,0.051851425,-0.051851425,-0.2673777,0.2673777,,,0.0,0.0,-0.18750037,0.18750037,0.08327453,-0.08327453,-0.18750037,0.18750037,-0.093038574,0.093038574,0.0,0.0,0.0,0.0,0.0,0.0,0.0,0.0,0.0,0.0,0.0,0.0,0.0,0.0,0.0,0.0,0.0,0.0,0.0,0.0,0.0,0.0,0.0,0.0,1.0,0.0,0.0,1.0,0.0,0.0,0.0,0.0,1.0,0.0,0.0,0.0,0.0,0.0,0.0,0.0,0.0,0.0,0.0,0.0,0.0,0.0,0.0,0.0,0.0,0.0,0.0,,,,,,,00-0034301,Da.Williams,-1.0,,,,,,,,,,,,,,,,,,,,,,,,,,,,,00-0036552,A.Ojulari,,,,,,,,,,,,,NYG,,00-0036552,,A.Ojulari,,,,,,,,,,,,,,0.0,,,,,,,,,,,,,,,,,,,,,,,,,,,,,,,,0.0,,,,,0.0,,,0.0,0.0,0.0,0.0,,,2021,,,54.0,1.0,First down,3551.0,"11/1/21, 20:15:34",2021-11-02T02:45:39Z,GEHA Field at Arrowhead Stadium,"Temp: 39° F, Humidity: 86%, Wind: Northeast 3 mph",c59968af-b37c-11eb-ba8a-ecb6fe06b3b0,0,0.0,RUSH,0.0,,,,18.0,Field goal,2021-11-02T02:38:18Z,14.0,6:00,5.0,1.0,1.0,4.0,4.0,5.0,KICKOFF,FIELD_GOAL,14:53,08:53,KC 25,NYG 18,3312.0,3710.0,17,20,Home,3,37,10.5,53.0,0,outdoors,grass ,39.0,4.0,Andy Reid,Joe Judge,KAN00,GEHA Field at Arrowhead Stadium,0.0,0.0,,,Da.Williams,31.0,,,0.0,1.0,0.0,0.0,1.0,,00-0034301,,Da.Williams,31.0,00-0034301,Da.Williams,00-0034301,Da.Williams,00-0034301,0.0,1.0,-0.9792776,,,,,,0.6824567,-68.24567,2021_08_NYG_KC,KC,SHOTGUN,"1 RB, 1 TE, 3 WR",5.0,"2 DL, 3 LB, 6 DB",,52518;43367;53479;46152;40011;53645;42349;47891;53876;53492;44822;53655;52663;43351;52504;46522;52444;43454;46526;44830;39646;40031,00-0032391;00-0034752;00-0030506;00-0036623;00-0033873;00-0036660;00-0036367;00-0034297;00-0033040;00-0034301;00-0029664,00-0036394;00-0036552;00-0036845;00-0031933;00-0034974;00-0036611;00-0036167;00-0032890;00-0036388;00-0033878;00-0030411,11.0,11.0,,,,,,,,,,,,,35.0
3572.0,2021_08_NYG_KC,2021110100,KC,NYG,REG,8,KC,home,NYG,NYG,28.0,2021-11-01,664.0,664.0,664.0,Half2,0.0,18.0,0.0,4.0,3.0,0,11:04,NYG 28,11.0,57.0,(11:04) (Shotgun) 15-P.Mahomes pass short middle to 10-T.Hill to NYG 13 for 15 yards (23-L.Ryan).,pass,15.0,1.0,0.0,1.0,0.0,0.0,0.0,short,middle,13.0,2.0,,,,,,,3.0,2.0,0.0,,,,,3.0,2.0,14.0,17.0,14.0,17.0,-3.0,14.0,17.0,-3.0,0.040471498,0.052068897,0.00061864394,0.0750137,0.5857156,0.00081756694,0.24529405,0.0,0.0,2.7933004,2.2038257,-0.24272059,0.24272059,5.5499864,-5.5499864,-7.065253,7.065253,2.137871,0.06595486,2.137871,0.06595486,-7.8006773,7.8006773,6.87278,-6.87278,10.630713,-10.630713,-18.101442,18.101442,0.48823628,0.5117637,0.48823628,0.5117637,0.109051496,0.0976522,0.0976522,0.5972878,0.40271223,0.57379746,0.57379746,0.051851425,-0.051851425,-0.15832621,0.15832621,0.0,0.109051496,0.0,0.109051496,-0.18750037,0.18750037,0.19232602,-0.19232602,-0.18750037,0.18750037,0.016012922,-0.016012922,0.0,0.0,1.0,0.0,1.0,0.0,0.0,0.0,0.0,0.0,0.0,0.0,0.0,0.0,0.0,0.0,0.0,0.0,0.0,0.0,0.0,0.0,0.0,0.0,1.0,0.0,0.0,0.0,0.0,0.0,0.0,0.0,0.0,1.0,0.0,0.0,0.0,0.0,0.0,0.0,0.0,0.0,0.0,0.0,0.0,1.0,0.0,0.0,0.0,0.0,0.0,00-0033873,P.Mahomes,15.0,00-0033040,T.Hill,15.0,,,,,,,,,,,,,,,,,,,,,,,,,,,,,,,,,,,,,,,,,,,,,,NYG,,00-0030411,,L.Ryan,,,,,,,,,,,,,,0.0,,,,,,,,,,,,,,,,,,,,,,,,,,,,,,,,0.0,,,,,0.0,,,0.0,0.0,0.0,0.0,,,2021,0.65757185,34.242813,54.0,1.0,First down,3572.0,"11/1/21, 20:15:34",2021-11-02T02:46:14Z,GEHA Field at Arrowhead Stadium,"Temp: 39° F, Humidity: 86%, Wind: Northeast 3 mph",c59968af-b37c-11eb-ba8a-ecb6fe06b3b0,0,0.0,PASS,0.0,,,,18.0,Field goal,2021-11-02T02:38:18Z,14.0,6:00,5.0,1.0,1.0,4.0,4.0,5.0,KICKOFF,FIELD_GOAL,14:53,08:53,KC 25,NYG 18,3312.0,3710.0,17,20,Home,3,37,10.5,53.0,0,outdoors,grass ,39.0,4.0,Andy Reid,Joe Judge,KAN00,GEHA Field at Arrowhead Stadium,0.0,1.0,P.Mahomes,15.0,,,T.Hill,10.0,1.0,0.0,1.0,0.0,1.0,00-0033873,,00-0033040,P.Mahomes,15.0,00-0033873,T.Hill,00-0033040,T.Hill,00-0033040,0.0,1.0,2.2038257,0.26081365,3.5219169,2.0,0.9993941,0.99766815,0.9724522,2.7547777,2021_08_NYG_KC,KC,SHOTGUN,"1 RB, 1 TE, 3 WR",6.0,"2 DL, 3 LB, 6 DB",4.0,52518;43367;53479;46152;40011;53645;41325;42349;47891;53492;44822;43415;53655;52663;43351;52504;47800;52444;43454;44830;47839;40031,00-0032391;00-0034752;00-0030506;00-0031376;00-0036623;00-0033873;00-0032775;00-0036660;00-0036367;00-0033040;00-0035140,00-0036394;00-0036552;00-0036845;00-0031933;00-0034974;00-0036167;00-0032890;00-0035683;00-0036388;00-0033878;00-0030411,11.0,11.0,13.36,3.236,False,CROSS,ZONE_COVERAGE,COVER_3,,,,,,,40.0
3596.0,2021_08_NYG_KC,2021110100,KC,NYG,REG,8,KC,home,NYG,NYG,13.0,2021-11-01,624.0,624.0,624.0,Half2,0.0,18.0,0.0,4.0,1.0,0,10:24,NYG 13,10.0,57.0,(10:24) (Shotgun) 40-D.Gore up the middle to NYG 12 for 1 yard (48-T.Crowder; 99-L.Williams).,run,1.0,1.0,0.0,0.0,0.0,0.0,0.0,,,,,middle,,,,,,3.0,2.0,0.0,,,,,3.0,2.0,14.0,17.0,14.0,17.0,-3.0,14.0,17.0,-3.0,0.0200406,0.015501498,0.00064154196,0.025481718,0.33537012,0.0007152967,0.60224926,0.0,0.0,4.997126,-0.49899396,-0.74171454,0.74171454,5.050992,-5.050992,-7.065253,7.065253,,,0.0,0.0,-7.8006773,7.8006773,6.87278,-6.87278,10.630713,-10.630713,-18.101442,18.101442,0.5972878,0.40271223,0.5972878,0.40271223,-0.016489804,-0.019349873,-0.019349873,0.580798,0.41920203,0.67144966,0.67144966,0.03536162,-0.03536162,-0.15832621,0.15832621,,,0.0,0.0,-0.18750037,0.18750037,0.19232602,-0.19232602,-0.18750037,0.18750037,0.016012922,-0.016012922,0.0,0.0,0.0,0.0,0.0,0.0,0.0,0.0,0.0,0.0,0.0,0.0,0.0,0.0,0.0,0.0,0.0,0.0,0.0,0.0,0.0,0.0,0.0,0.0,0.0,0.0,0.0,0.0,0.0,0.0,0.0,0.0,1.0,0.0,0.0,0.0,0.0,0.0,0.0,0.0,0.0,0.0,0.0,0.0,0.0,0.0,1.0,0.0,0.0,0.0,0.0,,,,,,,00-0035715,D.Gore,1.0,,,,,,,,,,,,,,,,,,,,,,,,,,,,,,,,,,,,,,,,,,,,,,,,,00-0036167,T.Crowder,NYG,00-0031933,L.Williams,NYG,,,,,,,0.0,,,,,,,,,,,,,,,,,,,,,,,,,,,,,,,,0.0,,,,,0.0,,,0.0,0.0,0.0,0.0,,,2021,,,55.0,0.0,Field goal,3596.0,"11/1/21, 20:15:34",2021-11-02T02:46:54Z,GEHA Field at Arrowhead Stadium,"Temp: 39° F, Humidity: 86%, Wind: Northeast 3 mph",c59968af-b37c-11eb-ba8a-ecb6fe06b3b0,0,0.0,RUSH,0.0,,,,18.0,Field goal,2021-11-02T02:38:18Z,14.0,6:00,5.0,1.0,1.0,4.0,4.0,5.0,KICKOFF,FIELD_GOAL,14:53,08:53,KC 25,NYG 18,3312.0,3710.0,17,20,Home,3,37,10.5,53.0,0,outdoors,grass ,39.0,4.0,Andy Reid,Joe Judge,KAN00,GEHA Field at Arrowhead Stadium,0.0,0.0,,,D.Gore,40.0,,,0.0,1.0,0.0,0.0,1.0,,00-0035715,,D.Gore,40.0,00-0035715,D.Gore,00-0035715,D.Gore,00-0035715,0.0,1.0,-0.49899396,,,,,,0.45972663,-45.972664,2021_08_NYG_KC,KC,SHOTGUN,"1 RB, 1 TE, 3 WR",7.0,"3 DL, 3 LB, 5 DB",,49476;43332;43367;53479;46152;40011;42349;42386;47891;53492;44822;43351;43415;53655;52663;47800;52504;46522;52444;43454;44830;40031,00-0035715;00-0032391;00-0034752;00-0030506;00-0036623;00-0033873;00-0032775;00-0036660;00-0036367;00-0034297;00-0033040,00-0032763;00-0036552;00-0031933;00-0031553;00-0034974;00-0032890;00-0036167;00-0035683;00-0036388;00-0033878;00-0030411,11.0,11.0,,,,,,,,,,,,,40.0
3617.0,2021_08_NYG_KC,2021110100,KC,NYG,REG,8,KC,home,NYG,NYG,12.0,2021-11-01,584.0,584.0,584.0,Half2,0.0,18.0,0.0,4.0,2.0,0,09:44,NYG 12,9.0,57.0,(9:44) (Shotgun) 15-P.Mahomes pass incomplete short left to 17-M.Hardman.,pass,0.0,1.0,0.0,1.0,0.0,0.0,0.0,short,left,2.0,,,,,,,,3.0,2.0,0.0,,,,,3.0,2.0,14.0,17.0,14.0,17.0,-3.0,14.0,17.0,-3.0,0.025064327,0.017213723,0.000445036,0.029173555,0.4344315,0.00082391326,0.492848,0.0,0.0,4.498132,-0.8386975,-1.580412,1.580412,5.050992,-5.050992,-7.90395,7.90395,-0.5806324,-0.25806507,0.0,0.0,-7.8006773,7.8006773,6.87278,-6.87278,10.05008,-10.05008,-18.359507,18.359507,0.580798,0.41920203,0.580798,0.41920203,-0.036201894,-0.03241402,-0.03241402,0.5445961,0.45540392,0.6520998,0.6520998,0.03536162,-0.03536162,-0.1945281,0.1945281,0.0,-0.036201894,0.0,0.0,-0.18750037,0.18750037,0.19232602,-0.19232602,-0.18750037,0.18750037,-0.020188972,0.020188972,0.0,0.0,0.0,0.0,0.0,0.0,0.0,0.0,1.0,0.0,0.0,0.0,0.0,0.0,0.0,0.0,0.0,0.0,0.0,0.0,0.0,0.0,0.0,0.0,0.0,0.0,0.0,0.0,0.0,0.0,0.0,0.0,0.0,1.0,0.0,0.0,0.0,0.0,0.0,0.0,0.0,0.0,0.0,0.0,0.0,0.0,0.0,0.0,0.0,0.0,0.0,00-0033873,P.Mahomes,,00-0035140,M.Hardman,,,,,,,,,,,,,,,,,,,,,,,,,,,,,,,,,,,,,,,,,,,,,,,,,,,,,,,,,,,,,,,,,0.0,,,,,,,,,,,,,,,,,,,,,,,,,,,,,,,,0.0,,,,,0.0,,,0.0,0.0,0.0,0.0,,,2021,0.7720005,-77.20005,55.0,0.0,Field goal,3617.0,"11/1/21, 20:15:34",2021-11-02T02:47:34Z,GEHA Field at Arrowhead Stadium,"Temp: 39° F, Humidity: 86%, Wind: Northeast 3 mph",c59968af-b37c-11eb-ba8a-ecb6fe06b3b0,0,0.0,PASS,0.0,,,,18.0,Field goal,2021-11-02T02:38:18Z,14.0,6:00,5.0,1.0,1.0,4.0,4.0,5.0,KICKOFF,FIELD_GOAL,14:53,08:53,KC 25,NYG 18,3312.0,3710.0,17,20,Home,3,37,10.5,53.0,0,outdoors,grass ,39.0,4.0,Andy Reid,Joe Judge,KAN00,GEHA Field at Arrowhead Stadium,0.0,0.0,P.Mahomes,15.0,,,M.Hardman,17.0,1.0,0.0,0.0,0.0,1.0,00-0033873,,00-0035140,P.Mahomes,15.0,00-0033873,M.Hardman,00-0035140,M.Hardman,00-0035140,0.0,1.0,-0.8386975,0.92788905,3.8732107,3.0,0.38259426,0.23241903,0.7928899,20.71101,2021_08_NYG_KC,KC,SHOTGUN,"1 RB, 1 TE, 3 WR",6.0,"3 DL, 3 LB, 5 DB",4.0,43332;49476;43367;53479;46152;40011;42349;42386;47891;53492;44822;43351;53655;52663;47800;52504;46522;52444;44830;39646;47839;40031,00-0035715;00-0032391;00-0034752;00-0030506;00-0036623;00-0033873;00-0036660;00-0036367;00-0034297;00-0029664;00-0035140,00-0032763;00-0036552;00-0031933;00-0031553;00-0034974;00-0032890;00-0036167;00-0035683;00-0036388;00-0033878;00-0030411,11.0,11.0,2.66,5.205,True,CROSS,ZONE_COVERAGE,COVER_3,,,,,,,5.0
3657.0,2021_08_NYG_KC,2021110100,KC,NYG,REG,8,,,,,,2021-11-01,579.0,579.0,579.0,Half2,0.0,18.0,0.0,4.0,,0,09:39,NYG 12,0.0,57.0,Timeout #1 by KC at 09:39.,no_play,0.0,0.0,0.0,0.0,0.0,0.0,0.0,,,,,,,,,,,2.0,2.0,1.0,KC,,,,,,14.0,17.0,,,,,,,0.0,0.0,0.0,0.0,0.0,0.0,0.0,0.0,0.0,3.6594348,0.0,-1.580412,1.580412,5.050992,-5.050992,-7.90395,7.90395,,,0.0,0.0,-7.8006773,7.8006773,6.87278,-6.87278,10.05008,-10.05008,-18.359507,18.359507,0.5445961,0.45540392,0.5445961,0.45540392,0.0,0.0,0.0,,,0.61968577,0.61968577,0.03536162,-0.03536162,-0.1945281,0.1945281,,,0.0,0.0,-0.18750037,0.18750037,0.19232602,-0.19232602,-0.18750037,0.18750037,-0.020188972,0.020188972,0.0,0.0,0.0,0.0,0.0,0.0,0.0,0.0,0.0,0.0,0.0,0.0,0.0,0.0,0.0,0.0,0.0,0.0,0.0,0.0,0.0,0.0,0.0,0.0,0.0,0.0,0.0,0.0,0.0,0.0,0.0,0.0,0.0,0.0,0.0,0.0,0.0,0.0,0.0,0.0,0.0,0.0,0.0,0.0,0.0,0.0,0.0,0.0,0.0,0.0,0.0,,,,,,,,,,,,,,,,,,,,,,,,,,,,,,,,,,,,,,,,,,,,,,,,,,,,,,,,,,,,,,,,,,,,,,0.0,,,,,,,,,,,,,,,,,,,,,,,,,,,,,,,,0.0,,,,,0.0,,,0.0,0.0,0.0,0.0,,,2021,,,55.0,0.0,Field goal,3657.0,"11/1/21, 20:15:34",2021-11-02T02:48:52Z,GEHA Field at Arrowhead Stadium,"Temp: 39° F, Humidity: 86%, Wind: Northeast 3 mph",c59968af-b37c-11eb-ba8a-ecb6fe06b3b0,0,0.0,TIMEOUT,0.0,,,,18.0,Field goal,2021-11-02T02:38:18Z,14.0,6:00,5.0,1.0,1.0,4.0,4.0,5.0,KICKOFF,FIELD_GOAL,14:53,08:53,KC 25,NYG 18,3312.0,3710.0,17,20,Home,3,37,10.5,53.0,0,outdoors,grass ,39.0,4.0,Andy Reid,Joe Judge,KAN00,GEHA Field at Arrowhead Stadium,0.0,0.0,,,,,,,0.0,0.0,0.0,0.0,0.0,,,,,,,,,,,0.0,1.0,0.0,,,,,,,,2021_08_NYG_KC,,,,,,,,,,0.0,0.0,,,,,,,,,,,,,0.0
3674.0,2021_08_NYG_KC,2021110100,KC,NYG,REG,8,KC,home,NYG,NYG,12.0,2021-11-01,579.0,579.0,579.0,Half2,0.0,18.0,0.0,4.0,3.0,0,09:39,NYG 12,9.0,57.0,"(9:39) (Shotgun) 15-P.Mahomes sacked at NYG 17 for -5 yards (99-L.Williams). FUMBLES (99-L.Williams) [95-Q.Roche], recovered by KC-65-T.Smith at NYG 18.",pass,-6.0,1.0,0.0,1.0,0.0,0.0,0.0,,,,,,,,,,,2.0,2.0,0.0,,,,,2.0,2.0,14.0,17.0,14.0,17.0,-3.0,14.0,17.0,-3.0,0.036872137,0.01948069,0.00038947578,0.031870298,0.6079591,0.0012255242,0.3022028,0.0,0.0,3.6594348,-1.0609894,-2.6414015,2.6414015,5.050992,-5.050992,-8.964939,8.964939,,,0.0,0.0,-7.8006773,7.8006773,6.87278,-6.87278,10.05008,-10.05008,-18.359507,18.359507,0.5445961,0.45540392,0.5445961,0.45540392,-0.09619722,-0.10393089,-0.10393089,0.44839886,0.5516012,0.61968577,0.61968577,0.03536162,-0.03536162,-0.29072532,0.29072532,,,0.0,0.0,-0.18750037,0.18750037,0.19232602,-0.19232602,-0.18750037,0.18750037,-0.020188972,0.020188972,0.0,0.0,0.0,0.0,0.0,1.0,0.0,0.0,0.0,0.0,0.0,0.0,0.0,0.0,0.0,0.0,0.0,0.0,0.0,0.0,0.0,1.0,0.0,0.0,1.0,0.0,0.0,0.0,0.0,0.0,0.0,1.0,0.0,1.0,1.0,0.0,0.0,0.0,0.0,0.0,0.0,0.0,0.0,0.0,1.0,0.0,0.0,0.0,0.0,0.0,0.0,00-0033873,P.Mahomes,,,,,,,,,,,,,,,,,,,,,,,,,,,,,,,,,,,,,,,,00-0036845,Q.Roche,,,NYG,00-0031933,L.Williams,,,,NYG,,00-0031933,,L.Williams,,,,,,,,,,,,,,0.0,,,,,,,,,,,KC,00-0033873,P.Mahomes,,,,KC,0.0,00-0036660,T.Smith,,,,,00-0031933,L.Williams,,,,,,0.0,,,,,0.0,,,0.0,0.0,0.0,0.0,,,2021,,,55.0,0.0,Field goal,3674.0,"11/1/21, 20:15:34",2021-11-02T02:49:36Z,GEHA Field at Arrowhead Stadium,"Temp: 39° F, Humidity: 86%, Wind: Northeast 3 mph",c59968af-b37c-11eb-ba8a-ecb6fe06b3b0,0,0.0,SACK,0.0,,,,18.0,Field goal,2021-11-02T02:38:18Z,14.0,6:00,5.0,1.0,1.0,4.0,4.0,5.0,KICKOFF,FIELD_GOAL,14:53,08:53,KC 25,NYG 18,3312.0,3710.0,17,20,Home,3,37,10.5,53.0,0,outdoors,grass ,39.0,4.0,Andy Reid,Joe Judge,KAN00,GEHA Field at Arrowhead Stadium,0.0,0.0,P.Mahomes,15.0,,,,,1.0,0.0,0.0,0.0,1.0,00-0033873,,,P.Mahomes,15.0,00-0033873,,,,,0.0,1.0,-1.0609894,,,,,,0.9796067,2.0393312,2021_08_NYG_KC,KC,SHOTGUN,"1 RB, 1 TE, 3 WR",4.0,"1 DL, 3 LB, 7 DB",4.0,52518;43367;53479;46152;46312;40011;53645;42349;47891;53492;44822;53655;43351;52663;52504;46522;52444;43454;44830;46526;47839;40031,00-0032391;00-0034752;00-0030506;00-0036623;00-0033873;00-0036660;00-0036367;00-0034297;00-0033040;00-0034301;00-0035140,00-0036394;00-0036552;00-0034435;00-0036845;00-0031933;00-0034974;00-0032890;00-0036167;00-0036388;00-0033878;00-0030411,11.0,11.0,,,,,,,,,,,,,43.0
3710.0,2021_08_NYG_KC,2021110100,KC,NYG,REG,8,KC,home,NYG,NYG,18.0,2021-11-01,536.0,536.0,536.0,Half2,0.0,18.0,1.0,4.0,4.0,0,08:56,NYG 18,15.0,57.0,"(8:56) 7-H.Butker 36 yard field goal is GOOD, Center-41-J.Winchester, Holder-5-T.Townsend.",field_goal,0.0,0.0,0.0,0.0,0.0,0.0,0.0,,,,,,,made,36.0,,,2.0,2.0,0.0,,,,,2.0,2.0,17.0,17.0,14.0,17.0,-3.0,17.0,17.0,0.0,0.019884448,0.021403743,0.00034113872,0.02766194,0.9143157,0.0001451827,0.016247857,0.0,0.0,2.5984454,0.40155464,-2.2398467,2.2398467,5.050992,-5.050992,-8.964939,8.964939,,,0.0,0.0,-7.8006773,7.8006773,6.87278,-6.87278,10.05008,-10.05008,-18.359507,18.359507,0.44839886,0.5516012,0.44839886,0.5516012,0.074489206,0.06885764,0.06885764,0.52288806,0.47711194,0.5157549,0.5157549,0.03536162,-0.03536162,-0.29072532,0.29072532,,,0.0,0.0,-0.18750037,0.18750037,0.19232602,-0.19232602,-0.18750037,0.18750037,-0.020188972,0.020188972,0.0,0.0,0.0,0.0,0.0,0.0,0.0,0.0,0.0,0.0,0.0,0.0,0.0,0.0,0.0,0.0,0.0,0.0,0.0,0.0,0.0,0.0,0.0,0.0,0.0,0.0,0.0,0.0,0.0,0.0,0.0,0.0,0.0,0.0,0.0,0.0,0.0,0.0,0.0,0.0,0.0,1.0,0.0,0.0,0.0,0.0,0.0,0.0,0.0,0.0,0.0,,,,,,,,,,,,,,,,,,,,,,,,,,,,,,,,H.Butker,00-0033303,,,,,,,,,,,,,,,,,,,,,,,,,,,,,,,,,,,,,0.0,,,,,,,,,,,,,,,,,,,,,,,,,,,,,,,,0.0,,,,,0.0,,,0.0,0.0,0.0,0.0,,,2021,,,55.0,0.0,Field goal,3710.0,"11/1/21, 20:15:34",2021-11-02T02:50:19Z,GEHA Field at Arrowhead Stadium,"Temp: 39° F, Humidity: 86%, Wind: Northeast 3 mph",c59968af-b37c-11eb-ba8a-ecb6fe06b3b0,0,0.0,FIELD_GOAL,0.0,,,,18.0,Field goal,2021-11-02T02:38:18Z,14.0,6:00,5.0,1.0,1.0,4.0,4.0,5.0,KICKOFF,FIELD_GOAL,14:53,08:53,KC 25,NYG 18,3312.0,3710.0,17,20,Home,3,37,10.5,53.0,0,outdoors,grass ,39.0,4.0,Andy Reid,Joe Judge,KAN00,GEHA Field at Arrowhead Stadium,0.0,1.0,,,,,,,0.0,0.0,0.0,1.0,0.0,,,,,,,,,,,0.0,1.0,0.40155464,,,,,,,,2021_08_NYG_KC,KC,,,,,,40994;43330;48003;43332;47878;46152;46312;42349;52591;47891;53492;53876;45046;43351;52791;53591;53655;52504;47800;42460;47999;45695,00-0030615;00-0034752;00-0036623;00-0033303;00-0035889;00-0036637;00-0036660;00-0036367;00-0032062;00-0035149;00-0033831,00-0033058;00-0035304;00-0032763;00-0035708;00-0034435;00-0031933;00-0036400;00-0034974;00-0036611;00-0032890;00-0035683,11.0,11.0,,,,,,,,,,,,,3.0
3729.0,2021_08_NYG_KC,2021110100,KC,NYG,REG,8,NYG,away,KC,KC,35.0,2021-11-01,533.0,533.0,533.0,Half2,0.0,19.0,0.0,4.0,,0,08:53,KC 35,0.0,24.0,7-H.Butker kicks 66 yards from KC 35 to NYG -1. 30-D.Holmes to NYG 18 for 19 yards (44-D.O'Daniel).,kickoff,0.0,0.0,0.0,0.0,0.0,0.0,0.0,,,,,,,,66.0,,,2.0,2.0,0.0,,,,,2.0,2.0,17.0,17.0,17.0,17.0,0.0,17.0,17.0,0.0,0.20591578,0.12739879,0.0023642378,0.17998786,0.20072368,0.0014270068,0.28218263,0.0,0.0,0.9334636,-0.45210415,-1.7877426,1.7877426,5.050992,-5.050992,-8.964939,8.964939,,,0.0,0.0,-7.8006773,7.8006773,6.87278,-6.87278,10.05008,-10.05008,-18.359507,18.359507,0.47711194,0.52288806,0.52288806,0.47711194,-0.014214128,-0.014909357,0.014909357,0.5371022,0.4628978,0.41538748,0.5846125,0.03536162,-0.03536162,-0.29072532,0.29072532,,,0.0,0.0,-0.18750037,0.18750037,0.19232602,-0.19232602,-0.18750037,0.18750037,-0.020188972,0.020188972,0.0,0.0,0.0,0.0,0.0,0.0,0.0,0.0,0.0,0.0,0.0,0.0,0.0,0.0,0.0,0.0,1.0,1.0,0.0,0.0,0.0,0.0,0.0,0.0,1.0,0.0,0.0,0.0,0.0,0.0,0.0,0.0,0.0,0.0,0.0,0.0,0.0,0.0,0.0,0.0,0.0,0.0,1.0,0.0,0.0,0.0,0.0,0.0,0.0,0.0,0.0,,,,,,,,,,,,,,,,,,,,,,,,,,D.Holmes,00-0036394,,,,,H.Butker,00-0033303,,,,,,,,,,,,,,,,,,,KC,,00-0034781,,D.O'Daniel,,,,,,,,,,,,,,0.0,,,,,,,,,,,,,,,,,,,,,,,,,,,,,,,NYG,19.0,,,,,0.0,,,0.0,0.0,0.0,0.0,,,2021,,,56.0,1.0,First down,3729.0,"11/1/21, 20:15:34",2021-11-02T02:53:10Z,GEHA Field at Arrowhead Stadium,"Temp: 39° F, Humidity: 86%, Wind: Northeast 3 mph",c59968af-b37c-11eb-ba8a-ecb6fe06b3b0,0,0.0,KICK_OFF,1.0,,,,19.0,Punt,2021-11-02T02:53:10Z,8.0,4:12,2.0,0.0,0.0,4.0,4.0,-10.0,KICKOFF,PUNT,08:53,04:41,NYG 18,NYG 42,3729.0,3977.0,17,20,Home,3,37,10.5,53.0,0,outdoors,grass ,39.0,4.0,Andy Reid,Joe Judge,KAN00,GEHA Field at Arrowhead Stadium,0.0,0.0,,,,,,,0.0,0.0,0.0,1.0,0.0,,,,,,,,,,,0.0,1.0,-0.45210415,,,,,,,,2021_08_NYG_KC,KC,,,,,,43330;48003;48259;46916;49476;52518;46407;43880;41325;53645;52591;47984;46193;46099;46772;45046;47959;53591;45369;46169;53625;52573,00-0035157;00-0035715;00-0034145;00-0031376;00-0035147;00-0034680;00-0034843;00-0033303;00-0036637;00-0033481;00-0034781,00-0033058;00-0035304;00-0034736;00-0036394;00-0032813;00-0036845;00-0036400;00-0034588;00-0034988;00-0036569;00-0036254,11.0,11.0,,,,,,,,,,,,,5.0
3751.0,2021_08_NYG_KC,2021110100,KC,NYG,REG,8,NYG,away,KC,NYG,82.0,2021-11-01,528.0,528.0,528.0,Half2,0.0,19.0,0.0,4.0,1.0,0,08:48,NYG 18,10.0,24.0,(8:48) 8-D.Jones pass short right to 88-E.Engram to NYG 25 for 7 yards (54-N.Bolton).,pass,7.0,0.0,0.0,1.0,0.0,0.0,0.0,short,right,-4.0,11.0,,,,,,,2.0,2.0,0.0,,,,,2.0,2.0,17.0,17.0,17.0,17.0,0.0,17.0,17.0,0.0,0.21992941,0.1435792,0.0027961622,0.20105127,0.17410699,0.0014063539,0.25713065,0.0,0.0,0.48135945,0.46457914,-2.2523217,2.2523217,5.050992,-5.050992,-9.429519,9.429519,-1.1673452,1.6319243,-1.1673452,1.6319243,-6.6333323,6.6333323,5.2408557,-5.2408557,11.217426,-11.217426,-19.991432,19.991432,0.4628978,0.5371022,0.5371022,0.4628978,0.0017009676,0.013467401,-0.013467401,0.5354012,0.46459877,0.40047812,0.5995219,0.03536162,-0.03536162,-0.2924263,0.2924263,0.0,0.0017009676,0.0,0.0017009676,-0.18750037,0.18750037,0.19062506,-0.19062506,-0.18750037,0.18750037,-0.02188994,0.02188994,0.0,0.0,0.0,0.0,0.0,0.0,0.0,0.0,0.0,0.0,0.0,0.0,0.0,0.0,0.0,0.0,0.0,0.0,0.0,0.0,0.0,0.0,0.0,0.0,1.0,0.0,0.0,0.0,0.0,0.0,0.0,0.0,0.0,1.0,0.0,0.0,0.0,0.0,0.0,0.0,0.0,0.0,0.0,0.0,0.0,1.0,0.0,0.0,0.0,0.0,0.0,00-0035710,D.Jones,7.0,00-0033881,E.Engram,7.0,,,,,,,,,,,,,,,,,,,,,,,,,,,,,,,,,,,,,,,,,,,,,,KC,,00-0036621,,N.Bolton,,,,,,,,,,,,,,0.0,,,,,,,,,,,,,,,,,,,,,,,,,,,,,,,,0.0,,,,,0.0,,,0.0,0.0,0.0,0.0,,,2021,0.88019186,11.980814,56.0,1.0,First down,3751.0,"11/1/21, 20:15:34",2021-11-02T02:53:59Z,GEHA Field at Arrowhead Stadium,"Temp: 39° F, Humidity: 86%, Wind: Northeast 3 mph",c59968af-b37c-11eb-ba8a-ecb6fe06b3b0,0,0.0,PASS,0.0,,,,19.0,Punt,2021-11-02T02:53:10Z,8.0,4:12,2.0,0.0,0.0,4.0,4.0,-10.0,KICKOFF,PUNT,08:53,04:41,NYG 18,NYG 42,3729.0,3977.0,17,20,Home,3,37,10.5,53.0,0,outdoors,grass ,39.0,4.0,Andy Reid,Joe Judge,KAN00,GEHA Field at Arrowhead Stadium,0.0,1.0,D.Jones,8.0,,,E.Engram,88.0,1.0,0.0,0.0,0.0,1.0,00-0035710,,00-0033881,D.Jones,8.0,00-0035710,E.Engram,00-0033881,E.Engram,00-0033881,0.0,1.0,0.46457914,1.2828928,10.311812,9.0,0.53976965,0.23586413,0.50007606,49.992393,2021_08_NYG_KC,NYG,SINGLEBACK,"1 RB, 2 TE, 2 WR",7.0,"4 DL, 3 LB, 4 DB",4.0,46144;43425;52546;37090;44835;46757;47846;42406;52585;46090;43338;47789;43695;53487;40017;47954;44821;46103;52471;46521;52507;37118,00-0032972;00-0027955;00-0033881;00-0034762;00-0035710;00-0032575;00-0035535;00-0033460;00-0034346;00-0036392;00-0027981,00-0034818;00-0036374;00-0034573;00-0035625;00-0032210;00-0036378;00-0032387;00-0036621;00-0030459;00-0036362;00-0034296,11.0,11.0,-4.85,2.836,False,SCREEN,ZONE_COVERAGE,COVER_6,,,,,,,40.0
3775.0,2021_08_NYG_KC,2021110100,KC,NYG,REG,8,NYG,away,KC,NYG,75.0,2021-11-01,488.0,488.0,488.0,Half2,0.0,19.0,0.0,4.0,2.0,0,08:08,NYG 25,3.0,24.0,"(8:08) (No Huddle, Shotgun) 28-D.Booker left end to NYG 27 for 2 yards (91-D.Nnadi; 50-W.Gay).",run,2.0,1.0,1.0,0.0,0.0,0.0,0.0,,,,,left,end,,,,,2.0,2.0,0.0,,,,,2.0,2.0,17.0,17.0,17.0,17.0,0.0,17.0,17.0,0.0,0.23213479,0.13129953,0.0021485742,0.1684571,0.18284754,0.0013992343,0.28171328,0.0,0.0,0.9459386,-0.072199136,-2.1801226,2.1801226,5.1231914,-5.1231914,-9.429519,9.429519,,,0.0,0.0,-6.6333323,6.6333323,5.2408557,-5.2408557,11.217426,-11.217426,-19.991432,19.991432,0.46459877,0.5354012,0.5354012,0.46459877,-0.0069457293,-0.0034904182,0.0034904182,0.54234695,0.45765305,0.41394553,0.58605444,0.04230735,-0.04230735,-0.2924263,0.2924263,,,0.0,0.0,-0.18750037,0.18750037,0.19062506,-0.19062506,-0.18750037,0.18750037,-0.02188994,0.02188994,0.0,0.0,0.0,0.0,0.0,0.0,0.0,0.0,0.0,0.0,0.0,0.0,0.0,0.0,0.0,0.0,0.0,0.0,0.0,0.0,0.0,0.0,0.0,0.0,0.0,0.0,0.0,0.0,0.0,0.0,0.0,0.0,1.0,0.0,0.0,0.0,0.0,0.0,0.0,0.0,0.0,0.0,0.0,0.0,0.0,0.0,1.0,0.0,0.0,0.0,0.0,,,,,,,00-0032972,D.Booker,2.0,,,,,,,,,,,,,,,,,,,,,,,,,,,,,,,,,,,,,,,,,,,,,,,,,00-0034818,D.Nnadi,KC,00-0036362,W.Gay,KC,,,,,,,0.0,,,,,,,,,,,,,,,,,,,,,,,,,,,,,,,,0.0,,,,,0.0,,,0.0,0.0,0.0,0.0,,,2021,,,56.0,1.0,First down,3775.0,"11/1/21, 20:15:34",2021-11-02T02:54:40Z,GEHA Field at Arrowhead Stadium,"Temp: 39° F, Humidity: 86%, Wind: Northeast 3 mph",c59968af-b37c-11eb-ba8a-ecb6fe06b3b0,0,0.0,RUSH,0.0,,,,19.0,Punt,2021-11-02T02:53:10Z,8.0,4:12,2.0,0.0,0.0,4.0,4.0,-10.0,KICKOFF,PUNT,08:53,04:41,NYG 18,NYG 42,3729.0,3977.0,17,20,Home,3,37,10.5,53.0,0,outdoors,grass ,39.0,4.0,Andy Reid,Joe Judge,KAN00,GEHA Field at Arrowhead Stadium,0.0,0.0,,,D.Booker,28.0,,,0.0,1.0,0.0,0.0,1.0,,00-0032972,,D.Booker,28.0,00-0032972,D.Booker,00-0032972,D.Booker,00-0032972,0.0,1.0,-0.072199136,,,,,,0.42986172,-42.98617,2021_08_NYG_KC,NYG,SHOTGUN,"1 RB, 1 TE, 3 WR",6.0,"4 DL, 2 LB, 5 DB",,46144;43425;37090;52546;46757;47846;42406;52585;53449;46090;43338;47789;43695;53487;47984;40017;47954;47959;46103;52471;52507;52573,00-0032972;00-0027955;00-0036913;00-0034762;00-0035710;00-0032575;00-0035535;00-0034988;00-0034346;00-0036392;00-0036254,00-0034818;00-0036374;00-0034573;00-0035625;00-0032210;00-0036378;00-0032387;00-0036621;00-0035147;00-0030459;00-0036362,11.0,11.0,,,,,,,,,,,,,40.0
3796.0,2021_08_NYG_KC,2021110100,KC,NYG,REG,8,NYG,away,KC,NYG,73.0,2021-11-01,448.0,448.0,448.0,Half2,0.0,19.0,0.0,4.0,3.0,0,07:28,NYG 27,1.0,24.0,"(7:28) 8-D.Jones pass short right to 39-E.Penny to NYG 43 for 16 yards (35-C.Ward). PENALTY on NYG-39-E.Penny, Taunting, 15 yards, enforced at NYG 43.",pass,16.0,0.0,0.0,1.0,0.0,0.0,0.0,short,right,0.0,16.0,,,,,,,2.0,2.0,0.0,,,,,2.0,2.0,17.0,17.0,17.0,17.0,0.0,17.0,17.0,0.0,0.26159,0.13487925,0.0022075907,0.16089568,0.1667126,0.0014159929,0.2722989,0.0,0.0,0.8737394,0.16966248,-2.349785,2.349785,5.1231914,-5.1231914,-9.599181,9.599181,-1.4459529,1.6156154,-1.4459529,1.6156154,-5.1873794,5.1873794,3.6252403,-3.6252403,12.663379,-12.663379,-21.607046,21.607046,0.45765305,0.54234695,0.54234695,0.45765305,0.026401222,0.023375243,-0.023375243,0.51594573,0.48405427,0.4104551,0.5895449,0.04230735,-0.04230735,-0.3188275,0.3188275,0.0,0.026401222,0.0,0.026401222,-0.18750037,0.18750037,0.16422383,-0.16422383,-0.18750037,0.18750037,-0.04829116,0.04829116,0.0,0.0,1.0,0.0,1.0,0.0,0.0,0.0,0.0,0.0,0.0,0.0,0.0,0.0,0.0,0.0,0.0,0.0,0.0,0.0,0.0,0.0,0.0,0.0,1.0,0.0,1.0,0.0,0.0,0.0,0.0,0.0,0.0,1.0,0.0,0.0,0.0,0.0,0.0,0.0,0.0,0.0,0.0,0.0,0.0,1.0,0.0,0.0,0.0,0.0,0.0,00-0035710,D.Jones,16.0,00-0032813,E.Penny,16.0,,,,,,,,,,,,,,,,,,,,,,,,,,,,,,,,,,,,,,,,,,,,,,KC,,00-0034573,,C.Ward,,,,,,,,,,,,,,0.0,,,,,,,,,,,,,,,,,,,,,,,,,,,,,,,,0.0,NYG,00-0032813,E.Penny,15.0,0.0,,Taunting,0.0,0.0,0.0,0.0,,,2021,0.72461945,27.538055,56.0,1.0,First down,3796.0,"11/1/21, 20:15:34",2021-11-02T02:55:20Z,GEHA Field at Arrowhead Stadium,"Temp: 39° F, Humidity: 86%, Wind: Northeast 3 mph",c59968af-b37c-11eb-ba8a-ecb6fe06b3b0,0,0.0,PASS,0.0,,,,19.0,Punt,2021-11-02T02:53:10Z,8.0,4:12,2.0,0.0,0.0,4.0,4.0,-10.0,KICKOFF,PUNT,08:53,04:41,NYG 18,NYG 42,3729.0,3977.0,17,20,Home,3,37,10.5,53.0,0,outdoors,grass ,39.0,4.0,Andy Reid,Joe Judge,KAN00,GEHA Field at Arrowhead Stadium,0.0,1.0,D.Jones,8.0,,,E.Penny,39.0,1.0,0.0,1.0,0.0,1.0,00-0035710,,00-0032813,D.Jones,8.0,00-0035710,E.Penny,00-0032813,E.Penny,00-0032813,0.0,1.0,0.16966248,1.8501216,7.095682,5.0,0.8513876,0.8513876,0.3357484,66.42516,2021_08_NYG_KC,NYG,I_FORM,"2 RB, 2 TE, 1 WR",7.0,"4 DL, 3 LB, 4 DB",4.0,46144;43425;37090;52546;46757;47846;42406;43880;52585;46090;43338;47789;43695;53487;40017;46103;47959;52471;46521;52507;52573;37118,00-0032972;00-0027955;00-0032813;00-0034762;00-0035710;00-0032575;00-0034346;00-0034988;00-0036392;00-0036254;00-0027981,00-0034818;00-0036374;00-0034573;00-0035625;00-0032210;00-0036378;00-0032387;00-0036621;00-0030459;00-0036362;00-0034296,11.0,11.0,0.31,2.036,False,FLAT,ZONE_COVERAGE,COVER_2,,,,,,,18.0
3831.0,2021_08_NYG_KC,2021110100,KC,NYG,REG,8,NYG,away,KC,NYG,72.0,2021-11-01,430.0,430.0,430.0,Half2,0.0,19.0,0.0,4.0,1.0,0,07:10,NYG 28,10.0,24.0,(7:10) (Shotgun) 8-D.Jones pass short left to 15-C.Johnson to NYG 32 for 4 yards (38-L.Sneed).,pass,4.0,1.0,0.0,1.0,0.0,0.0,0.0,short,left,3.0,1.0,,,,,,,2.0,2.0,0.0,,,,,2.0,2.0,17.0,17.0,17.0,17.0,0.0,17.0,17.0,0.0,0.28566292,0.11324193,0.0021663266,0.14699441,0.18502384,0.0014048041,0.26550573,0.0,0.0,1.043402,-0.013192178,-2.336593,2.336593,5.1231914,-5.1231914,-9.585989,9.585989,-0.14860094,0.13540876,-0.14860094,0.13540876,-5.0387783,5.0387783,3.4898314,-3.4898314,12.81198,-12.81198,-21.742456,21.742456,0.48405427,0.51594573,0.51594573,0.48405427,-0.005626768,0.021188915,-0.021188915,0.5215725,0.4784275,0.43383035,0.5661696,0.04230735,-0.04230735,-0.31320074,0.31320074,0.0,-0.005626768,0.0,-0.005626768,-0.18750037,0.18750037,0.1698506,-0.1698506,-0.18750037,0.18750037,-0.042664394,0.042664394,0.0,0.0,0.0,0.0,0.0,0.0,0.0,0.0,0.0,0.0,0.0,0.0,0.0,0.0,0.0,0.0,0.0,0.0,0.0,0.0,0.0,0.0,0.0,0.0,1.0,0.0,0.0,0.0,0.0,0.0,0.0,0.0,0.0,1.0,0.0,0.0,0.0,0.0,0.0,0.0,0.0,0.0,0.0,0.0,0.0,1.0,0.0,0.0,0.0,0.0,0.0,00-0035710,D.Jones,4.0,00-0036254,C.Johnson,4.0,,,,,,,,,,,,,,,,,,,,,,,,,,,,,,,,,,,,,,,,,,,,,,KC,,00-0036374,,L.Sneed,,,,,,,,,,,,,,0.0,,,,,,,,,,,,,,,,,,,,,,,,,,,,,,,,0.0,,,,,0.0,,,0.0,0.0,0.0,0.0,,,2021,0.78359497,21.640503,57.0,1.0,First down,3831.0,"11/1/21, 20:15:34",2021-11-02T02:56:51Z,GEHA Field at Arrowhead Stadium,"Temp: 39° F, Humidity: 86%, Wind: Northeast 3 mph",c59968af-b37c-11eb-ba8a-ecb6fe06b3b0,0,0.0,PASS,0.0,,,,19.0,Punt,2021-11-02T02:53:10Z,8.0,4:12,2.0,0.0,0.0,4.0,4.0,-10.0,KICKOFF,PUNT,08:53,04:41,NYG 18,NYG 42,3729.0,3977.0,17,20,Home,3,37,10.5,53.0,0,outdoors,grass ,39.0,4.0,Andy Reid,Joe Judge,KAN00,GEHA Field at Arrowhead Stadium,0.0,0.0,D.Jones,8.0,,,C.Johnson,15.0,1.0,0.0,0.0,0.0,1.0,00-0035710,,00-0036254,D.Jones,8.0,00-0035710,C.Johnson,00-0036254,C.Johnson,00-0036254,0.0,1.0,-0.013192178,0.5672191,4.775948,3.0,0.8171984,0.22874965,0.529228,47.0772,2021_08_NYG_KC,NYG,SHOTGUN,"1 RB, 2 TE, 2 WR",6.0,"4 DL, 3 LB, 4 DB",2.0,46144;43425;52546;37090;46757;47846;42406;52585;46090;43338;47789;43695;53487;40017;47954;47959;46103;52471;46521;52507;52573;37118,00-0032972;00-0027955;00-0034762;00-0035710;00-0032575;00-0035535;00-0034988;00-0034346;00-0036392;00-0036254;00-0027981,00-0034818;00-0036374;00-0034573;00-0035625;00-0032210;00-0036378;00-0032387;00-0036621;00-0030459;00-0036362;00-0034296,11.0,11.0,3.88,2.836,True,HITCH,ZONE_COVERAGE,COVER_2,,,,,,,37.0
3855.0,2021_08_NYG_KC,2021110100,KC,NYG,REG,8,NYG,away,KC,NYG,68.0,2021-11-01,393.0,393.0,393.0,Half2,0.0,19.0,0.0,4.0,2.0,0,06:33,NYG 32,6.0,24.0,(6:33) (Shotgun) 28-D.Booker left guard to NYG 34 for 2 yards (90-J.Reed; 54-N.Bolton).,run,2.0,1.0,0.0,0.0,0.0,0.0,0.0,,,,,left,guard,,,,,2.0,2.0,0.0,,,,,2.0,2.0,17.0,17.0,17.0,17.0,0.0,17.0,17.0,0.0,0.30375263,0.11411483,0.002184934,0.14203732,0.17178239,0.0014114081,0.26471648,0.0,0.0,1.0302098,-0.42516872,-1.9114242,1.9114242,5.54836,-5.54836,-9.585989,9.585989,,,0.0,0.0,-5.0387783,5.0387783,3.4898314,-3.4898314,12.81198,-12.81198,-21.742456,21.742456,0.4784275,0.5215725,0.5215725,0.4784275,-0.0247114,-0.02651468,0.02651468,0.5462839,0.4537161,0.45501927,0.54498076,0.06701875,-0.06701875,-0.31320074,0.31320074,,,0.0,0.0,-0.18750037,0.18750037,0.1698506,-0.1698506,-0.18750037,0.18750037,-0.042664394,0.042664394,0.0,0.0,0.0,0.0,0.0,0.0,0.0,0.0,0.0,0.0,0.0,0.0,0.0,0.0,0.0,0.0,0.0,0.0,0.0,0.0,0.0,0.0,0.0,0.0,0.0,0.0,0.0,0.0,0.0,0.0,0.0,0.0,1.0,0.0,0.0,0.0,0.0,0.0,0.0,0.0,0.0,0.0,0.0,0.0,0.0,0.0,1.0,0.0,0.0,0.0,0.0,,,,,,,00-0032972,D.Booker,2.0,,,,,,,,,,,,,,,,,,,,,,,,,,,,,,,,,,,,,,,,,,,,,,,,,00-0032387,J.Reed,KC,00-0036621,N.Bolton,KC,,,,,,,0.0,,,,,,,,,,,,,,,,,,,,,,,,,,,,,,,,0.0,,,,,0.0,,,0.0,0.0,0.0,0.0,,,2021,,,57.0,1.0,First down,3855.0,"11/1/21, 20:15:34",2021-11-02T02:57:28Z,GEHA Field at Arrowhead Stadium,"Temp: 39° F, Humidity: 86%, Wind: Northeast 3 mph",c59968af-b37c-11eb-ba8a-ecb6fe06b3b0,0,0.0,RUSH,0.0,,,,19.0,Punt,2021-11-02T02:53:10Z,8.0,4:12,2.0,0.0,0.0,4.0,4.0,-10.0,KICKOFF,PUNT,08:53,04:41,NYG 18,NYG 42,3729.0,3977.0,17,20,Home,3,37,10.5,53.0,0,outdoors,grass ,39.0,4.0,Andy Reid,Joe Judge,KAN00,GEHA Field at Arrowhead Stadium,0.0,0.0,,,D.Booker,28.0,,,0.0,1.0,0.0,0.0,1.0,,00-0032972,,D.Booker,28.0,00-0032972,D.Booker,00-0032972,D.Booker,00-0032972,0.0,1.0,-0.42516872,,,,,,0.654441,-65.4441,2021_08_NYG_KC,NYG,SHOTGUN,"1 RB, 1 TE, 3 WR",6.0,"4 DL, 2 LB, 5 DB",,46144;43425;52546;37090;44835;46757;47846;42406;52585;53449;46090;43338;47789;43695;53487;47984;40017;47954;46103;52471;52507;52573,00-0032972;00-0027955;00-0033881;00-0036913;00-0034762;00-0035710;00-0032575;00-0035535;00-0034346;00-0036392;00-0036254,00-0034818;00-0036374;00-0034573;00-0035625;00-0032210;00-0036378;00-0032387;00-0036621;00-0035147;00-0030459;00-0036362,11.0,11.0,,,,,,,,,,,,,45.0
3876.0,2021_08_NYG_KC,2021110100,KC,NYG,REG,8,NYG,away,KC,NYG,66.0,2021-11-01,348.0,348.0,348.0,Half2,0.0,19.0,0.0,4.0,3.0,0,05:48,NYG 34,4.0,24.0,"(5:48) (Shotgun) 8-D.Jones pass incomplete deep right to 86-D.Slayton. PENALTY on KC-35-C.Ward, Defensive Holding, 5 yards, enforced at NYG 34 - No Play.",no_play,0.0,1.0,0.0,0.0,0.0,0.0,0.0,,,,,,,,,,,2.0,2.0,0.0,,,,,2.0,2.0,17.0,17.0,17.0,17.0,0.0,17.0,17.0,0.0,0.33917135,0.11350529,0.0019267945,0.15893896,0.15866289,0.00171377,0.226081,0.0,0.0,0.605041,1.0654681,-2.9768922,2.9768922,5.54836,-5.54836,-9.585989,9.585989,,,0.0,0.0,-5.0387783,5.0387783,3.4898314,-3.4898314,12.81198,-12.81198,-21.742456,21.742456,0.4537161,0.5462839,0.5462839,0.4537161,0.04818672,0.05369985,-0.05369985,0.49809718,0.5019028,0.4285046,0.5714954,0.06701875,-0.06701875,-0.31320074,0.31320074,,,0.0,0.0,-0.18750037,0.18750037,0.1698506,-0.1698506,-0.18750037,0.18750037,-0.042664394,0.042664394,0.0,0.0,0.0,1.0,0.0,0.0,0.0,0.0,0.0,0.0,0.0,0.0,0.0,0.0,0.0,0.0,0.0,0.0,0.0,0.0,0.0,0.0,0.0,0.0,0.0,0.0,1.0,0.0,0.0,0.0,0.0,0.0,0.0,0.0,0.0,0.0,0.0,0.0,0.0,0.0,0.0,0.0,0.0,0.0,0.0,0.0,0.0,0.0,0.0,0.0,0.0,,,,,,,,,,,,,,,,,,,,,,,,,,,,,,,,,,,,,,,,,,,,,,,,,,,,,,,,,,,,,,,,,,,,,,0.0,,,,,,,,,,,,,,,,,,,,,,,,,,,,,,,,0.0,KC,00-0034573,C.Ward,5.0,0.0,,Defensive Holding,0.0,0.0,0.0,0.0,,,2021,,,57.0,1.0,First down,3876.0,"11/1/21, 20:15:34",2021-11-02T02:58:13Z,GEHA Field at Arrowhead Stadium,"Temp: 39° F, Humidity: 86%, Wind: Northeast 3 mph",c59968af-b37c-11eb-ba8a-ecb6fe06b3b0,0,0.0,PENALTY,0.0,,,,19.0,Punt,2021-11-02T02:53:10Z,8.0,4:12,2.0,0.0,0.0,4.0,4.0,-10.0,KICKOFF,PUNT,08:53,04:41,NYG 18,NYG 42,3729.0,3977.0,17,20,Home,3,37,10.5,53.0,0,outdoors,grass ,39.0,4.0,Andy Reid,Joe Judge,KAN00,GEHA Field at Arrowhead Stadium,0.0,1.0,D.Jones,8.0,,,D.Slayton,86.0,1.0,0.0,1.0,0.0,1.0,00-0035710,,00-0035535,D.Jones,8.0,00-0035710,,,D.Slayton,00-0035535,0.0,1.0,1.0654681,,,,,,0.95006186,4.9938145,2021_08_NYG_KC,NYG,SHOTGUN,"1 RB, 1 TE, 3 WR",7.0,"4 DL, 1 LB, 6 DB",,43425;37090;52546;46757;42406;47846;53449;46090;47789;43695;47984;40017;47954;40051;46103;52792;46521;52507;52573;43326;37118;41502,00-0032972;00-0027955;00-0036913;00-0034762;00-0035710;00-0032575;00-0035535;00-0034346;00-0036392;00-0036254;00-0027981,00-0036374;00-0034573;00-0032210;00-0035625;00-0035147;00-0030459;00-0030503;00-0035890;00-0034296;00-0032762;00-0030665,11.0,11.0,,,,,,,,,,,,,6.0
3909.0,2021_08_NYG_KC,2021110100,KC,NYG,REG,8,NYG,away,KC,NYG,61.0,2021-11-01,342.0,342.0,342.0,Half2,0.0,19.0,0.0,4.0,1.0,0,05:42,NYG 39,10.0,24.0,"(5:42) 8-D.Jones pass short middle to 28-D.Booker to NYG 42 for 3 yards (56-B.Niemann, 54-N.Bolton).",pass,3.0,0.0,0.0,1.0,0.0,0.0,0.0,short,middle,3.0,0.0,,,,,,,2.0,2.0,0.0,,,,,2.0,2.0,17.0,17.0,17.0,17.0,0.0,17.0,17.0,0.0,0.29935932,0.081847474,0.0017306794,0.11271225,0.203473,0.0016122301,0.29926503,0.0,0.0,1.6705091,-0.33473828,-2.642154,2.642154,5.54836,-5.54836,-9.25125,9.25125,-0.33473828,0.0,-0.33473828,0.0,-4.70404,4.70404,3.4898314,-3.4898314,13.146718,-13.146718,-21.742456,21.742456,0.5019028,0.49809718,0.49809718,0.5019028,-0.019114733,-0.00029590726,0.00029590726,0.5172119,0.4827881,0.48220444,0.51779556,0.06701875,-0.06701875,-0.294086,0.294086,-0.019114733,0.0,-0.019114733,0.0,-0.16838564,0.16838564,0.1698506,-0.1698506,-0.16838564,0.16838564,-0.042664394,0.042664394,0.0,0.0,0.0,0.0,0.0,0.0,0.0,0.0,0.0,0.0,0.0,0.0,0.0,0.0,0.0,0.0,0.0,0.0,0.0,0.0,0.0,0.0,0.0,0.0,0.0,0.0,0.0,0.0,0.0,0.0,0.0,0.0,0.0,1.0,0.0,0.0,0.0,0.0,0.0,0.0,0.0,0.0,0.0,0.0,0.0,1.0,1.0,0.0,0.0,0.0,0.0,00-0035710,D.Jones,3.0,00-0032972,D.Booker,3.0,,,,,,,,,,,,,,,,,,,,,,,,,,,,,,,,,,,,,,,,,,,,,,,,,,,,00-0036621,N.Bolton,KC,,,,,,,,,,1.0,00-0034296,B.Niemann,KC,,,,,,,,,,,,,,,,,,,,,,,,,,,,,0.0,,,,,0.0,,,0.0,0.0,0.0,0.0,,,2021,0.807004,19.299603,58.0,0.0,Punt,3909.0,"11/1/21, 20:15:34",2021-11-02T02:59:14Z,GEHA Field at Arrowhead Stadium,"Temp: 39° F, Humidity: 86%, Wind: Northeast 3 mph",c59968af-b37c-11eb-ba8a-ecb6fe06b3b0,0,0.0,PASS,0.0,,,,19.0,Punt,2021-11-02T02:53:10Z,8.0,4:12,2.0,0.0,0.0,4.0,4.0,-10.0,KICKOFF,PUNT,08:53,04:41,NYG 18,NYG 42,3729.0,3977.0,17,20,Home,3,37,10.5,53.0,0,outdoors,grass ,39.0,4.0,Andy Reid,Joe Judge,KAN00,GEHA Field at Arrowhead Stadium,0.0,0.0,D.Jones,8.0,,,D.Booker,28.0,1.0,0.0,0.0,0.0,1.0,00-0035710,,00-0032972,D.Jones,8.0,00-0035710,D.Booker,00-0032972,D.Booker,00-0032972,0.0,1.0,-0.33473828,0.7897609,5.080677,4.0,0.7226637,0.25433138,0.5111473,48.88527,2021_08_NYG_KC,NYG,SINGLEBACK,"1 RB, 2 TE, 2 WR",7.0,"4 DL, 3 LB, 4 DB",5.0,46144;43425;37090;52546;47846;46090;47789;43695;53487;47984;40017;47954;40051;46103;47959;52471;52792;46521;52507;52573;37118;43326,00-0032972;00-0027955;00-0034762;00-0035710;00-0032575;00-0035535;00-0034346;00-0034988;00-0036392;00-0036254;00-0027981,00-0034818;00-0036374;00-0035625;00-0036621;00-0035147;00-0030459;00-0030503;00-0036362;00-0035890;00-0034296;00-0032762,11.0,11.0,1.83,3.67,False,ANGLE,ZONE_COVERAGE,COVER_3,,,,,,,43.0
3933.0,2021_08_NYG_KC,2021110100,KC,NYG,REG,8,NYG,away,KC,NYG,58.0,2021-11-01,299.0,299.0,299.0,Half2,0.0,19.0,0.0,4.0,2.0,0,04:59,NYG 42,7.0,24.0,(4:59) (Shotgun) 8-D.Jones pass incomplete short left to 86-D.Slayton.,pass,0.0,1.0,0.0,1.0,0.0,0.0,0.0,short,left,3.0,,,,,,,,2.0,2.0,0.0,,,,,2.0,2.0,17.0,17.0,17.0,17.0,0.0,17.0,17.0,0.0,0.34428018,0.07974556,0.0027532906,0.117933966,0.19268358,0.002044611,0.26055884,0.0,0.0,1.3357708,-0.5856256,-2.0565286,2.0565286,5.54836,-5.54836,-8.665626,8.665626,-0.18133928,-0.4042863,0.0,0.0,-4.70404,4.70404,3.4898314,-3.4898314,13.328057,-13.328057,-21.33817,21.33817,0.4827881,0.5172119,0.5172119,0.4827881,-0.051686347,-0.04638973,0.04638973,0.56889826,0.43110174,0.48190853,0.51809144,0.06701875,-0.06701875,-0.24239966,0.24239966,0.0,-0.051686347,0.0,0.0,-0.16838564,0.16838564,0.1698506,-0.1698506,-0.16838564,0.16838564,0.009021954,-0.009021954,0.0,0.0,0.0,0.0,0.0,0.0,0.0,0.0,1.0,0.0,0.0,0.0,0.0,0.0,0.0,0.0,0.0,0.0,0.0,0.0,0.0,0.0,0.0,0.0,0.0,0.0,0.0,0.0,0.0,0.0,0.0,0.0,0.0,1.0,0.0,0.0,0.0,0.0,0.0,0.0,0.0,0.0,0.0,0.0,0.0,0.0,0.0,0.0,0.0,0.0,0.0,00-0035710,D.Jones,,00-0035535,D.Slayton,,,,,,,,,,,,,,,,,,,,,,,,,,,,,,,,,,,,,,,,,,,,,,,,,,,,,,,,,,,,,,,,,0.0,,,,,,,,,,,,,,,,,,,,,,,,,,,,,,,,0.0,,,,,0.0,,,0.0,0.0,0.0,0.0,,,2021,0.7727662,-77.27662,58.0,0.0,Punt,3933.0,"11/1/21, 20:15:34",2021-11-02T02:59:58Z,GEHA Field at Arrowhead Stadium,"Temp: 39° F, Humidity: 86%, Wind: Northeast 3 mph",c59968af-b37c-11eb-ba8a-ecb6fe06b3b0,0,0.0,PASS,0.0,,,,19.0,Punt,2021-11-02T02:53:10Z,8.0,4:12,2.0,0.0,0.0,4.0,4.0,-10.0,KICKOFF,PUNT,08:53,04:41,NYG 18,NYG 42,3729.0,3977.0,17,20,Home,3,37,10.5,53.0,0,outdoors,grass ,39.0,4.0,Andy Reid,Joe Judge,KAN00,GEHA Field at Arrowhead Stadium,0.0,0.0,D.Jones,8.0,,,D.Slayton,86.0,1.0,0.0,0.0,0.0,1.0,00-0035710,,00-0035535,D.Jones,8.0,00-0035710,D.Slayton,00-0035535,D.Slayton,00-0035535,0.0,1.0,-0.5856256,0.79381543,4.6824837,3.0,0.64854777,0.43208328,0.73006254,26.993746,2021_08_NYG_KC,NYG,SHOTGUN,"1 RB, 1 TE, 3 WR",7.0,"4 DL, 1 LB, 6 DB",4.0,43425;37090;52546;44835;47846;42406;53449;43338;46090;47789;43695;47984;40017;47954;46099;40051;46103;46521;52507;52573;43326;41502,00-0032972;00-0027955;00-0033881;00-0036913;00-0034762;00-0035710;00-0032575;00-0035535;00-0034346;00-0036392;00-0036254,00-0036374;00-0035625;00-0032210;00-0032387;00-0035147;00-0030459;00-0034843;00-0030503;00-0034296;00-0032762;00-0030665,11.0,11.0,4.05,2.202,False,IN,MAN_COVERAGE,COVER_1,,,,,,,5.0
3955.0,2021_08_NYG_KC,2021110100,KC,NYG,REG,8,NYG,away,KC,NYG,58.0,2021-11-01,294.0,294.0,294.0,Half2,0.0,19.0,0.0,4.0,3.0,0,04:54,NYG 42,7.0,24.0,(4:54) (Shotgun) 8-D.Jones pass incomplete short middle to 28-D.Booker.,pass,0.0,1.0,0.0,1.0,0.0,0.0,0.0,short,middle,3.0,,,,,,,,2.0,2.0,0.0,,,,,2.0,2.0,17.0,17.0,17.0,17.0,0.0,17.0,17.0,0.0,0.37266412,0.091101445,0.0008533372,0.14617437,0.16629593,0.0021773633,0.22073348,0.0,0.0,0.75014526,-1.1895345,-0.86699396,0.86699396,5.54836,-5.54836,-7.4760904,7.4760904,-0.9303197,-0.2592148,0.0,0.0,-4.70404,4.70404,3.4898314,-3.4898314,14.258377,-14.258377,-21.078955,21.078955,0.43110174,0.56889826,0.56889826,0.43110174,-0.047456115,-0.058526784,0.058526784,0.61635435,0.38364562,0.4355188,0.5644812,0.06701875,-0.06701875,-0.19494355,0.19494355,0.0,-0.047456115,0.0,0.0,-0.16838564,0.16838564,0.1698506,-0.1698506,-0.16838564,0.16838564,0.05647807,-0.05647807,0.0,0.0,0.0,0.0,0.0,1.0,0.0,0.0,1.0,0.0,0.0,0.0,0.0,0.0,0.0,0.0,0.0,0.0,0.0,0.0,0.0,0.0,0.0,0.0,0.0,0.0,0.0,0.0,0.0,0.0,0.0,0.0,0.0,1.0,0.0,0.0,0.0,0.0,0.0,0.0,0.0,0.0,0.0,0.0,0.0,0.0,0.0,0.0,0.0,0.0,0.0,00-0035710,D.Jones,,00-0032972,D.Booker,,,,,,,,,,,,,,,,,,,,,,,,,,,,,,,,,,,,,,,,,,,,,,,,,,,,,,,,,,,,,,,,,0.0,,,,,,,,,,,,,,,,,,,,,,,,,,,,,,,,0.0,,,,,0.0,,,0.0,0.0,0.0,0.0,,,2021,0.75611037,-75.61104,58.0,0.0,Punt,3955.0,"11/1/21, 20:15:34",2021-11-02T03:00:43Z,GEHA Field at Arrowhead Stadium,"Temp: 39° F, Humidity: 86%, Wind: Northeast 3 mph",c59968af-b37c-11eb-ba8a-ecb6fe06b3b0,0,0.0,PASS,0.0,,,,19.0,Punt,2021-11-02T02:53:10Z,8.0,4:12,2.0,0.0,0.0,4.0,4.0,-10.0,KICKOFF,PUNT,08:53,04:41,NYG 18,NYG 42,3729.0,3977.0,17,20,Home,3,37,10.5,53.0,0,outdoors,grass ,39.0,4.0,Andy Reid,Joe Judge,KAN00,GEHA Field at Arrowhead Stadium,0.0,0.0,D.Jones,8.0,,,D.Booker,28.0,1.0,0.0,0.0,0.0,1.0,00-0035710,,00-0032972,D.Jones,8.0,00-0035710,D.Booker,00-0032972,D.Booker,00-0032972,0.0,1.0,-1.1895345,1.5234737,5.3663297,3.0,0.49050945,0.49050945,0.98219275,1.7807245,2021_08_NYG_KC,NYG,SHOTGUN,"1 RB, 1 TE, 3 WR",5.0,"4 DL, 1 LB, 6 DB",5.0,43425;52546;37090;44835;46757;47846;42406;53449;46090;43338;47789;43695;47984;40017;47954;46099;40051;46103;46521;52507;52573;43326,00-0032972;00-0027955;00-0033881;00-0036913;00-0034762;00-0035710;00-0032575;00-0035535;00-0034346;00-0036392;00-0036254,00-0036374;00-0034573;00-0035625;00-0032210;00-0032387;00-0035147;00-0030459;00-0034843;00-0030503;00-0034296;00-0032762,11.0,11.0,2.42,3.871,True,ANGLE,MAN_COVERAGE,COVER_1,,,,,,,5.0
3977.0,2021_08_NYG_KC,2021110100,KC,NYG,REG,8,NYG,away,KC,NYG,58.0,2021-11-01,289.0,289.0,289.0,Half2,0.0,19.0,0.0,4.0,4.0,0,04:49,NYG 42,7.0,24.0,"(4:49) 9-R.Dixon punts 34 yards to KC 24, Center-58-C.Kreiter, downed by NYG-47-C.Brown. PENALTY on NYG-47-C.Brown, Illegal Touch Kick, 5 yards, enforced at KC 24.",punt,0.0,0.0,0.0,0.0,0.0,0.0,0.0,,,,,,,,34.0,,,2.0,2.0,0.0,,,,,2.0,2.0,17.0,17.0,17.0,17.0,0.0,17.0,17.0,0.0,0.41181067,0.12634975,0.0010341664,0.20097062,0.10884631,0.006987154,0.14400135,0.0,0.0,-0.43938923,-0.5810808,-0.2859132,0.2859132,5.54836,-5.54836,-7.4760904,7.4760904,,,0.0,0.0,-4.70404,4.70404,3.4898314,-3.4898314,14.258377,-14.258377,-21.078955,21.078955,0.38364562,0.61635435,0.61635435,0.38364562,0.047901362,-0.059175998,0.059175998,0.568453,0.431547,0.37699202,0.623008,0.06701875,-0.06701875,-0.19494355,0.19494355,,,0.0,0.0,-0.16838564,0.16838564,0.1698506,-0.1698506,-0.16838564,0.16838564,0.05647807,-0.05647807,0.0,0.0,0.0,0.0,0.0,0.0,0.0,0.0,0.0,0.0,0.0,0.0,0.0,0.0,1.0,0.0,0.0,0.0,0.0,0.0,0.0,0.0,0.0,0.0,0.0,0.0,1.0,0.0,0.0,0.0,0.0,0.0,0.0,0.0,0.0,0.0,0.0,0.0,0.0,0.0,0.0,0.0,0.0,1.0,0.0,0.0,0.0,0.0,0.0,0.0,0.0,,,,,,,,,,,,,,,,,,,,,,,,,,,,,,00-0032943,R.Dixon,,,,,,,,,,,,,,,,,,,,,,,,,,,,,,,,,,,,,,,0.0,,,,,,,,,,,,,,,,,,,,,,,,,,,,,,,KC,0.0,NYG,00-0036400,C.Brown,5.0,0.0,,Illegal Touch Kick,0.0,0.0,0.0,0.0,,,2021,,,58.0,0.0,Punt,3977.0,"11/1/21, 20:15:34",2021-11-02T03:01:24Z,GEHA Field at Arrowhead Stadium,"Temp: 39° F, Humidity: 86%, Wind: Northeast 3 mph",c59968af-b37c-11eb-ba8a-ecb6fe06b3b0,0,0.0,PUNT,1.0,,,,19.0,Punt,2021-11-02T02:53:10Z,8.0,4:12,2.0,0.0,0.0,4.0,4.0,-10.0,KICKOFF,PUNT,08:53,04:41,NYG 18,NYG 42,3729.0,3977.0,17,20,Home,3,37,10.5,53.0,0,outdoors,grass ,39.0,4.0,Andy Reid,Joe Judge,KAN00,GEHA Field at Arrowhead Stadium,0.0,0.0,,,,,,,0.0,0.0,0.0,1.0,0.0,,,,,,,,,,,0.0,1.0,-0.5810808,,,,,,,,2021_08_NYG_KC,NYG,,,,,,52546;43330;48003;48259;41797;46407;46312;43880;52591;46193;47891;46772;47959;52471;53591;45369;46169;53625;46522;43517;41502;47839,00-0033058;00-0035304;00-0030957;00-0034435;00-0032813;00-0036400;00-0034974;00-0034588;00-0034988;00-0036569;00-0032943,00-0036374;00-0035157;00-0034145;00-0034680;00-0036362;00-0036637;00-0033481;00-0034781;00-0034297;00-0030665;00-0035140,11.0,11.0,,,,,,,,,,,,,8.0
4016.0,2021_08_NYG_KC,2021110100,KC,NYG,REG,8,KC,home,NYG,KC,71.0,2021-11-01,281.0,281.0,281.0,Half2,0.0,20.0,0.0,4.0,1.0,0,04:41,KC 29,10.0,55.0,"(4:41) (Shotgun) 15-P.Mahomes pass incomplete short left to 87-T.Kelce [53-O.Ximines]. PENALTY on KC-57-O.Brown, Offensive Holding, 10 yards, enforced at KC 29 - No Play.",no_play,0.0,1.0,0.0,0.0,0.0,0.0,0.0,,,,,,,,,,,2.0,2.0,0.0,,,,,2.0,2.0,17.0,17.0,17.0,17.0,0.0,17.0,17.0,0.0,0.39131084,0.08848607,0.00071678223,0.117513165,0.17187007,0.0032755523,0.22682752,0.0,0.0,1.02047,-0.80353487,-1.0894481,1.0894481,5.54836,-5.54836,-7.4760904,7.4760904,,,0.0,0.0,-4.70404,4.70404,3.4898314,-3.4898314,14.258377,-14.258377,-21.078955,21.078955,0.568453,0.431547,0.568453,0.431547,-0.03016448,-0.036927104,-0.036927104,0.53828853,0.46171147,0.682184,0.682184,0.06701875,-0.06701875,-0.19494355,0.19494355,,,0.0,0.0,-0.16838564,0.16838564,0.1698506,-0.1698506,-0.16838564,0.16838564,0.05647807,-0.05647807,0.0,0.0,0.0,0.0,0.0,0.0,0.0,0.0,0.0,0.0,0.0,0.0,0.0,0.0,0.0,0.0,0.0,0.0,0.0,0.0,0.0,0.0,0.0,0.0,0.0,0.0,1.0,0.0,0.0,0.0,0.0,0.0,0.0,0.0,0.0,0.0,0.0,0.0,0.0,0.0,0.0,0.0,0.0,0.0,0.0,0.0,0.0,0.0,0.0,0.0,0.0,,,,,,,,,,,,,,,,,,,,,,,,,,,,,,,,,,,,,,,,,,,,,,,,,,,,,,,,,,,,,,,,,,,,,,0.0,,,,,,,,,,,,,,,,,,,,,,,,,,,,,,,,0.0,KC,00-0034752,O.Brown,10.0,0.0,,Offensive Holding,0.0,0.0,0.0,0.0,,,2021,,,59.0,1.0,First down,4016.0,"11/1/21, 20:15:34",2021-11-02T03:05:17Z,GEHA Field at Arrowhead Stadium,"Temp: 39° F, Humidity: 86%, Wind: Northeast 3 mph",c59968af-b37c-11eb-ba8a-ecb6fe06b3b0,0,0.0,PENALTY,0.0,,,,20.0,Field goal,2021-11-02T03:05:17Z,9.0,3:34,3.0,1.0,1.0,4.0,4.0,10.0,PUNT,FIELD_GOAL,04:41,01:07,KC 29,NYG 16,4016.0,4329.0,17,20,Home,3,37,10.5,53.0,0,outdoors,grass ,39.0,4.0,Andy Reid,Joe Judge,KAN00,GEHA Field at Arrowhead Stadium,0.0,0.0,P.Mahomes,15.0,,,T.Kelce,87.0,1.0,0.0,0.0,0.0,1.0,00-0033873,,00-0030506,P.Mahomes,15.0,00-0033873,,,T.Kelce,00-0030506,0.0,1.0,-0.80353487,,,,,,0.51281065,48.718937,2021_08_NYG_KC,KC,EMPTY,"1 RB, 1 TE, 3 WR",5.0,"2 DL, 4 LB, 5 DB",,47878;53479;43367;46152;40011;42349;42386;47891;53492;44822;53655;43351;52663;47800;52504;46522;52444;46526;43454;44830;47839;40031,00-0032391;00-0034752;00-0030506;00-0036623;00-0033873;00-0036660;00-0036367;00-0034297;00-0034301;00-0033040;00-0035140,00-0035708;00-0036552;00-0031933;00-0031553;00-0034974;00-0032890;00-0036167;00-0035683;00-0036388;00-0033878;00-0030411,11.0,11.0,,,,,,,,,,,,,7.0
4049.0,2021_08_NYG_KC,2021110100,KC,NYG,REG,8,KC,home,NYG,KC,81.0,2021-11-01,274.0,274.0,274.0,Half2,0.0,20.0,0.0,4.0,1.0,0,04:34,KC 19,20.0,55.0,(4:34) (Shotgun) 15-P.Mahomes pass incomplete short right [53-O.Ximines].,pass,0.0,1.0,0.0,1.0,0.0,0.0,0.0,short,right,6.0,,,,,,,,2.0,2.0,0.0,,,,,2.0,2.0,17.0,17.0,17.0,17.0,0.0,17.0,17.0,0.0,0.40465963,0.114743106,0.002172985,0.15686132,0.14305538,0.0030359428,0.17547166,0.0,0.0,0.21693514,-0.44554663,-1.5349947,1.5349947,5.54836,-5.54836,-7.921637,7.921637,-0.20051731,-0.24502932,0.0,0.0,-4.70404,4.70404,3.4898314,-3.4898314,14.057859,-14.057859,-21.323984,21.323984,0.53828853,0.46171147,0.53828853,0.46171147,-0.019892812,-0.020615578,-0.020615578,0.5183957,0.48160428,0.6452569,0.6452569,0.06701875,-0.06701875,-0.21483636,0.21483636,0.0,-0.019892812,0.0,0.0,-0.16838564,0.16838564,0.1698506,-0.1698506,-0.16838564,0.16838564,0.036585256,-0.036585256,0.0,0.0,0.0,0.0,0.0,0.0,0.0,0.0,1.0,0.0,0.0,0.0,0.0,0.0,0.0,0.0,0.0,0.0,0.0,0.0,0.0,0.0,0.0,0.0,0.0,0.0,0.0,0.0,0.0,0.0,0.0,1.0,0.0,1.0,0.0,0.0,0.0,0.0,0.0,0.0,0.0,0.0,0.0,0.0,0.0,0.0,0.0,0.0,0.0,0.0,0.0,00-0033873,P.Mahomes,,,,,,,,,,,,,,,,,,,,,,,,,,,,,,,,,,,,,,,,00-0035708,O.Ximines,,,,,,,,,,,,,,,,,,,,,,,,,,,0.0,,,,,,,,,,,,,,,,,,,,,,,,,,,,,,,,0.0,,,,,0.0,,,0.0,0.0,0.0,0.0,,,2021,,,59.0,1.0,First down,4049.0,"11/1/21, 20:15:34",2021-11-02T03:06:05Z,GEHA Field at Arrowhead Stadium,"Temp: 39° F, Humidity: 86%, Wind: Northeast 3 mph",c59968af-b37c-11eb-ba8a-ecb6fe06b3b0,0,0.0,PASS,0.0,,,,20.0,Field goal,2021-11-02T03:05:17Z,9.0,3:34,3.0,1.0,1.0,4.0,4.0,10.0,PUNT,FIELD_GOAL,04:41,01:07,KC 29,NYG 16,4016.0,4329.0,17,20,Home,3,37,10.5,53.0,0,outdoors,grass ,39.0,4.0,Andy Reid,Joe Judge,KAN00,GEHA Field at Arrowhead Stadium,0.0,0.0,P.Mahomes,15.0,,,,,1.0,0.0,0.0,0.0,1.0,00-0033873,,,P.Mahomes,15.0,00-0033873,,,,,0.0,1.0,-0.44554663,,,,,,0.7647638,23.523623,2021_08_NYG_KC,KC,SHOTGUN,"1 RB, 1 TE, 3 WR",5.0,"1 DL, 4 LB, 6 DB",3.0,47878;52518;53479;43367;46152;40011;42349;52591;47891;53492;44822;43415;53655;43351;52663;52504;52444;43454;44830;46526;47839;40031,00-0032391;00-0034752;00-0030506;00-0036623;00-0033873;00-0032775;00-0036660;00-0036367;00-0033040;00-0034301;00-0035140,00-0035708;00-0036394;00-0036552;00-0031933;00-0036400;00-0034974;00-0032890;00-0036167;00-0036388;00-0033878;00-0030411,11.0,11.0,,3.771,True,,ZONE_COVERAGE,COVER_2,,,,,,,5.0
4071.0,2021_08_NYG_KC,2021110100,KC,NYG,REG,8,KC,home,NYG,KC,81.0,2021-11-01,269.0,269.0,269.0,Half2,0.0,20.0,0.0,4.0,2.0,0,04:29,KC 19,20.0,55.0,"(4:29) (Shotgun) 15-P.Mahomes pass short right intended for 13-B.Pringle INTERCEPTED by 30-D.Holmes at KC 34. 30-D.Holmes to KC 34 for no gain (13-B.Pringle). PENALTY on NYG-53-O.Ximines, Defensive Offside, 5 yards, enforced at KC 19 - No Play.",no_play,0.0,1.0,0.0,0.0,0.0,0.0,0.0,,,,,,,,,,,2.0,2.0,0.0,,,,,2.0,2.0,17.0,17.0,17.0,17.0,0.0,17.0,17.0,0.0,0.4031898,0.12756829,0.0021515074,0.18475157,0.12747261,0.0029648007,0.15190142,0.0,0.0,-0.22861148,0.21308254,-1.3219122,1.3219122,5.54836,-5.54836,-7.921637,7.921637,,,0.0,0.0,-4.70404,4.70404,3.4898314,-3.4898314,14.057859,-14.057859,-21.323984,21.323984,0.5183957,0.48160428,0.5183957,0.48160428,0.002126038,-0.0246889,-0.0246889,0.52052176,0.47947824,0.6246413,0.6246413,0.06701875,-0.06701875,-0.21483636,0.21483636,,,0.0,0.0,-0.16838564,0.16838564,0.1698506,-0.1698506,-0.16838564,0.16838564,0.036585256,-0.036585256,0.0,0.0,0.0,0.0,0.0,0.0,0.0,0.0,0.0,0.0,0.0,0.0,0.0,0.0,0.0,0.0,0.0,0.0,0.0,0.0,0.0,0.0,0.0,0.0,0.0,0.0,1.0,0.0,0.0,0.0,0.0,0.0,0.0,0.0,0.0,0.0,0.0,0.0,0.0,0.0,0.0,0.0,0.0,0.0,0.0,0.0,0.0,0.0,0.0,0.0,0.0,,,,,,,,,,,,,,,,,,,,,,,,,,,,,,,,,,,,,,,,,,,,,,,,,,,,,,,,,,,,,,,,,,,,,,0.0,,,,,,,,,,,,,,,,,,,,,,,,,,,,,,,,0.0,NYG,00-0035708,O.Ximines,5.0,0.0,,Defensive Offside,0.0,0.0,0.0,0.0,,,2021,,,59.0,1.0,First down,4071.0,"11/1/21, 20:15:34",2021-11-02T03:06:48Z,GEHA Field at Arrowhead Stadium,"Temp: 39° F, Humidity: 86%, Wind: Northeast 3 mph",c59968af-b37c-11eb-ba8a-ecb6fe06b3b0,0,0.0,PENALTY,0.0,,,,20.0,Field goal,2021-11-02T03:05:17Z,9.0,3:34,3.0,1.0,1.0,4.0,4.0,10.0,PUNT,FIELD_GOAL,04:41,01:07,KC 29,NYG 16,4016.0,4329.0,17,20,Home,3,37,10.5,53.0,0,outdoors,grass ,39.0,4.0,Andy Reid,Joe Judge,KAN00,GEHA Field at Arrowhead Stadium,0.0,1.0,P.Mahomes,15.0,,,B.Pringle,13.0,1.0,0.0,0.0,0.0,1.0,00-0033873,,00-0034297,P.Mahomes,15.0,00-0033873,,,B.Pringle,00-0034297,0.0,1.0,0.21308254,,,,,,0.87123626,12.876373,2021_08_NYG_KC,KC,SHOTGUN,"1 RB, 1 TE, 3 WR",4.0,"1 DL, 4 LB, 6 DB",,47878;52518;53479;43367;46152;40011;42349;52591;47891;53492;44822;53655;43351;52663;43415;52504;46522;52444;44830;46526;47839;40031,00-0032391;00-0034752;00-0030506;00-0036623;00-0033873;00-0036660;00-0032775;00-0036367;00-0034297;00-0034301;00-0035140,00-0035708;00-0036394;00-0036552;00-0031933;00-0036400;00-0034974;00-0032890;00-0036167;00-0036388;00-0033878;00-0030411,11.0,11.0,,,,,,,,,,,,,7.0
4113.0,2021_08_NYG_KC,2021110100,KC,NYG,REG,8,KC,home,NYG,KC,76.0,2021-11-01,262.0,262.0,262.0,Half2,0.0,20.0,0.0,4.0,2.0,0,04:22,KC 24,15.0,55.0,"(4:22) (Shotgun) 15-P.Mahomes pass short right to 87-T.Kelce to KC 38 for 14 yards (23-L.Ryan). PENALTY on NYG-48-T.Crowder, Face Mask (15 Yards), 15 yards, enforced at KC 38.",pass,14.0,1.0,0.0,1.0,0.0,0.0,0.0,short,right,5.0,9.0,,,,,,,2.0,2.0,0.0,,,,,2.0,2.0,17.0,17.0,17.0,17.0,0.0,17.0,17.0,0.0,0.4155256,0.11874747,0.0011851578,0.16919686,0.13069671,0.003433149,0.16121505,0.0,0.0,-0.015528943,2.5295863,1.2076741,-1.2076741,5.54836,-5.54836,-5.392051,5.392051,0.08360923,2.445977,0.08360923,2.445977,-4.6204305,4.6204305,5.9358087,-5.9358087,14.141469,-14.141469,-18.878006,18.878006,0.52052176,0.47947824,0.52052176,0.47947824,0.10874331,0.13098198,0.13098198,0.62926507,0.37073493,0.5999524,0.5999524,0.06701875,-0.06701875,-0.10609305,0.10609305,0.0,0.10874331,0.0,0.10874331,-0.16838564,0.16838564,0.27859393,-0.27859393,-0.16838564,0.16838564,0.14532857,-0.14532857,0.0,0.0,0.0,1.0,0.0,0.0,0.0,0.0,0.0,0.0,0.0,0.0,0.0,0.0,0.0,0.0,0.0,0.0,0.0,0.0,0.0,0.0,0.0,0.0,1.0,0.0,1.0,0.0,0.0,0.0,0.0,0.0,0.0,1.0,0.0,0.0,0.0,0.0,0.0,0.0,0.0,0.0,0.0,0.0,0.0,1.0,0.0,0.0,0.0,0.0,0.0,00-0033873,P.Mahomes,14.0,00-0030506,T.Kelce,14.0,,,,,,,,,,,,,,,,,,,,,,,,,,,,,,,,,,,,,,,,,,,,,,NYG,,00-0030411,,L.Ryan,,,,,,,,,,,,,,0.0,,,,,,,,,,,,,,,,,,,,,,,,,,,,,,,,0.0,NYG,00-0036167,T.Crowder,15.0,0.0,,Face Mask,0.0,0.0,0.0,0.0,,,2021,0.769648,23.035198,59.0,1.0,First down,4113.0,"11/1/21, 20:15:34",2021-11-02T03:07:40Z,GEHA Field at Arrowhead Stadium,"Temp: 39° F, Humidity: 86%, Wind: Northeast 3 mph",c59968af-b37c-11eb-ba8a-ecb6fe06b3b0,0,0.0,PASS,0.0,,,,20.0,Field goal,2021-11-02T03:05:17Z,9.0,3:34,3.0,1.0,1.0,4.0,4.0,10.0,PUNT,FIELD_GOAL,04:41,01:07,KC 29,NYG 16,4016.0,4329.0,17,20,Home,3,37,10.5,53.0,0,outdoors,grass ,39.0,4.0,Andy Reid,Joe Judge,KAN00,GEHA Field at Arrowhead Stadium,0.0,1.0,P.Mahomes,15.0,,,T.Kelce,87.0,1.0,0.0,1.0,0.0,1.0,00-0033873,,00-0030506,P.Mahomes,15.0,00-0033873,T.Kelce,00-0030506,T.Kelce,00-0030506,0.0,1.0,2.5295863,0.34771514,3.980975,2.0,0.98856854,0.08643536,0.86538893,13.461107,2021_08_NYG_KC,KC,SHOTGUN,"1 RB, 1 TE, 3 WR",4.0,"1 DL, 4 LB, 6 DB",4.0,52518;53479;43367;46152;40011;53645;42349;52591;47891;53492;44822;53655;52663;43351;52504;52444;43454;44830;46526;39646;47839;40031,00-0032391;00-0034752;00-0030506;00-0036623;00-0033873;00-0036660;00-0036367;00-0033040;00-0034301;00-0029664;00-0035140,00-0036394;00-0036552;00-0036845;00-0031933;00-0036400;00-0034974;00-0036167;00-0032890;00-0036388;00-0033878;00-0030411,11.0,11.0,5.26,2.602,False,HITCH,ZONE_COVERAGE,COVER_2,,,,,,,7.0
4148.0,2021_08_NYG_KC,2021110100,KC,NYG,REG,8,KC,home,NYG,NYG,47.0,2021-11-01,255.0,255.0,255.0,Half2,0.0,20.0,0.0,4.0,1.0,0,04:15,NYG 47,10.0,55.0,(4:15) (Shotgun) 31-Da.Williams right guard to NYG 39 for 8 yards (22-A.Jackson; 23-L.Ryan).,run,8.0,1.0,0.0,0.0,0.0,0.0,0.0,,,,,right,guard,,,,,2.0,2.0,0.0,,,,,2.0,2.0,17.0,17.0,17.0,17.0,0.0,17.0,17.0,0.0,0.30413726,0.05054394,0.0004111454,0.063645266,0.23332903,0.004698478,0.3432349,0.0,0.0,2.5140574,0.32821774,1.5358919,-1.5358919,5.876578,-5.876578,-5.392051,5.392051,,,0.0,0.0,-4.6204305,4.6204305,5.9358087,-5.9358087,14.141469,-14.141469,-18.878006,18.878006,0.62926507,0.37073493,0.62926507,0.37073493,0.043790936,0.044855833,0.044855833,0.673056,0.326944,0.7309344,0.7309344,0.110809684,-0.110809684,-0.10609305,0.10609305,,,0.0,0.0,-0.16838564,0.16838564,0.27859393,-0.27859393,-0.16838564,0.16838564,0.14532857,-0.14532857,0.0,0.0,0.0,0.0,0.0,0.0,0.0,0.0,0.0,0.0,0.0,0.0,0.0,0.0,0.0,0.0,0.0,0.0,0.0,0.0,0.0,0.0,0.0,0.0,0.0,0.0,0.0,0.0,0.0,0.0,0.0,0.0,1.0,0.0,0.0,0.0,0.0,0.0,0.0,0.0,0.0,0.0,0.0,0.0,0.0,0.0,1.0,0.0,0.0,0.0,0.0,,,,,,,00-0034301,Da.Williams,8.0,,,,,,,,,,,,,,,,,,,,,,,,,,,,,,,,,,,,,,,,,,,,,,,,,00-0033878,A.Jackson,NYG,00-0030411,L.Ryan,NYG,,,,,,,0.0,,,,,,,,,,,,,,,,,,,,,,,,,,,,,,,,0.0,,,,,0.0,,,0.0,0.0,0.0,0.0,,,2021,,,60.0,1.0,First down,4148.0,"11/1/21, 20:15:34",2021-11-02T03:08:39Z,GEHA Field at Arrowhead Stadium,"Temp: 39° F, Humidity: 86%, Wind: Northeast 3 mph",c59968af-b37c-11eb-ba8a-ecb6fe06b3b0,0,0.0,RUSH,0.0,,,,20.0,Field goal,2021-11-02T03:05:17Z,9.0,3:34,3.0,1.0,1.0,4.0,4.0,10.0,PUNT,FIELD_GOAL,04:41,01:07,KC 29,NYG 16,4016.0,4329.0,17,20,Home,3,37,10.5,53.0,0,outdoors,grass ,39.0,4.0,Andy Reid,Joe Judge,KAN00,GEHA Field at Arrowhead Stadium,0.0,1.0,,,Da.Williams,31.0,,,0.0,1.0,0.0,0.0,1.0,,00-0034301,,Da.Williams,31.0,00-0034301,Da.Williams,00-0034301,Da.Williams,00-0034301,0.0,1.0,0.32821774,,,,,,0.46278155,-46.278156,2021_08_NYG_KC,KC,SHOTGUN,"1 RB, 1 TE, 3 WR",7.0,"2 DL, 4 LB, 5 DB",,43332;53479;43367;46152;53645;42386;47891;53492;44822;43415;53591;53655;52663;43351;47800;52504;46522;52444;46526;43454;44830;40031,00-0032391;00-0034752;00-0036623;00-0033873;00-0032775;00-0036637;00-0036660;00-0036367;00-0034297;00-0034301;00-0033040,00-0032763;00-0036552;00-0036845;00-0031553;00-0034974;00-0036167;00-0032890;00-0035683;00-0036388;00-0033878;00-0030411,11.0,11.0,,,,,,,,,,,,,31.0
4169.0,2021_08_NYG_KC,2021110100,KC,NYG,REG,8,KC,home,NYG,NYG,39.0,2021-11-01,224.0,224.0,224.0,Half2,0.0,20.0,0.0,4.0,2.0,0,03:44,NYG 39,2.0,55.0,(3:44) (Shotgun) 31-Da.Williams right guard to NYG 33 for 6 yards (48-T.Crowder; 49-B.McKinney).,run,6.0,1.0,0.0,0.0,0.0,0.0,0.0,,,,,right,guard,,,,,2.0,2.0,0.0,,,,,2.0,2.0,17.0,17.0,17.0,17.0,0.0,17.0,17.0,0.0,0.28844193,0.04142235,0.00027509296,0.050706867,0.24755532,0.0043629264,0.3672355,0.0,0.0,2.8422751,0.10883459,1.6447265,-1.6447265,5.9854126,-5.9854126,-5.392051,5.392051,,,0.0,0.0,-4.6204305,4.6204305,5.9358087,-5.9358087,14.141469,-14.141469,-18.878006,18.878006,0.673056,0.326944,0.673056,0.326944,0.012774229,0.0069823265,0.0069823265,0.68583024,0.31416976,0.7757902,0.7757902,0.12358391,-0.12358391,-0.10609305,0.10609305,,,0.0,0.0,-0.16838564,0.16838564,0.27859393,-0.27859393,-0.16838564,0.16838564,0.14532857,-0.14532857,0.0,1.0,0.0,0.0,0.0,0.0,0.0,0.0,0.0,0.0,0.0,0.0,0.0,0.0,0.0,0.0,0.0,0.0,0.0,0.0,0.0,0.0,0.0,0.0,0.0,0.0,0.0,0.0,0.0,0.0,0.0,0.0,1.0,0.0,0.0,0.0,0.0,0.0,0.0,0.0,0.0,0.0,0.0,0.0,0.0,0.0,1.0,0.0,0.0,0.0,0.0,,,,,,,00-0034301,Da.Williams,6.0,,,,,,,,,,,,,,,,,,,,,,,,,,,,,,,,,,,,,,,,,,,,,,,,,00-0036167,T.Crowder,NYG,00-0031553,B.McKinney,NYG,,,,,,,0.0,,,,,,,,,,,,,,,,,,,,,,,,,,,,,,,,0.0,,,,,0.0,,,0.0,0.0,0.0,0.0,,,2021,,,60.0,1.0,First down,4169.0,"11/1/21, 20:15:34",2021-11-02T03:09:11Z,GEHA Field at Arrowhead Stadium,"Temp: 39° F, Humidity: 86%, Wind: Northeast 3 mph",c59968af-b37c-11eb-ba8a-ecb6fe06b3b0,0,0.0,RUSH,0.0,,,,20.0,Field goal,2021-11-02T03:05:17Z,9.0,3:34,3.0,1.0,1.0,4.0,4.0,10.0,PUNT,FIELD_GOAL,04:41,01:07,KC 29,NYG 16,4016.0,4329.0,17,20,Home,3,37,10.5,53.0,0,outdoors,grass ,39.0,4.0,Andy Reid,Joe Judge,KAN00,GEHA Field at Arrowhead Stadium,0.0,1.0,,,Da.Williams,31.0,,,0.0,1.0,1.0,0.0,1.0,,00-0034301,,Da.Williams,31.0,00-0034301,Da.Williams,00-0034301,Da.Williams,00-0034301,0.0,1.0,0.10883459,,,,,,0.2422953,-24.22953,2021_08_NYG_KC,KC,SHOTGUN,"1 RB, 2 TE, 2 WR",6.0,"2 DL, 4 LB, 5 DB",,43332;43367;53479;46152;40011;53645;42386;47891;53492;44822;43351;53655;52663;47800;52504;52444;42460;46526;43454;44830;39646;40031,00-0032391;00-0034752;00-0030506;00-0036623;00-0033873;00-0036660;00-0036367;00-0032062;00-0034301;00-0033040;00-0029664,00-0032763;00-0036552;00-0036845;00-0031553;00-0034974;00-0032890;00-0036167;00-0035683;00-0036388;00-0033878;00-0030411,11.0,11.0,,,,,,,,,,,,,17.0
4190.0,2021_08_NYG_KC,2021110100,KC,NYG,REG,8,,,,,,2021-11-01,207.0,207.0,207.0,Half2,0.0,20.0,0.0,4.0,,0,03:27,NYG 33,0.0,55.0,Timeout #2 by NYG at 03:27.,no_play,0.0,0.0,0.0,0.0,0.0,0.0,0.0,,,,,,,,,,,2.0,1.0,1.0,NYG,,,,,,17.0,17.0,,,,,,,0.0,0.0,0.0,0.0,0.0,0.0,0.0,0.0,0.0,2.9511096,0.0,1.6447265,-1.6447265,5.9854126,-5.9854126,-5.392051,5.392051,,,0.0,0.0,-4.6204305,4.6204305,5.9358087,-5.9358087,14.141469,-14.141469,-18.878006,18.878006,0.68583024,0.31416976,0.68583024,0.31416976,0.0,0.0,0.0,,,0.78277254,0.78277254,0.12358391,-0.12358391,-0.10609305,0.10609305,,,0.0,0.0,-0.16838564,0.16838564,0.27859393,-0.27859393,-0.16838564,0.16838564,0.14532857,-0.14532857,0.0,0.0,0.0,0.0,0.0,0.0,0.0,0.0,0.0,0.0,0.0,0.0,0.0,0.0,0.0,0.0,0.0,0.0,0.0,0.0,0.0,0.0,0.0,0.0,0.0,0.0,0.0,0.0,0.0,0.0,0.0,0.0,0.0,0.0,0.0,0.0,0.0,0.0,0.0,0.0,0.0,0.0,0.0,0.0,0.0,0.0,0.0,0.0,0.0,0.0,0.0,,,,,,,,,,,,,,,,,,,,,,,,,,,,,,,,,,,,,,,,,,,,,,,,,,,,,,,,,,,,,,,,,,,,,,0.0,,,,,,,,,,,,,,,,,,,,,,,,,,,,,,,,0.0,,,,,0.0,,,0.0,0.0,0.0,0.0,,,2021,,,61.0,1.0,First down,4190.0,"11/1/21, 20:15:34",2021-11-02T03:09:52Z,GEHA Field at Arrowhead Stadium,"Temp: 39° F, Humidity: 86%, Wind: Northeast 3 mph",c59968af-b37c-11eb-ba8a-ecb6fe06b3b0,0,0.0,TIMEOUT,0.0,,,,20.0,Field goal,2021-11-02T03:05:17Z,9.0,3:34,3.0,1.0,1.0,4.0,4.0,10.0,PUNT,FIELD_GOAL,04:41,01:07,KC 29,NYG 16,4016.0,4329.0,17,20,Home,3,37,10.5,53.0,0,outdoors,grass ,39.0,4.0,Andy Reid,Joe Judge,KAN00,GEHA Field at Arrowhead Stadium,0.0,0.0,,,,,,,0.0,0.0,0.0,0.0,0.0,,,,,,,,,,,0.0,1.0,0.0,,,,,,,,2021_08_NYG_KC,,,,,,,,,,0.0,0.0,,,,,,,,,,,,,0.0
4207.0,2021_08_NYG_KC,2021110100,KC,NYG,REG,8,KC,home,NYG,NYG,33.0,2021-11-01,207.0,207.0,207.0,Half2,0.0,20.0,0.0,4.0,1.0,0,03:27,NYG 33,10.0,55.0,(3:27) (Shotgun) 15-P.Mahomes pass short middle to 17-M.Hardman to NYG 9 for 24 yards (22-A.Jackson).,pass,24.0,1.0,0.0,1.0,0.0,0.0,0.0,short,middle,-4.0,28.0,,,,,,,2.0,1.0,0.0,,,,,2.0,1.0,17.0,17.0,17.0,17.0,0.0,17.0,17.0,0.0,0.26931936,0.03315234,0.0002999505,0.03863032,0.3200164,0.001708277,0.3368733,0.0,0.0,2.9511096,1.5858722,3.2305987,-3.2305987,5.9854126,-5.9854126,-3.8061788,3.8061788,-1.0357774,2.6216495,-1.0357774,2.6216495,-5.656208,5.656208,8.557458,-8.557458,13.105692,-13.105692,-16.256357,16.256357,0.68583024,0.31416976,0.68583024,0.31416976,0.09220958,0.07398403,0.07398403,0.7780398,0.22196019,0.78277254,0.78277254,0.12358391,-0.12358391,-0.0138834715,0.0138834715,0.0,0.09220958,0.0,0.09220958,-0.16838564,0.16838564,0.3708035,-0.3708035,-0.16838564,0.16838564,0.23753814,-0.23753814,0.0,0.0,1.0,0.0,0.0,0.0,0.0,0.0,0.0,0.0,0.0,0.0,0.0,0.0,0.0,0.0,0.0,0.0,0.0,0.0,0.0,0.0,0.0,0.0,1.0,0.0,0.0,0.0,0.0,0.0,0.0,0.0,0.0,1.0,0.0,0.0,0.0,0.0,0.0,0.0,0.0,0.0,0.0,0.0,0.0,1.0,0.0,0.0,0.0,0.0,0.0,00-0033873,P.Mahomes,24.0,00-0035140,M.Hardman,24.0,,,,,,,,,,,,,,,,,,,,,,,,,,,,,,,,,,,,,,,,,,,,,,NYG,,00-0033878,,A.Jackson,,,,,,,,,,,,,,0.0,,,,,,,,,,,,,,,,,,,,,,,,,,,,,,,,0.0,,,,,0.0,,,0.0,0.0,0.0,0.0,,,2021,0.8269405,17.305952,61.0,1.0,First down,4207.0,"11/1/21, 20:15:34",2021-11-02T03:10:31Z,GEHA Field at Arrowhead Stadium,"Temp: 39° F, Humidity: 86%, Wind: Northeast 3 mph",c59968af-b37c-11eb-ba8a-ecb6fe06b3b0,0,0.0,PASS,0.0,,,,20.0,Field goal,2021-11-02T03:05:17Z,9.0,3:34,3.0,1.0,1.0,4.0,4.0,10.0,PUNT,FIELD_GOAL,04:41,01:07,KC 29,NYG 16,4016.0,4329.0,17,20,Home,3,37,10.5,53.0,0,outdoors,grass ,39.0,4.0,Andy Reid,Joe Judge,KAN00,GEHA Field at Arrowhead Stadium,0.0,1.0,P.Mahomes,15.0,,,M.Hardman,17.0,1.0,0.0,1.0,0.0,1.0,00-0033873,,00-0035140,P.Mahomes,15.0,00-0033873,M.Hardman,00-0035140,M.Hardman,00-0035140,0.0,1.0,1.5858722,1.3090881,10.538013,9.0,0.55204797,0.28298944,0.34743896,65.2561,2021_08_NYG_KC,KC,SHOTGUN,"1 RB, 1 TE, 3 WR",6.0,"2 DL, 4 LB, 5 DB",3.0,43332;43367;53479;46152;40011;53645;42349;42386;47891;53492;44822;43351;53655;52663;52504;52444;46526;43454;44830;39646;47839;40031,00-0032391;00-0034752;00-0030506;00-0036623;00-0033873;00-0036660;00-0036367;00-0034301;00-0033040;00-0029664;00-0035140,00-0032763;00-0036552;00-0036845;00-0031933;00-0031553;00-0034974;00-0032890;00-0036167;00-0036388;00-0033878;00-0030411,11.0,11.0,-3.6,0.6,False,CROSS,ZONE_COVERAGE,COVER_3,,,,,,,46.0
4231.0,2021_08_NYG_KC,2021110100,KC,NYG,REG,8,KC,home,NYG,NYG,9.0,2021-11-01,161.0,161.0,161.0,Half2,0.0,20.0,0.0,4.0,1.0,1,02:41,NYG 9,9.0,55.0,(2:41) (Shotgun) 31-Da.Williams right guard to NYG 10 for -1 yards (98-A.Johnson).,run,-1.0,1.0,0.0,0.0,0.0,0.0,0.0,,,,,right,guard,,,,,2.0,1.0,0.0,,,,,2.0,1.0,17.0,17.0,17.0,17.0,0.0,17.0,17.0,0.0,0.14072654,0.0077406336,0.00025343333,0.0115759075,0.30710652,0.001551342,0.5310457,0.0,0.0,4.536982,-0.51680833,2.7137904,-2.7137904,5.468604,-5.468604,-3.8061788,3.8061788,,,0.0,0.0,-5.656208,5.656208,8.557458,-8.557458,13.105692,-13.105692,-16.256357,16.256357,0.7780398,0.22196019,0.7780398,0.22196019,0.043392718,0.009179831,0.009179831,0.82143253,0.17856747,0.85675657,0.85675657,0.16697663,-0.16697663,-0.0138834715,0.0138834715,,,0.0,0.0,-0.16838564,0.16838564,0.3708035,-0.3708035,-0.16838564,0.16838564,0.23753814,-0.23753814,0.0,0.0,0.0,0.0,0.0,0.0,0.0,0.0,0.0,0.0,0.0,0.0,0.0,0.0,0.0,0.0,0.0,0.0,0.0,0.0,0.0,0.0,0.0,0.0,1.0,0.0,0.0,1.0,0.0,0.0,0.0,0.0,1.0,0.0,0.0,0.0,0.0,0.0,0.0,0.0,0.0,0.0,0.0,0.0,0.0,0.0,0.0,0.0,0.0,0.0,0.0,,,,,,,00-0034301,Da.Williams,-1.0,,,,,,,,,,,,,,,,,,,,,,,,,,,,,00-0032763,A.Johnson,,,,,,,,,,,,,NYG,,00-0032763,,A.Johnson,,,,,,,,,,,,,,0.0,,,,,,,,,,,,,,,,,,,,,,,,,,,,,,,,0.0,,,,,0.0,,,0.0,0.0,0.0,0.0,,,2021,,,62.0,0.0,Field goal,4231.0,"11/1/21, 20:15:34",2021-11-02T03:11:18Z,GEHA Field at Arrowhead Stadium,"Temp: 39° F, Humidity: 86%, Wind: Northeast 3 mph",c59968af-b37c-11eb-ba8a-ecb6fe06b3b0,0,0.0,RUSH,0.0,,,,20.0,Field goal,2021-11-02T03:05:17Z,9.0,3:34,3.0,1.0,1.0,4.0,4.0,10.0,PUNT,FIELD_GOAL,04:41,01:07,KC 29,NYG 16,4016.0,4329.0,17,20,Home,3,37,10.5,53.0,0,outdoors,grass ,39.0,4.0,Andy Reid,Joe Judge,KAN00,GEHA Field at Arrowhead Stadium,0.0,0.0,,,Da.Williams,31.0,,,0.0,1.0,0.0,0.0,1.0,,00-0034301,,Da.Williams,31.0,00-0034301,Da.Williams,00-0034301,Da.Williams,00-0034301,0.0,1.0,-0.51680833,,,,,,0.21156599,-21.156599,2021_08_NYG_KC,KC,SHOTGUN,"1 RB, 1 TE, 3 WR",6.0,"3 DL, 3 LB, 5 DB",,43332;43367;53479;46152;40011;42349;42386;47891;53492;44822;43351;43415;53655;52663;47800;52504;46522;52444;43454;44830;46526;40031,00-0032391;00-0034752;00-0030506;00-0036623;00-0033873;00-0032775;00-0036660;00-0036367;00-0034297;00-0033040;00-0034301,00-0032763;00-0036552;00-0031933;00-0031553;00-0034974;00-0032890;00-0036167;00-0035683;00-0036388;00-0033878;00-0030411,11.0,11.0,,,,,,,,,,,,,41.0
4269.0,2021_08_NYG_KC,2021110100,KC,NYG,REG,8,KC,home,NYG,NYG,10.0,2021-11-01,120.0,120.0,120.0,Half2,0.0,20.0,0.0,4.0,2.0,1,02:00,NYG 10,10.0,55.0,(2:00) 15-P.Mahomes pass short right to 87-T.Kelce to NYG 8 for 2 yards (55-R.Ragland).,pass,2.0,0.0,0.0,1.0,0.0,0.0,0.0,short,right,0.0,2.0,,,,,,,2.0,1.0,0.0,,,,,2.0,1.0,17.0,17.0,17.0,17.0,0.0,17.0,17.0,0.0,0.17011735,0.007552976,0.0002788446,0.009506965,0.392027,0.0019519782,0.41856486,0.0,0.0,4.0201735,-1.072523,1.6412674,-1.6412674,5.468604,-5.468604,-4.8787017,4.8787017,-0.68519413,-0.38732886,-0.68519413,-0.38732886,-6.341402,6.341402,8.17013,-8.17013,12.420498,-12.420498,-16.643686,16.643686,0.82143253,0.17856747,0.82143253,0.17856747,-0.034886837,0.0065050125,0.0065050125,0.7865457,0.2134543,0.8659364,0.8659364,0.16697663,-0.16697663,-0.04877031,0.04877031,0.0,-0.034886837,0.0,-0.034886837,-0.16838564,0.16838564,0.33591667,-0.33591667,-0.16838564,0.16838564,0.2026513,-0.2026513,0.0,0.0,0.0,0.0,0.0,0.0,0.0,0.0,0.0,0.0,0.0,0.0,0.0,0.0,0.0,0.0,0.0,0.0,0.0,0.0,0.0,0.0,0.0,0.0,1.0,0.0,0.0,0.0,0.0,0.0,0.0,0.0,0.0,1.0,0.0,0.0,0.0,0.0,0.0,0.0,0.0,0.0,0.0,0.0,0.0,1.0,0.0,0.0,0.0,0.0,0.0,00-0033873,P.Mahomes,2.0,00-0030506,T.Kelce,2.0,,,,,,,,,,,,,,,,,,,,,,,,,,,,,,,,,,,,,,,,,,,,,,NYG,,00-0033058,,R.Ragland,,,,,,,,,,,,,,0.0,,,,,,,,,,,,,,,,,,,,,,,,,,,,,,,,0.0,,,,,0.0,,,0.0,0.0,0.0,0.0,,,2021,0.69342875,30.657124,62.0,0.0,Field goal,4269.0,"11/1/21, 20:15:34",2021-11-02T03:14:47Z,GEHA Field at Arrowhead Stadium,"Temp: 39° F, Humidity: 86%, Wind: Northeast 3 mph",c59968af-b37c-11eb-ba8a-ecb6fe06b3b0,0,0.0,PASS,0.0,,,,20.0,Field goal,2021-11-02T03:05:17Z,9.0,3:34,3.0,1.0,1.0,4.0,4.0,10.0,PUNT,FIELD_GOAL,04:41,01:07,KC 29,NYG 16,4016.0,4329.0,17,20,Home,3,37,10.5,53.0,0,outdoors,grass ,39.0,4.0,Andy Reid,Joe Judge,KAN00,GEHA Field at Arrowhead Stadium,0.0,0.0,P.Mahomes,15.0,,,T.Kelce,87.0,1.0,0.0,0.0,0.0,1.0,00-0033873,,00-0030506,P.Mahomes,15.0,00-0033873,T.Kelce,00-0030506,T.Kelce,00-0030506,0.0,1.0,-1.072523,1.0503474,5.020053,5.0,0.35873994,0.17531988,0.38712543,61.287457,2021_08_NYG_KC,KC,SINGLEBACK,"1 RB, 3 TE, 1 WR",7.0,"3 DL, 4 LB, 4 DB",2.0,43330;43332;43367;53479;46152;40011;42349;53645;53492;44822;43351;52663;53591;53655;47800;52504;52444;42460;46526;43454;44830;40031,00-0032391;00-0034752;00-0030506;00-0036623;00-0033873;00-0036637;00-0036660;00-0036367;00-0032062;00-0034301;00-0033040,00-0033058;00-0032763;00-0036552;00-0031933;00-0036845;00-0032890;00-0036167;00-0035683;00-0036388;00-0033878;00-0030411,11.0,11.0,-1.76,2.002,False,CROSS,ZONE_COVERAGE,COVER_4,,,,,,,4.0
4293.0,2021_08_NYG_KC,2021110100,KC,NYG,REG,8,,,,,,2021-11-01,116.0,116.0,116.0,Half2,0.0,20.0,0.0,4.0,,0,01:56,NYG 8,0.0,55.0,Timeout #3 by NYG at 01:56.,no_play,0.0,0.0,0.0,0.0,0.0,0.0,0.0,,,,,,,,,,,2.0,0.0,1.0,NYG,,,,,,17.0,17.0,,,,,,,0.0,0.0,0.0,0.0,0.0,0.0,0.0,0.0,0.0,2.9476507,0.0,1.6412674,-1.6412674,5.468604,-5.468604,-4.8787017,4.8787017,,,0.0,0.0,-6.341402,6.341402,8.17013,-8.17013,12.420498,-12.420498,-16.643686,16.643686,0.7865457,0.2134543,0.7865457,0.2134543,0.0,0.0,0.0,,,0.8724414,0.8724414,0.16697663,-0.16697663,-0.04877031,0.04877031,,,0.0,0.0,-0.16838564,0.16838564,0.33591667,-0.33591667,-0.16838564,0.16838564,0.2026513,-0.2026513,0.0,0.0,0.0,0.0,0.0,0.0,0.0,0.0,0.0,0.0,0.0,0.0,0.0,0.0,0.0,0.0,0.0,0.0,0.0,0.0,0.0,0.0,0.0,0.0,0.0,0.0,0.0,0.0,0.0,0.0,0.0,0.0,0.0,0.0,0.0,0.0,0.0,0.0,0.0,0.0,0.0,0.0,0.0,0.0,0.0,0.0,0.0,0.0,0.0,0.0,0.0,,,,,,,,,,,,,,,,,,,,,,,,,,,,,,,,,,,,,,,,,,,,,,,,,,,,,,,,,,,,,,,,,,,,,,0.0,,,,,,,,,,,,,,,,,,,,,,,,,,,,,,,,0.0,,,,,0.0,,,0.0,0.0,0.0,0.0,,,2021,,,62.0,0.0,Field goal,4293.0,"11/1/21, 20:15:34",2021-11-02T03:15:16Z,GEHA Field at Arrowhead Stadium,"Temp: 39° F, Humidity: 86%, Wind: Northeast 3 mph",c59968af-b37c-11eb-ba8a-ecb6fe06b3b0,0,0.0,TIMEOUT,0.0,,,,20.0,Field goal,2021-11-02T03:05:17Z,9.0,3:34,3.0,1.0,1.0,4.0,4.0,10.0,PUNT,FIELD_GOAL,04:41,01:07,KC 29,NYG 16,4016.0,4329.0,17,20,Home,3,37,10.5,53.0,0,outdoors,grass ,39.0,4.0,Andy Reid,Joe Judge,KAN00,GEHA Field at Arrowhead Stadium,0.0,0.0,,,,,,,0.0,0.0,0.0,0.0,0.0,,,,,,,,,,,0.0,1.0,0.0,,,,,,,,2021_08_NYG_KC,,,,,,,,,,0.0,0.0,,,,,,,,,,,,,0.0
4310.0,2021_08_NYG_KC,2021110100,KC,NYG,REG,8,KC,home,NYG,NYG,8.0,2021-11-01,116.0,116.0,116.0,Half2,0.0,20.0,0.0,4.0,3.0,1,01:56,NYG 8,8.0,55.0,(1:56) (Shotgun) 15-P.Mahomes sacked at NYG 16 for -8 yards (31-K.Crossen).,pass,-8.0,1.0,0.0,1.0,0.0,0.0,0.0,,,,,,,,,,,2.0,0.0,0.0,,,,,2.0,0.0,17.0,17.0,17.0,17.0,0.0,17.0,17.0,0.0,0.24181563,0.0060992176,0.00032725654,0.0105208345,0.5345367,0.0020528096,0.20464754,0.0,0.0,2.9476507,-0.21132122,1.4299462,-1.4299462,5.468604,-5.468604,-5.090023,5.090023,,,0.0,0.0,-6.341402,6.341402,8.17013,-8.17013,12.420498,-12.420498,-16.643686,16.643686,0.7865457,0.2134543,0.7865457,0.2134543,-0.0018055439,-0.0459913,-0.0459913,0.78474015,0.21525985,0.8724414,0.8724414,0.16697663,-0.16697663,-0.050575852,0.050575852,,,0.0,0.0,-0.16838564,0.16838564,0.33591667,-0.33591667,-0.16838564,0.16838564,0.2026513,-0.2026513,0.0,0.0,0.0,0.0,0.0,1.0,0.0,0.0,0.0,0.0,0.0,0.0,0.0,0.0,0.0,0.0,0.0,0.0,0.0,0.0,0.0,0.0,0.0,0.0,1.0,0.0,0.0,0.0,0.0,0.0,0.0,1.0,0.0,1.0,1.0,0.0,0.0,0.0,0.0,0.0,0.0,0.0,0.0,0.0,0.0,0.0,0.0,0.0,0.0,0.0,0.0,00-0033873,P.Mahomes,,,,,,,,,,,,,,,,,,,,,,,,,,,,,,,,,,,,00-0034435,K.Crossen,,,00-0034435,K.Crossen,,,,,,,,,NYG,,00-0034435,,K.Crossen,,,,,,,,,,,,,,0.0,,,,,,,,,,,,,,,,,,,,,,,,,00-0034435,K.Crossen,,,,,,0.0,,,,,0.0,,,0.0,0.0,0.0,0.0,,,2021,,,62.0,0.0,Field goal,4310.0,"11/1/21, 20:15:34",2021-11-02T03:15:53Z,GEHA Field at Arrowhead Stadium,"Temp: 39° F, Humidity: 86%, Wind: Northeast 3 mph",c59968af-b37c-11eb-ba8a-ecb6fe06b3b0,0,0.0,SACK,0.0,,,,20.0,Field goal,2021-11-02T03:05:17Z,9.0,3:34,3.0,1.0,1.0,4.0,4.0,10.0,PUNT,FIELD_GOAL,04:41,01:07,KC 29,NYG 16,4016.0,4329.0,17,20,Home,3,37,10.5,53.0,0,outdoors,grass ,39.0,4.0,Andy Reid,Joe Judge,KAN00,GEHA Field at Arrowhead Stadium,0.0,0.0,P.Mahomes,15.0,,,,,1.0,0.0,0.0,0.0,1.0,00-0033873,,,P.Mahomes,15.0,00-0033873,,,,,0.0,1.0,-0.21132122,,,,,,0.47373343,52.626656,2021_08_NYG_KC,KC,SHOTGUN,"1 RB, 1 TE, 3 WR",4.0,"1 DL, 3 LB, 7 DB",4.0,52518;43367;53479;46152;46312;40011;53645;42349;47891;53492;44822;53655;52663;43351;52504;46522;52444;46526;43454;44830;39646;40031,00-0032391;00-0034752;00-0030506;00-0036623;00-0033873;00-0036660;00-0036367;00-0034297;00-0034301;00-0033040;00-0029664,00-0036394;00-0036552;00-0034435;00-0036845;00-0031933;00-0034974;00-0036167;00-0032890;00-0036388;00-0033878;00-0030411,11.0,11.0,,,,,,,,,,,,,44.0
4329.0,2021_08_NYG_KC,2021110100,KC,NYG,REG,8,KC,home,NYG,NYG,16.0,2021-11-01,72.0,72.0,72.0,Half2,0.0,20.0,1.0,4.0,4.0,1,01:12,NYG 16,16.0,55.0,"(1:12) 7-H.Butker 34 yard field goal is GOOD, Center-41-J.Winchester, Holder-5-T.Townsend.",field_goal,0.0,0.0,0.0,0.0,0.0,0.0,0.0,,,,,,,made,34.0,,,2.0,0.0,0.0,,,,,2.0,0.0,20.0,17.0,17.0,17.0,0.0,20.0,17.0,3.0,0.05653147,0.011151506,4.2036885e-05,0.003674549,0.9260445,8.702333e-05,0.002468869,0.0,0.0,2.7363293,0.26367065,1.6936167,-1.6936167,5.468604,-5.468604,-5.090023,5.090023,,,0.0,0.0,-6.341402,6.341402,8.17013,-8.17013,12.420498,-12.420498,-16.643686,16.643686,0.78474015,0.21525985,0.78474015,0.21525985,-0.04554817,0.010994598,0.010994598,0.739192,0.26080802,0.8264501,0.8264501,0.16697663,-0.16697663,-0.050575852,0.050575852,,,0.0,0.0,-0.16838564,0.16838564,0.33591667,-0.33591667,-0.16838564,0.16838564,0.2026513,-0.2026513,0.0,0.0,0.0,0.0,0.0,0.0,0.0,0.0,0.0,0.0,0.0,0.0,0.0,0.0,0.0,0.0,0.0,0.0,0.0,0.0,0.0,0.0,0.0,0.0,0.0,0.0,0.0,0.0,0.0,0.0,0.0,0.0,0.0,0.0,0.0,0.0,0.0,0.0,0.0,0.0,0.0,1.0,0.0,0.0,0.0,0.0,0.0,0.0,0.0,0.0,0.0,,,,,,,,,,,,,,,,,,,,,,,,,,,,,,,,H.Butker,00-0033303,,,,,,,,,,,,,,,,,,,,,,,,,,,,,,,,,,,,,0.0,,,,,,,,,,,,,,,,,,,,,,,,,,,,,,,,0.0,,,,,0.0,,,0.0,0.0,0.0,0.0,,,2021,,,62.0,0.0,Field goal,4329.0,"11/1/21, 20:15:34",2021-11-02T03:16:38Z,GEHA Field at Arrowhead Stadium,"Temp: 39° F, Humidity: 86%, Wind: Northeast 3 mph",c59968af-b37c-11eb-ba8a-ecb6fe06b3b0,0,0.0,FIELD_GOAL,0.0,,,,20.0,Field goal,2021-11-02T03:05:17Z,9.0,3:34,3.0,1.0,1.0,4.0,4.0,10.0,PUNT,FIELD_GOAL,04:41,01:07,KC 29,NYG 16,4016.0,4329.0,17,20,Home,3,37,10.5,53.0,0,outdoors,grass ,39.0,4.0,Andy Reid,Joe Judge,KAN00,GEHA Field at Arrowhead Stadium,0.0,1.0,,,,,,,0.0,0.0,0.0,1.0,0.0,,,,,,,,,,,0.0,1.0,0.26367065,,,,,,,,2021_08_NYG_KC,KC,,,,,,40994;43330;48003;43332;47878;46152;46312;42349;52591;47891;53876;53492;45046;53591;43351;53655;52791;52504;47800;42460;47999;45695,00-0030615;00-0034752;00-0036623;00-0033303;00-0036637;00-0036660;00-0035889;00-0036367;00-0032062;00-0035149;00-0033831,00-0033058;00-0035304;00-0032763;00-0035708;00-0034435;00-0031933;00-0036400;00-0034974;00-0036611;00-0032890;00-0035683,11.0,11.0,,,,,,,,,,,,,5.0
4348.0,2021_08_NYG_KC,2021110100,KC,NYG,REG,8,NYG,away,KC,KC,35.0,2021-11-01,67.0,67.0,67.0,Half2,0.0,21.0,0.0,4.0,,0,01:07,KC 35,0.0,-10.0,"7-H.Butker kicks 65 yards from KC 35 to end zone, Touchback.",kickoff,0.0,0.0,0.0,0.0,0.0,0.0,0.0,,,,,,,,65.0,,,2.0,0.0,0.0,,,,,0.0,2.0,20.0,17.0,17.0,20.0,-3.0,17.0,20.0,-3.0,0.764384,0.02319044,0.0009283161,0.026166834,0.10635958,0.00042933473,0.07854156,0.0,0.0,0.6151326,-0.0,1.6936167,-1.6936167,5.468604,-5.468604,-5.090023,5.090023,,,0.0,0.0,-6.341402,6.341402,8.17013,-8.17013,12.420498,-12.420498,-16.643686,16.643686,0.26080802,0.739192,0.739192,0.26080802,-0.0,-0.0,0.0,0.739192,0.26080802,0.16255529,0.8374447,0.16697663,-0.16697663,-0.050575852,0.050575852,,,0.0,0.0,-0.16838564,0.16838564,0.33591667,-0.33591667,-0.16838564,0.16838564,0.2026513,-0.2026513,0.0,0.0,0.0,0.0,0.0,0.0,0.0,0.0,0.0,1.0,0.0,0.0,0.0,0.0,0.0,0.0,0.0,0.0,0.0,0.0,0.0,0.0,0.0,0.0,0.0,0.0,0.0,0.0,0.0,0.0,0.0,0.0,0.0,0.0,0.0,0.0,0.0,0.0,0.0,0.0,0.0,0.0,1.0,0.0,0.0,0.0,0.0,0.0,0.0,0.0,0.0,,,,,,,,,,,,,,,,,,,,,,,,,,,,,,,,H.Butker,00-0033303,,,,,,,,,,,,,,,,,,,,,,,,,,,,,,,,,,,,,0.0,,,,,,,,,,,,,,,,,,,,,,,,,,,,,,,NYG,0.0,,,,,0.0,,,0.0,0.0,0.0,0.0,,,2021,,,63.0,0.0,Turnover on downs,4348.0,"11/1/21, 20:15:34",2021-11-02T03:17:57Z,GEHA Field at Arrowhead Stadium,"Temp: 39° F, Humidity: 86%, Wind: Northeast 3 mph",c59968af-b37c-11eb-ba8a-ecb6fe06b3b0,0,0.0,KICK_OFF,1.0,,,,21.0,Turnover on downs,2021-11-02T03:17:57Z,4.0,0:42,0.0,0.0,0.0,4.0,4.0,0.0,KICKOFF,DOWNS,01:07,00:25,NYG 25,NYG 20,4348.0,4433.0,17,20,Home,3,37,10.5,53.0,0,outdoors,grass ,39.0,4.0,Andy Reid,Joe Judge,KAN00,GEHA Field at Arrowhead Stadium,0.0,0.0,,,,,,,0.0,0.0,0.0,1.0,0.0,,,,,,,,,,,0.0,1.0,-0.0,,,,,,,,2021_08_NYG_KC,KC,,,,,,43330;48003;48259;49476;46916;52518;46407;43880;41325;53645;52591;47984;46193;46099;46772;45046;47959;53591;46169;53625;45369;52573,00-0035157;00-0035715;00-0034145;00-0031376;00-0035147;00-0034680;00-0034843;00-0033303;00-0036637;00-0034781;00-0033481,00-0033058;00-0035304;00-0034736;00-0036394;00-0032813;00-0036845;00-0036400;00-0034588;00-0034988;00-0036569;00-0036254,11.0,11.0,,,,,,,,,,,,,0.0
4363.0,2021_08_NYG_KC,2021110100,KC,NYG,REG,8,NYG,away,KC,NYG,75.0,2021-11-01,67.0,67.0,67.0,Half2,0.0,21.0,0.0,4.0,1.0,0,01:07,NYG 25,10.0,-10.0,(1:07) (Shotgun) 8-D.Jones pass short right to 88-E.Engram pushed ob at NYG 28 for 3 yards (38-L.Sneed).,pass,3.0,1.0,0.0,1.0,0.0,0.0,0.0,short,right,2.0,1.0,,,,,,,2.0,0.0,0.0,,,,,0.0,2.0,20.0,17.0,17.0,20.0,-3.0,17.0,20.0,-3.0,0.764384,0.02319044,0.0009283161,0.026166834,0.10635958,0.00042933473,0.07854156,0.0,0.0,0.6151326,-0.15846632,1.8520831,-1.8520831,5.468604,-5.468604,-4.9315567,4.9315567,-0.19355085,0.035084523,-0.19355085,0.035084523,-6.1478515,6.1478515,8.135045,-8.135045,12.614048,-12.614048,-16.67877,16.67877,0.26080802,0.739192,0.739192,0.26080802,-0.037488535,-0.020198539,0.020198539,0.7766805,0.22331949,0.16255529,0.8374447,0.16697663,-0.16697663,-0.013087317,0.013087317,-0.028249219,-0.009239316,-0.028249219,-0.009239316,-0.14013642,0.14013642,0.34515598,-0.34515598,-0.14013642,0.14013642,0.21189062,-0.21189062,0.0,0.0,0.0,0.0,0.0,0.0,0.0,0.0,0.0,0.0,0.0,0.0,0.0,0.0,0.0,0.0,0.0,0.0,0.0,0.0,0.0,0.0,0.0,0.0,1.0,0.0,0.0,0.0,0.0,0.0,0.0,0.0,0.0,1.0,0.0,0.0,0.0,0.0,0.0,0.0,0.0,0.0,0.0,0.0,0.0,1.0,0.0,0.0,0.0,0.0,0.0,00-0035710,D.Jones,3.0,00-0033881,E.Engram,3.0,,,,,,,,,,,,,,,,,,,,,,,,,,,,,,,,,,,,,,,,,,,,,,KC,,00-0036374,,L.Sneed,,,,,,,,,,,,,,0.0,,,,,,,,,,,,,,,,,,,,,,,,,,,,,,,,0.0,,,,,0.0,,,0.0,0.0,0.0,0.0,,,2021,0.80600786,19.399214,63.0,0.0,Turnover on downs,4363.0,"11/1/21, 20:15:34",2021-11-02T03:18:41Z,GEHA Field at Arrowhead Stadium,"Temp: 39° F, Humidity: 86%, Wind: Northeast 3 mph",c59968af-b37c-11eb-ba8a-ecb6fe06b3b0,0,0.0,PASS,0.0,,,,21.0,Turnover on downs,2021-11-02T03:17:57Z,4.0,0:42,0.0,0.0,0.0,4.0,4.0,0.0,KICKOFF,DOWNS,01:07,00:25,NYG 25,NYG 20,4348.0,4433.0,17,20,Home,3,37,10.5,53.0,0,outdoors,grass ,39.0,4.0,Andy Reid,Joe Judge,KAN00,GEHA Field at Arrowhead Stadium,0.0,0.0,D.Jones,8.0,,,E.Engram,88.0,1.0,0.0,0.0,0.0,1.0,00-0035710,,00-0033881,D.Jones,8.0,00-0035710,E.Engram,00-0033881,E.Engram,00-0033881,1.0,1.0,-0.15846632,0.28359142,5.482097,4.0,0.45788887,0.2293273,0.97392714,2.607286,2021_08_NYG_KC,NYG,SHOTGUN,"1 RB, 1 TE, 3 WR",5.0,"4 DL, 1 LB, 6 DB",4.0,43425;37090;52546;44835;46757;47846;42406;52585;53449;43338;46090;47789;43695;47984;40017;47954;46103;46521;52507;52573;41502;43326,00-0032972;00-0027955;00-0033881;00-0036913;00-0034762;00-0035710;00-0032575;00-0035535;00-0034346;00-0036392;00-0036254,00-0036374;00-0034573;00-0035625;00-0032210;00-0036378;00-0032387;00-0035147;00-0030459;00-0034296;00-0030665;00-0032762,11.0,11.0,2.03,3.703,True,CROSS,ZONE_COVERAGE,COVER_2,,,,,,,6.0
4392.0,2021_08_NYG_KC,2021110100,KC,NYG,REG,8,NYG,away,KC,NYG,72.0,2021-11-01,61.0,61.0,61.0,Half2,0.0,21.0,0.0,4.0,2.0,0,01:01,NYG 28,7.0,-10.0,"(1:01) (No Huddle, Shotgun) 8-D.Jones sacked at NYG 20 for -8 yards (95-C.Jones).",pass,-8.0,1.0,1.0,1.0,0.0,0.0,0.0,,,,,,,,,,,2.0,0.0,0.0,,,,,0.0,2.0,20.0,17.0,17.0,20.0,-3.0,17.0,20.0,-3.0,0.7981817,0.025704274,0.0009149622,0.023637837,0.089456625,0.0004056461,0.06169895,0.0,0.0,0.45666623,-0.48161545,2.3336985,-2.3336985,5.468604,-5.468604,-4.449941,4.449941,,,0.0,0.0,-6.1478515,6.1478515,8.135045,-8.135045,12.614048,-12.614048,-16.67877,16.67877,0.22331949,0.7766805,0.7766805,0.22331949,-0.1071758,-0.07655337,0.07655337,0.8838563,0.11614369,0.14235675,0.85764325,0.16697663,-0.16697663,0.09408848,-0.09408848,,,0.0,0.0,-0.14013642,0.14013642,0.34515598,-0.34515598,-0.14013642,0.14013642,0.21189062,-0.21189062,0.0,0.0,0.0,0.0,0.0,0.0,0.0,0.0,0.0,0.0,0.0,0.0,0.0,0.0,0.0,0.0,0.0,0.0,0.0,0.0,0.0,0.0,0.0,0.0,1.0,0.0,0.0,0.0,0.0,0.0,0.0,1.0,0.0,1.0,1.0,0.0,0.0,0.0,0.0,0.0,0.0,0.0,0.0,0.0,0.0,0.0,0.0,0.0,0.0,0.0,0.0,00-0035710,D.Jones,,,,,,,,,,,,,,,,,,,,,,,,,,,,,,,,,,,,00-0032762,C.Jones,,,00-0032762,C.Jones,,,,,,,,,KC,,00-0032762,,C.Jones,,,,,,,,,,,,,,0.0,,,,,,,,,,,,,,,,,,,,,,,,,00-0032762,C.Jones,,,,,,0.0,,,,,0.0,,,0.0,0.0,0.0,0.0,,,2021,,,63.0,0.0,Turnover on downs,4392.0,"11/1/21, 20:15:34",2021-11-02T03:19:18Z,GEHA Field at Arrowhead Stadium,"Temp: 39° F, Humidity: 86%, Wind: Northeast 3 mph",c59968af-b37c-11eb-ba8a-ecb6fe06b3b0,0,0.0,SACK,0.0,,,,21.0,Turnover on downs,2021-11-02T03:17:57Z,4.0,0:42,0.0,0.0,0.0,4.0,4.0,0.0,KICKOFF,DOWNS,01:07,00:25,NYG 25,NYG 20,4348.0,4433.0,17,20,Home,3,37,10.5,53.0,0,outdoors,grass ,39.0,4.0,Andy Reid,Joe Judge,KAN00,GEHA Field at Arrowhead Stadium,0.0,0.0,D.Jones,8.0,,,,,1.0,0.0,0.0,0.0,1.0,00-0035710,,,D.Jones,8.0,00-0035710,,,,,0.0,1.0,-0.48161545,,,,,,0.9787674,2.1232605,2021_08_NYG_KC,NYG,SHOTGUN,"1 RB, 1 TE, 3 WR",6.0,"4 DL, 1 LB, 6 DB",4.0,43425;37090;52546;44835;46757;47846;42406;52585;53449;46090;43338;47789;43695;47984;40017;47954;46103;46521;52507;52573;41502;43326,00-0032972;00-0027955;00-0033881;00-0036913;00-0034762;00-0035710;00-0032575;00-0035535;00-0034346;00-0036392;00-0036254,00-0036374;00-0034573;00-0035625;00-0032210;00-0036378;00-0032387;00-0035147;00-0030459;00-0034296;00-0030665;00-0032762,11.0,11.0,,,,,,,,,,,,,22.0
4411.0,2021_08_NYG_KC,2021110100,KC,NYG,REG,8,NYG,away,KC,NYG,80.0,2021-11-01,39.0,39.0,39.0,Half2,0.0,21.0,0.0,4.0,3.0,0,00:39,NYG 20,15.0,-10.0,"(:39) (No Huddle, Shotgun) 8-D.Jones pass incomplete short right to 88-E.Engram.",pass,0.0,1.0,1.0,1.0,0.0,0.0,0.0,short,right,1.0,,,,,,,,2.0,0.0,0.0,,,,,0.0,2.0,20.0,17.0,17.0,20.0,-3.0,17.0,20.0,-3.0,0.8787716,0.04208448,0.0015112265,0.01846527,0.044821,0.00026090108,0.014085536,0.0,0.0,-0.024949225,-0.14280885,2.4765074,-2.4765074,5.468604,-5.468604,-4.3071322,4.3071322,-0.10359206,-0.039216794,0.0,0.0,-6.1478515,6.1478515,8.135045,-8.135045,12.71764,-12.71764,-16.639553,16.639553,0.11614369,0.8838563,0.8838563,0.11614369,-0.042805314,-0.020485673,0.020485673,0.9266616,0.073338374,0.065803386,0.9341966,0.16697663,-0.16697663,0.1368938,-0.1368938,0.0,-0.042805314,0.0,0.0,-0.14013642,0.14013642,0.34515598,-0.34515598,-0.14013642,0.14013642,0.25469595,-0.25469595,0.0,0.0,0.0,0.0,0.0,1.0,0.0,0.0,1.0,0.0,0.0,0.0,0.0,0.0,0.0,0.0,0.0,0.0,0.0,0.0,0.0,0.0,0.0,0.0,0.0,0.0,0.0,0.0,0.0,0.0,0.0,0.0,0.0,1.0,0.0,0.0,0.0,0.0,0.0,0.0,0.0,0.0,0.0,0.0,0.0,0.0,0.0,0.0,0.0,0.0,0.0,00-0035710,D.Jones,,00-0033881,E.Engram,,,,,,,,,,,,,,,,,,,,,,,,,,,,,,,,,,,,,,,,,,,,,,,,,,,,,,,,,,,,,,,,,0.0,,,,,,,,,,,,,,,,,,,,,,,,,,,,,,,,0.0,,,,,0.0,,,0.0,0.0,0.0,0.0,,,2021,0.83551854,-83.55186,63.0,0.0,Turnover on downs,4411.0,"11/1/21, 20:15:34",2021-11-02T03:19:40Z,GEHA Field at Arrowhead Stadium,"Temp: 39° F, Humidity: 86%, Wind: Northeast 3 mph",c59968af-b37c-11eb-ba8a-ecb6fe06b3b0,0,0.0,PASS,0.0,,,,21.0,Turnover on downs,2021-11-02T03:17:57Z,4.0,0:42,0.0,0.0,0.0,4.0,4.0,0.0,KICKOFF,DOWNS,01:07,00:25,NYG 25,NYG 20,4348.0,4433.0,17,20,Home,3,37,10.5,53.0,0,outdoors,grass ,39.0,4.0,Andy Reid,Joe Judge,KAN00,GEHA Field at Arrowhead Stadium,0.0,0.0,D.Jones,8.0,,,E.Engram,88.0,1.0,0.0,0.0,0.0,1.0,00-0035710,,00-0033881,D.Jones,8.0,00-0035710,E.Engram,00-0033881,E.Engram,00-0033881,0.0,1.0,-0.14280885,0.16371743,6.9662876,6.0,0.2953766,0.09319146,0.98487574,1.5124261,2021_08_NYG_KC,NYG,SHOTGUN,"1 RB, 1 TE, 3 WR",5.0,"4 DL, 1 LB, 6 DB",5.0,43425;37090;52546;44835;46757;47846;42406;52585;53449;46090;43338;47789;43695;47984;40017;47954;46103;46521;52507;52573;41502;43326,00-0032972;00-0027955;00-0033881;00-0036913;00-0034762;00-0035710;00-0032575;00-0035535;00-0034346;00-0036392;00-0036254,00-0036374;00-0034573;00-0035625;00-0032210;00-0036378;00-0032387;00-0035147;00-0030459;00-0034296;00-0030665;00-0032762,11.0,11.0,1.7,2.569,True,FLAT,ZONE_COVERAGE,COVER_2,,,,,,,4.0
4433.0,2021_08_NYG_KC,2021110100,KC,NYG,REG,8,NYG,away,KC,NYG,80.0,2021-11-01,35.0,35.0,35.0,Half2,0.0,21.0,0.0,4.0,4.0,0,00:35,NYG 20,15.0,-10.0,"(:35) (Shotgun) 8-D.Jones sacked at NYG 14 for -6 yards (55-F.Clark). FUMBLES (55-F.Clark) [55-F.Clark], recovered by NYG-69-B.Price at NYG 15.",pass,-5.0,1.0,0.0,1.0,0.0,0.0,0.0,,,,,,,,,,,2.0,0.0,0.0,,,,,0.0,2.0,20.0,17.0,17.0,20.0,-3.0,17.0,20.0,-3.0,0.8950752,0.059794094,0.001981051,0.014729771,0.019704672,0.0002851909,0.008430043,0.0,0.0,-0.16775808,-3.0569348,5.5334425,-5.5334425,5.468604,-5.468604,-1.2501975,1.2501975,,,0.0,0.0,-6.1478515,6.1478515,8.135045,-8.135045,12.71764,-12.71764,-16.639553,16.639553,0.073338374,0.9266616,0.9266616,0.073338374,-0.056086108,-0.03911913,0.03911913,0.98274773,0.017252266,0.045317713,0.9546823,0.16697663,-0.16697663,0.1929799,-0.1929799,,,0.0,0.0,-0.14013642,0.14013642,0.34515598,-0.34515598,-0.14013642,0.14013642,0.25469595,-0.25469595,0.0,0.0,0.0,0.0,0.0,0.0,0.0,1.0,0.0,0.0,0.0,0.0,0.0,0.0,0.0,0.0,0.0,0.0,0.0,0.0,0.0,1.0,0.0,0.0,1.0,0.0,0.0,0.0,0.0,0.0,0.0,1.0,0.0,1.0,1.0,0.0,0.0,0.0,0.0,0.0,0.0,0.0,0.0,0.0,1.0,0.0,0.0,0.0,0.0,0.0,0.0,00-0035710,D.Jones,,,,,,,,,,,,,,,,,,,,,,,,,,,,,,,,,,,,,,,,00-0032210,F.Clark,,,KC,00-0032210,F.Clark,,,,KC,,00-0032210,,F.Clark,,,,,,,,,,,,,,0.0,,,,,,,,,,,NYG,00-0035710,D.Jones,,,,NYG,0.0,00-0034762,B.Price,,,,,00-0032210,F.Clark,,,,,,0.0,,,,,0.0,,,0.0,0.0,0.0,0.0,,,2021,,,63.0,0.0,Turnover on downs,4433.0,"11/1/21, 20:15:34",2021-11-02T03:20:22Z,GEHA Field at Arrowhead Stadium,"Temp: 39° F, Humidity: 86%, Wind: Northeast 3 mph",c59968af-b37c-11eb-ba8a-ecb6fe06b3b0,0,0.0,SACK,0.0,,,,21.0,Turnover on downs,2021-11-02T03:17:57Z,4.0,0:42,0.0,0.0,0.0,4.0,4.0,0.0,KICKOFF,DOWNS,01:07,00:25,NYG 25,NYG 20,4348.0,4433.0,17,20,Home,3,37,10.5,53.0,0,outdoors,grass ,39.0,4.0,Andy Reid,Joe Judge,KAN00,GEHA Field at Arrowhead Stadium,0.0,0.0,D.Jones,8.0,,,,,1.0,0.0,0.0,0.0,1.0,00-0035710,,,D.Jones,8.0,00-0035710,,,,,0.0,1.0,-3.0569348,,,,,,0.995216,0.4783988,2021_08_NYG_KC,NYG,SHOTGUN,"1 RB, 1 TE, 3 WR",6.0,"4 DL, 1 LB, 6 DB",4.0,43425;37090;52546;44835;46757;47846;42406;52585;53449;46090;43338;47789;43695;47984;40017;47954;46103;46521;52507;52573;41502;43326,00-0032972;00-0027955;00-0033881;00-0036913;00-0034762;00-0035710;00-0032575;00-0035535;00-0034346;00-0036392;00-0036254,00-0036374;00-0034573;00-0035625;00-0032210;00-0036378;00-0032387;00-0035147;00-0030459;00-0034296;00-0030665;00-0032762,11.0,11.0,,,,,,,,,,,,,10.0
4469.0,2021_08_NYG_KC,2021110100,KC,NYG,REG,8,KC,home,NYG,NYG,15.0,2021-11-01,25.0,25.0,25.0,Half2,0.0,22.0,0.0,4.0,1.0,0,00:25,NYG 15,10.0,-1.0,(:25) 15-P.Mahomes kneels to NYG 16 for -1 yards.,qb_kneel,-1.0,0.0,0.0,0.0,1.0,0.0,0.0,,,,,,,,,,,2.0,0.0,0.0,,,,,2.0,0.0,20.0,17.0,20.0,17.0,3.0,20.0,17.0,3.0,0.27373704,0.0022678645,0.00025579805,0.003993505,0.44395754,0.00048553236,0.2753027,0.0,0.0,3.2246928,-3.2246928,2.3087494,-2.3087494,5.468604,-5.468604,-1.2501975,1.2501975,,,0.0,0.0,-6.1478515,6.1478515,8.135045,-8.135045,12.71764,-12.71764,-16.639553,16.639553,0.98274773,0.017252266,0.98274773,0.017252266,,,0.006198585,,,0.9938014,0.9938014,0.16697663,-0.16697663,0.1929799,-0.1929799,,,0.0,0.0,-0.14013642,0.14013642,0.34515598,-0.34515598,-0.14013642,0.14013642,0.25469595,-0.25469595,0.0,0.0,0.0,0.0,0.0,0.0,0.0,0.0,0.0,0.0,0.0,0.0,0.0,0.0,0.0,0.0,0.0,0.0,0.0,0.0,0.0,0.0,0.0,0.0,0.0,0.0,0.0,0.0,0.0,0.0,0.0,0.0,1.0,0.0,0.0,0.0,0.0,0.0,0.0,0.0,0.0,0.0,0.0,0.0,0.0,0.0,0.0,0.0,0.0,0.0,0.0,,,,,,,00-0033873,P.Mahomes,-1.0,,,,,,,,,,,,,,,,,,,,,,,,,,,,,,,,,,,,,,,,,,,,,,,,,,,,,,,,,,,,,0.0,,,,,,,,,,,,,,,,,,,,,,,,,,,,,,,,0.0,,,,,0.0,,,0.0,0.0,0.0,0.0,,,2021,,,64.0,0.0,QB kneel,4469.0,"11/1/21, 20:15:34",2021-11-02T03:21:20Z,GEHA Field at Arrowhead Stadium,"Temp: 39° F, Humidity: 86%, Wind: Northeast 3 mph",c59968af-b37c-11eb-ba8a-ecb6fe06b3b0,0,0.0,RUSH,0.0,,,,22.0,End of half,2021-11-02T03:21:20Z,1.0,0:25,0.0,1.0,0.0,4.0,4.0,0.0,DOWNS,END_GAME,00:25,00:00,NYG 15,NYG 15,4469.0,4490.0,17,20,Home,3,37,10.5,53.0,0,outdoors,grass ,39.0,4.0,Andy Reid,Joe Judge,KAN00,GEHA Field at Arrowhead Stadium,0.0,0.0,,,P.Mahomes,,,,0.0,0.0,0.0,0.0,0.0,,00-0033873,,P.Mahomes,,00-0033873,P.Mahomes,00-0033873,P.Mahomes,00-0033873,0.0,1.0,-3.2246928,,,,,,,,2021_08_NYG_KC,KC,,"2 RB, 2 TE, 1 WR",8.0,"3 DL, 4 LB, 4 DB",,43330;43332;43367;53479;46152;41325;42349;53645;42511;53492;44822;43351;52663;53591;53655;47800;52504;45369;52444;42460;44830;40031,00-0032391;00-0034752;00-0031376;00-0031595;00-0036623;00-0033873;00-0036637;00-0036660;00-0036367;00-0033481;00-0032062,00-0033058;00-0032763;00-0036552;00-0031933;00-0036845;00-0032890;00-0036167;00-0035683;00-0036388;00-0033878;00-0030411,11.0,11.0,,,,,,,,,,,,,25.0
4490.0,2021_08_NYG_KC,2021110100,KC,NYG,REG,8,KC,home,NYG,,,2021-11-01,0.0,0.0,0.0,Half2,0.0,22.0,0.0,4.0,,0,00:00,,0.0,-1.0,END GAME,,,0.0,0.0,,0.0,0.0,0.0,,,,,,,,,,,2.0,0.0,,,,,,2.0,0.0,20.0,17.0,20.0,17.0,3.0,20.0,17.0,3.0,0.0,0.0,0.0,0.0,0.0,0.0,0.0,0.0,0.0,,,2.3087494,-2.3087494,5.468604,-5.468604,-1.2501975,1.2501975,,,,,-6.1478515,6.1478515,8.135045,-8.135045,12.71764,-12.71764,-16.639553,16.639553,,,1.0,0.0,,,,,,,1.0,0.16697663,-0.16697663,0.1929799,-0.1929799,,,,,-0.14013642,0.14013642,0.34515598,-0.34515598,-0.14013642,0.14013642,0.25469595,-0.25469595,,,,,,,,,,0.0,,,,,,,,,,,,,,,,,,,,,,,,,,,,,,,,,,,,,,,,,,,,,,,,,,,,,,,,,,,,,,,,,,,,,,,,,,,,,,,,,,,,,,,,,,,,,,,,,,,,,,,,,,,,,,,,,,,,,,,,,,,,,,,,,,,,,,,,,,,,,,,,,,,,0.0,,,,,,,,,2021,,,64.0,0.0,QB kneel,4490.0,"11/1/21, 20:15:34",,GEHA Field at Arrowhead Stadium,"Temp: 39° F, Humidity: 86%, Wind: Northeast 3 mph",c59968af-b37c-11eb-ba8a-ecb6fe06b3b0,0,0.0,END_GAME,0.0,,,,22.0,End of half,2021-11-02T03:21:20Z,1.0,0:25,0.0,1.0,0.0,4.0,4.0,0.0,DOWNS,END_GAME,00:25,00:00,NYG 15,NYG 15,4469.0,4490.0,17,20,Home,3,37,10.5,53.0,0,outdoors,grass ,39.0,4.0,Andy Reid,Joe Judge,KAN00,GEHA Field at Arrowhead Stadium,0.0,,,,,,,,0.0,0.0,,0.0,0.0,,,,,,,,,,,0.0,1.0,,,,,,,,,2021_08_NYG_KC,,,,,,,,,,0.0,0.0,,,,,,,,,,,,,
